"uuid";"code";"title";"description";"active"
"000fca67-8e22-42ff-bd03-51a519647039";"15.21.03";"Bistand til særlige aktiviteter";"Emnet dækker sager om bistand til særlige aktiviteter.";1
"0017a1ae-4bd0-4378-b62f-cc3af28a66fa";"54.30.04";"Pædagogisk råd, gymnasier";"Ingen beskrivelse";1
"003220c1-61eb-11ea-8984-0050c2490048";"04.14.30";"Trætophytter";"Emnet dækker sager om ansøgning og tilladelse til etablering af trætophytter.

Henvisning til andre relevante emner:


    
        Sager om lokalplaner i forbindelse med trætophytter, journaliseres under emnenr. 01.02.05";1
"00326c8f-9bce-4546-847b-8c80115cf33b";"81.27.01";"Ferier, personale";"Ingen beskrivelse";1
"0046b481-c51d-4fbf-b843-9396303b8fe6";"01.13.23";"Skovrejsning";"Emnet dækker sager om skovrejsning. Fx sager om:


    
        Anmeldelse om skovrejsning og skovetablering til kommunalbestyrelsen
        Dispensation til skovrejsning – tilføjes facet P25. Hvis landbrugsjorden er beliggende i et område, hvor skovtilplantning er uønsket ifølge regionplanen, kan kommunen i særlige tilfælde give dispensation til skovrejsning.
        
    


Drift af kommunens skove, herunder nyanlæg journaliseres i gruppe 04.10.";1
"0059bd11-f9da-11eb-8189-0050c2490048";"32.36.10";"Hjemrejsebistand";"Emnet dækker bl.a. sager om:


    
        Hjemrejsebistand
        Udbetaling Danmark forestår udbetalingen";1
"00756f75-638c-4152-95bb-e62bed6ee044";"15.01.12";"Arbejdsfordeling, supplerende dagpenge";"Emnet dækker bl.a. sager om arbejdsfordeling, fx:


    
        virksomheders anmeldelse af arbejdsfordelingen til kommunen
        virksomheders ansøgninger om arbejdsfordelingen ved arbejdsfordeling over 13 uger";1
"0091be96-ba5c-4ab2-879c-4d3f8fe737dd";"03.10.20";"Boligorganisationers bestyrelse";"Emnet er til sager, hvor kommunalbestyrelsen udpeger en kommunal repræsentant i en boligforening.
        Der er ikke tale om en valghandling, hvorfor sagen journaliseres med handlingsfacetten A30.
        Drejer sagen sig derimod om hvem der er valgt til boligforeningens bestyrelse, bruges i stedet facet A08.";1
"0094fe90-5674-46b8-bf58-e698adbd4497";"01.01.01";"Landsplanlægning";"Ingen beskrivelse";1
"0095665f-3685-498b-8ba7-2339d05a5bda";"85.15.02";"It-og cybersikkerhed og sikkerhedsforanstaltninger";"Emnet dækker bl.a. sager om:


    
        Sikkerhedsforanstaltninger ift. it-systemer, herunder foranstaltninger som led i NIS2
        Sikkerhedskontrol ift. it-systemer
        Regulativer, sikkerhedsregler og politikker vedr. it-sikkerhed
        Tilslutning til Center for Cybersikkerheds netsikkerhedstjeneste
        Underretning af relevante myndigheder om it-sikkerhedshændelser
        
    


Henvisning til relevante facetter:


    
        Sager om procedurer vedr. it-sikkerhed, herunder NIS2, tilføjes facet A26
        Sager om politikker for it-sikkerhed, herunder NIS2, tilføjes facet P22
        
    


Henvisning til andre emner:


    
        Sager om it-kriminalitet, se emnenr. 85.15.05
        Sager om it-driftssikkerhed, se emnenr. 85.15.04";1
"00c53dde-70a5-44f9-8868-382ef9c7b8a8";"13.07.01";"Beboelseslejligheder, udleje";"Emnet dækker sager om udlejning af kommunens beboelseslejligheder efter kommunalfuldmagten.
        Udlejning af boliger til flygtninge efter integrationsloven, se emnenr. 03.25.15";1
"00c62c89-1d5b-43a8-be4e-e21b39b0d9bd";"83.12.01";"Anskaffelse af flydende materiel";"Ingen beskrivelse";1
"00d26521-1008-4b18-976e-f63d30660319";"27.69.24";"Oplysningspligt, samtykke m.v., retssikkerhed";"Emnet dækker bl.a. sager om:


    
        Kommunens oplysningspligt efter §§ 10-14 i retssikkerhedsloven.
        Samtykke til indhentning af personoplysninger.
        Samtykke til videregivelse af personoplysninger.
        Indhentning og videregivelse af oplysninger, udlændinge.
        
    


Ofte vil et samtykke til indhentning af oplysninger ligge som en del af en konkret sag, fx ydelsessag. Det er således et valg om der oprettes selvstændig sag angående samtykke.";1
"01000081-ed0a-4daf-831f-b4beab83669f";"05.14.10";"Kunst - genstande på vejareal";"Ingen beskrivelse";1
"010a9e76-aed2-4e01-8d71-3408d3e1aea1";"21.01.16";"Fornyelse af udlån - biblioteker";"Emnet dækker bl.a. sager vedrørende retningslinjer for fornyelse af allerede udlånte bøger.
        Fx i hvilket omfang kan det lade sig gøre, hvor længe kan lånes igen osv.";1
"01303116-b6e1-4a90-a9d7-28f81311604a";"87.01.00";"Arbejdsmiljøorganisation i almindelighed";"Ingen beskrivelse";1
"0146dd64-3c07-446e-ab69-788ae3984720";"06.01.05";"Private spildevandsanlæg";"Der er oprettet en række nye emner (feb 2017) i gruppe 06.01 til myndighedsopgaverne ifm. private spildevandsanlæg, herunder opgaver der har ligget under dette emne. 
        06.01.05 opretholdes foreløbigt af hensyn til eksisterende sager.";1
"01ba31b6-3921-4005-bce3-2cc3f9a6a8fd";"83.04";"Produktionsanlæg";"Ingen beskrivelse";1
"01d27bf8-d5f9-44f7-913e-a4b6d3e00481";"09.08.07";"Værditabsordning for boligejere mv., jordforurening";"Emnet dækker sager vedr. værditabsordning for boligejere vedjordforurening. Fx sager om:


    
        Regionsrådets underretning af kommunalbestyrelsen i forbindelse med afgørelse om ejendommen er omfattet af værditabsordningen
        Regionsrådets overdragelse af ejendomme til kommunalbestyrelsen i forbindelse med værditabsordningen";1
"01d7e04e-06c8-4d53-b1c5-305f4db039f5";"20.15.00";"Festivaler og events mv. i almindelighed";"Emnet dækker bl.a. sager om arrangementer i forbindelse med festivaler, festuger, byfester, markeder mv.
        
    


Henvisning til andre relevante emner:


    
        Tilladelser til råden over vejareal i forbindelse med private eller delvist private udendørsarrangementer, events, markeder, o.lign. se 05.14.05";1
"0208fee6-21e9-46e1-9a1e-04df15b08578";"29.30.12";"Overenskomster m.v. - samarbejde på sundhedsområdet";"Ingen beskrivelse";1
"0220e032-22b0-47cc-8578-014387a06d90";"88.12.20";"Udbud af projektkonkurrence";"Ingen beskrivelse";1
"0223c8ac-2db7-49f0-8407-6ee2415b246f";"08.10";"Sikring af havnefaciliteter";"Ingen beskrivelse";1
"0279fc51-bd39-11eb-8f8d-0050c2490048";"09.17.58";"Undtagelse fra krav i husdyrbrugloven 16a-b";"Emnet dækker bl.a. sager om:


    
        undtagelse af husdyrbrug fra krav om godkendelse og tilladelse, jf. husdyrgodkendelsesbekendtgørelsen § 7
        anmeldelse af husdyrbrug, som er undtaget fra krav om godkendelse og tilladelse
        konkrete sager om anmeldelser tilføjes facet G01";1
"029095a1-85a6-4768-8be1-119cae9cc569";"03.09.28";"Skatter og afgifter, lejeforhold mv. i private boliger";"Emnet dækker bl.a. sager om:


    
        Skatter og afgifter
        Skatter og afgifter – nedsættelse
        Trappelejeregulering
        Afgørelser om aftrapning af rentesikring
        
    


Henvisning til relevante facetter:


    
        Konkrete sager om tvister tilføjes G01
        
    


Tidligere lovreference:


    
        Lejeloven § 50-52 (LBK 2019-09-04 nr. 927)
        Lejeloven § 53, stk. 2 (LBK 2019-09-04 nr. 927)
        Lejeloven § 106, stk. 1, nr. 1 (LBK 2019-09-04 nr. 927)";1
"02acbc3d-cdad-45c9-b368-2a2837a68842";"85.02";"Grundlaget for den administrative tilrettelæggelse";"Gruppe 85.02 indeholder primært principperne bag de administrative systemer og den administrative tilrettelæggelse. Sager om de konkrete IT systemer placeres i gruppe 85.11.";1
"02b51406-80ea-4761-b870-7dfce72f2f00";"17.02.11";"Fagfordeling";"Ingen beskrivelse";1
"02b69ce7-c567-42b1-bdee-a3ca82aa0a01";"17.15.03";"Supplerende undervisning i dansk som andetsprog, tosprogede elever";"Emnet dækker bl.a. sager om:


    
        Supplerende undervisning i dansk som andetsprog til tosprogede elever, som er i stand til at deltage i den almindelige undervisning i klassen, gives der supplerende undervisning i dansk som andetsprog efter bekendtgørelsens § 3.
        Tilrettelæggelse af undervisningen
        
    


Henvisning til andre relevante emner:


    
        Sager om visitation og afdækning af sproglige kompetencer mv, se emnenr. 17.15.12";1
"02bccdfa-648f-486b-bb25-0c0e200927dd";"85.15.15";"Aftalespecifikation og datakørsler";"Emnet dækker bl.a. sager om:


    
        aftaler om tilslutning af it-systemer
        aftaler om datakørsler
        rapporter om datakørsel";1
"02bfc342-0e40-49bb-b0f1-654311b93909";"83.15.02";"Arkitekter";"Emnet dækker bl.a. sager om køb af serviceydelser fra arkitekter.

Emnet anvendes til sager, hvor det faglige genstandsfelt/emne for arkitekternes serviceydelser ikke er kendt eller fastlagt, og hvor man derfor ikke kan vælge et fagligt specifikt KLE-emne til sagen.";1
"02cf8d94-5fff-4e71-8eb8-fd9dc8c5598d";"82.13.10";"Teknisk sikring af kommunale ejendomme (brandforhold mv.)";"Emnet er til teknisk sikring af kommunale ejendomme. Fx brandteknisk eftersyn (sikring), hvor kommunen ikke optræder som brandmyndighed.
        Eftersyn kan kombineres med facet P30.
        Brandteknisk tilsyn udført af kommunen som brandmyndighed, se gruppe 02.05.";1
"02f4a1a4-6c7c-4dbf-b421-7cb04f326527";"81.30.00";"Tjenestefrihed og orlov i almindelighed";"Ingen beskrivelse";1
"030afb37-2dce-41a0-a879-ef56e9a21293";"07.16.00";"Affaldsklassificering i almindelighed";"Gruppen inddeler affaldsklassificering i hhv. klassificering af affald og affaldsklassificering af skibe. Sager af mere generel karakter kan journaliseres på ""i almindelighed-emnet"" her.

Miljøstyrelsen har overtaget klassificeringskompetencen fra kommunerne d. 1. januar 2025.";1
"030bfff1-02a2-4cd3-a917-ffd91f568883";"81.45";"Seminarer";"Ingen beskrivelse";1
"03177680-0efb-4b54-a01a-cbcf507b78e3";"88.20.12";"SKI indkøbsaftaler";"Emnet dækker sager, hvor kommunen indgår forpligtende SKI aftaler (garanti for mængde og pris), samt de sager hvor kommunen i øvrigt direkte tildeler SKI sine indkøb via de almindelige SKI aftaler.
        De produkter som er omfattet af SKI aftaler, er lagt ind i KLE på de emneområder hvor produkterne er relevante.";1
"032c9860-351d-427f-b037-3606ce330c88";"21.00.07";"Katalogiseringssystemer og -principper";"Under dette nummer journaliseres sager om bibliotekernes katalogiseringssystemer mv., der i henhold til § 7 i lov om biblioteksvirksomhed skal være samme systemer for folke- og skolebiblioteksområderne.";1
"03362222-1cc4-473e-bfe8-7db49e74b9d8";"81.38.03";"Centraludvalg";"Ingen beskrivelse";1
"033c5eb3-0090-440f-884d-75e423b9486c";"29.15.16";"Specialtandpleje";"Her journaliseres sager om specialiserede tandplejetilbud til personer, der på grund af sindslidelser eller psykisk udviklingshæmning ikke kan udnytte de almindelige tandplejetilbud i børne- og ungdomstandplejen, voksentandplejen eller i omsorgstandplejen.
        Tilbuddene kan enten være drevet af kommunalbestyrelsen eller regionsrådet.";1
"03433a15-145a-4ffe-b7b3-9f83654dec87";"14.01.08";"Teknisk udbedring af skader, redningsberedskab";"Ingen beskrivelse";1
"0374f633-0546-11e6-baf5-0050c2490048";"00.15.20";"Tværgående ledelsesinformation";"Emnet dækker bl.a. sager om behandling af data / nøgletal / statistik og efterfølgende rapportering (ledelsesinformation). Med tværgående forstås her, på tværs af flere opgaveområder/hovedgrupper.
        Til udarbejdelse af ledelsesinformation på områder, der er dækket af specifikke KLE emner, anvendes facet P05 kombineret med relevante emne.
        Konkrete sager om tværgående ledelsesinformation kan tilføjes facet G01.";1
"037987f8-f2f0-49d4-b88e-b13a3daafe34";"14.20.02";"Tekniske anlæg, beredskab";"Ingen beskrivelse";1
"03d9f68c-6cfc-4f2b-9f06-5f8f70c577a6";"17.02.09";"Indholdet i undervisningen";"Emnet dækker sager om:


    
        valg og tilrettelæggelse af indholdet i undervisningen
        herunder obligatoriske fag, valgfag, tilbudsfag, andre undervisningsaktiviteter og obligatoriske/valgte emner
        
    


Sager om brobygningsforløb og ulønnet praktik journaliseres på relevant emne i gruppe 17.27.


    
        Sager om understøttende undervisning, se emnenr. 17.02.18.
        Sager om lektiehjælp og faglig fordybelse, se emnenr. 17.02.16.";1
"03ee9e50-70fb-4faa-b8fa-8624a8678f7e";"01.03.03";"Udstykning, bebyggelse eller ændret anvendelse i landzone";"Emnet dækker bl.a. sager om:


    
        Planlovens § 35, hvorefter der i landzoner ikke uden tilladelse fra kommunalbestyrelsen må foretages udstykning, opføres ny bebyggelse eller ske ændring i anvendelsen af bestående bebyggelse og ubebyggede arealer.
        Landzoneadministration
        
    


Emnet dækker ligeledes:


    
        Kommunalbestyrelsens ansøgning til ministeriet om tilladelser til planlægning og meddelelse af landzonetilladelser";1
"03ef431f-8bb2-4313-8772-50afe2fc7718";"09.05.00";"Beskyttelse af havmiljøet i almindelighed";"Ingen beskrivelse";1
"04062a02-848d-492f-a50c-54faa0e38502";"01.05.13";"Naturovervågning";"Ingen beskrivelse";1
"0431e3f6-e92a-11ef-b02d-0050c2490048";"03.22.20";"Lokalplejehjem";"Emnet dækker bl.a. sager om:


    
        etablering af lokalplejehjem (§ 3)
        tilsyn med det kommunale aktieselskab
        retningslinjer for det kommunale aktieselskabs opgavevaretagelse (§11)
        takster og afregning mellem det kommunale aktieselskab og kommunalbestyrelsen
        
    


Henvisning til relevante facetter:


    
        vedtægter, se facet P24
        kommunens tilsyn, se facet K09
        retningslinjer, se facet P21";1
"0432ad12-6440-4833-9095-21acc312938f";"00.13.06";"Informationsvirksomhed";"Emnet dækker bl.a. sager om:


    
        Kommunens overordnede formidlings- og informationsvirksomhed
        Principper for skriftlig kommunikation
        Den indholdsmæssige opbygning af kommunens hjemmesider, organisering af internet, intranet og ekstranet
        Retningslinjer vedrørende informationspligten, der følger af offentlighedslovens § 17
        
    


Henvisning til relevante facetter:


    
        Projekter om den indholdsmæssige opbygning og planlægning af kommunens hjemmesider, herunder menustruktur, opgavefordeling og tidsplan, tilføjes facet P20.
        
    


Henvisning til andre relevante emner:


    
        Sager om indkøb af medieovervågning og presseklip, se emnenr. 83.15.20.
        Sager om kontrakter vedr. opsætning, drift og support af kommunens hjemmesider, herunder abonnementsaftaler og supportaftaler, se emnenr. 85.11.08.";1
"0451302e-b36a-4fb9-8f70-86ab978fc5b8";"03.14.04";"Godkendelse af færdigt byggeri - private ungdomsboliger";"Emnet dækker bl.a. sager om


    
        Kommunalbestyrelsens tilsyn med byggeriet indtil byggeriets ibrugtagning.
        Kommunalbestyrelsens godkendelse af det færdige byggeri, herunder at byggeriet er etableret i overensstemmelse med det i støttetilsagnet angivne.";1
"0454ac45-bf09-47b3-bc60-218f1e1fc226";"32.42.08";"Begravelseshjælp";"Udbetaling Danmark myndighedsopgave pr. 1. maj 2015.

Emnet dækker bl.a. sager om:


    
        begravelseshjælp
        bopælskommunen afholder udgifter til begravelseshjælp";1
"04bc61f5-489a-4ac6-a238-9c1f2f0a89d2";"05.12";"Opgravning, ledningsarbejder mv.";"Ingen beskrivelse";1
"04ed3fd4-642f-11e4-8282-0050c2490048";"17.27.15";"Pligt til uddannelse, beskæftigelse eller anden aktivitet";"Ingen beskrivelse";1
"04f7f4af-c6df-4a38-a955-4c98dff1e503";"17.07";"Forældrekontakt";"Gruppen er til sager om forældrekontakt.

Henvisning til andre relevante emner:


    
        MeddelelsGSbøger om elevens faglige og alsidige udvikling, se KLE 17.05.08";1
"05005c37-7b04-4260-845e-0c05559dab79";"03.12.10";"Lejerens betaling til fællesantenner mv.";"Emnet dækker bl.a. sager om lejerens betaling til fællesantenner og adgang til elektroniske kommunikationstjenester m.v.
        Konkrete afgørelser tilføjes facet G01.";1
"050f7573-2936-4d2f-a566-cdb215785a6a";"87.00.00";"Kommunens arbejdsmiljø i almindelighed";"Emnet dækker bl.a. sager, der med lige god ret kan placeres i to / flere grupper, eller går på tværs af flere grupper i hovedgruppe 87.";1
"051ed7f7-ee85-484f-b9a7-973e1484df1d";"81.30";"Tjenestefrihed og orlov";"Ingen beskrivelse";1
"0521c9a4-e0d0-460f-908c-32d3c4ed4553";"21.00";"Biblioteker";"Ingen beskrivelse";1
"0573d4bd-1042-4d21-b7b7-bd513255194f";"02.05.13";"Daginstitutioner, brandforhold";"Ingen beskrivelse";1
"0582c4f0-4aa5-41e8-bd50-9c6ed8f6140f";"01.02";"Kommuneplanlægning og lokalplanlægning";"Gruppen er til sager der administreres i henhold til planloven samt sager, der afgøres/behandles med udgangspunkt i vedtagne planer.

Planlægningssagerne kan opdeles i de enkelte planlægningsfaser ved hjælp af facetterne:


    
        Udarbejdelse af forslag: P16
        Offentliggørelse af forslag: A50
        Høring og indsigelser: K04
        De konkrete planer: P16
        Eventuelle dispensationer: P25
        
    


Konkrete sager, der afgøres på baggrund af planerne, tilføjes facet G01.";1
"05ac4bc3-e0e6-4582-b194-84a2e3e7236c";"85.11.08";"Kommunikationsnetværk (telefoni og Internet)";"Her journaliseres sager om kommunens kommunikationsnetværk, herunder sager om internet, telefoni, LAN og web-services.
        
    


Henvisning til relevante facetter:


    
        Sager om kontrakter vedr. opsætning, drift og support af kommunens hjemmesider, herunder abonnementsaftaler og supportaftaler, tilføjes facet Ø54.
        
    


Henvisning til andre relevante emner:


    
        Sager om den indholdsmæssige opbygning og planlægning af kommunens hjemmesider, herunder menustruktur, opgavefordeling og tidsplan, se emnenr. 00.13.06.";1
"05bc3aa2-4068-4868-b903-2bc656455e23";"03.00.01";"Kvotetildeling, støttet boligbyggeri";"Ingen beskrivelse";1
"05c96691-4b1a-4983-b047-6cce271259ad";"20.10.02";"Egne kulturelle arrangementer";"Ingen beskrivelse";1
"05cefa66-e45c-4682-bace-619dfb9fbe3a";"28";"Dag-, fritids- og klubtilbud";"Hovedgruppe 28 omfatter bl.a. sager, der administreres/behandles i henhold til følgende lovgivning:


    
        LBK om friskoler og private grundskoler m.v. (Friskoleloven)
        Forældreansvarsloven
        Lov om dag-, fritids- og klubtilbud m.v. til børn og unge (Dagtilbudsloven)
        BEK om dagtilbud
        BEK om fritids- og klubtilbud m.v. til børn og unge";1
"05d8929b-6de6-401a-a817-a6d76dc0d091";"28.15.04";"Forældrekontakt / -samarbejde, klubtilbud";"Ingen beskrivelse";1
"06048e28-2606-430e-937d-81694a799de4";"81.23.10";"Arbejdsmiljørådet";"Ingen beskrivelse";1
"061f845a-8904-4ffc-893b-59a5853c884f";"27.09";"Rammer for brug af private behandlings- og botilbud";"Gruppen dækker sager om rammerne for brug af private behandlings- og botilbud, fx driftsaftaler, godkendelse som generelt egnede, mv.

De konkrete tilbud, botilbud mv. til borgere, herunder visitationen hertil, journaliseres bl.a. i grupperne 27.51, 27.54 og 27.57.";1
"0638d57c-24b2-4244-9009-63dda8c630dd";"18.15";"Folkeoplysning";"Gruppen dækker sager efter folkeoplysningsloven, herunder tilskud til folkeoplysning.";1
"06425778-e91b-4872-a154-0c3bb16629f3";"09.00.08";"Miljøskade";"Emnet dækker sager om miljøskade, og undersøgelse og forebyggelse af fare for miljøskade";1
"064cac78-2b8e-4df6-99a6-ecc031ade343";"27.03.00";"Tilbud efter serviceloven i almindelighed";"Emnet dækker bl.a. sager om tilbudsportalen.
        Kommunalbestyrelsen skal give oplysninger om tilbud omfattet af § 4 til Tilbudsportalen, jf. § 14.
        Socialtilsynet skal registrere oplysninger på Tilbudsportalen og holde oplysningerne ajour. Den konkrete registrering er en del af tilsynet, og danner ikke selvstændig sag.
        Ansøgning om forsøgsgodkendelse på det sociale område.";1
"065d2096-863b-462c-8ce1-4740a4df4b67";"05.23.04";"Tv-overvågning af offentligt område";"Emnet dækker bl.a. sager om:


    
        tv-overvågning af offentlig gade, vej, plads eller lignende område
        økonomisk tilskud til etablering og drift af tv-overvågning";1
"067e4115-e38c-4bf0-b571-8392d01f57a7";"17.04.00";"Folkeskoleaktiviteter og -arrangementer i almindelighed";"Ingen beskrivelse";1
"06808940-7b7d-4817-940b-501f3c34231c";"27.42.04";"Drift af plejehjem og beskyttede boliger efter hidtil gældende regler";"Ingen beskrivelse";1
"06b162db-cabe-11ec-a2e1-0050c2490048";"27.48.06";"Kontaktpersonordning for døvblinde";"Emnet dækker sager om:


    
        Kontaktpersonordning for døvblinde
        Ansøgning om hjælp til en kontaktperson til døvblinde
        
    


Historik:


    
        Kontaktpersonordning for døvblinde blev før maj 2022 oprettet under 27.48.08";1
"06da35c8-6925-432a-92b1-0d12c6248012";"13.10";"Fællesantenneanlæg / kabel-tv";"Lbk. om radio- og fjernsynsvirksomhed";1
"06f591e8-e6eb-4313-8b12-6b2034146cd5";"21.15";"Særlige rekvirerede biblioteksydelser";"Ingen beskrivelse";1
"06f5b12e-1689-4997-a4df-a1764eb8105a";"29.12.08";"Sundhedspleje til børn i eget hjem";"Emnenummeret er til sager, der vedrører sundhedsplejerskens virksomhed i hjemmet i barnets første leveår.";1
"06f6b9bc-d63b-4648-98f7-0e580789eecf";"00.22";"Kommunalbestyrelsen, udvalg mv. - kommunens styrelse";"Gruppen er til sager om kommunens styrelse mv. efter kommunestyrelsesloven.";1
"06f802bc-1d85-4fb5-8949-f0a84deb25a0";"27.48.08";"Støtte- og kontaktperson";"Emnet dækker sager om


    
        Støtte- og kontaktperson
        Ansøgning om hjælp til en støtte- og kontaktperson
        Støtte- og kontaktpersonordning for personer med nedsat psykisk funktionsevne (sindslidelse)
        Kontakt- og støtteperson for stof- og alkoholmisbrugere og hjemløse
        
    


Henvisning til andre relevante emner:


    
        Kontaktpersonordning for døvblinde er oprettet som selvstændigt emne pr maj 2022, se emnenr. 27.48.06";1
"070cc5c5-dc07-4b2d-8d9b-d16a8f3573b6";"82.04.00";"Indretning af kommunens arbejdslokaler og arbejdspladser i almindelighed";"Emnet dækker sager om indretning af kommunens arbejdslokaler og indretning af arbejdspladser.
        Det er kun selve sagen om indretningen, der journaliseres her, mens eksempelvis indkøb af kontormøbler, inventar mv. journaliseres under emnenr. 83.03.00 og sager om arbejdsmiljø (arbejdspladsvurdering) journaliseres under emnenr. 87.05.10";1
"070f296f-e7ba-11ef-9791-0050c2490048";"27.34";"Ældrepleje";"Gruppen er til tilbud om ældrepleje primært efter ældreloven.";1
"070f296f-e7ba-11ef-9792-0050c2490048";"27.34.00";"Ældrepleje i almindelighed";"Emnet dækker bl.a. sager om:


    
        ældrepleje, der vedrører to eller flere emner i gruppen, eller ikke entydigt kan placeres under et af emnerne";1
"070f296f-e7ba-11ef-9793-0050c2490048";"27.34.10";"Tilbud om helhedspleje";"Emnet dækker bl.a. sager om:


    
        tilbud om helhedspleje i form af et sammenhængende og rummeligt pleje- og omsorgsforløb
        beslutning om, hvilke tilbud om helhedspleje i form af få, sammenhængende og rummelige pleje- og omsorgsforløb der skal kunne tilbydes efter § 10
        indsatser i pleje- og omsorgsforløb eller uden for forløb
        tildeling af robotstøvsuger
        
    


Henvisning til relevante facetter:


    
        sager efter faste regler tilføjes facet G01";1
"070f296f-e7ba-11ef-9794-0050c2490048";"27.34.15";"Generelle tilbud med aktiverende og forebyggende sigte - ældreloven";"Emnet dækker bl.a. sager om:


    
        tilskud til generelle tilbud med aktiverende og forebyggende sigte
        iværksættelse af generelle tilbud med aktiverende og forebyggende sigte
        retningslinjer for, hvilke personer der kan benytte tilbuddene
        
    


Henvisning til relevante facetter:


    
        sager efter faste regler tilføjes facet G01
        Retningslinjer tilføjes facet P21";1
"070f296f-e7ba-11ef-9795-0050c2490048";"27.34.20";"Samarbejde med frivillige sociale organisationer og foreninger på ældreområdet";"Emnet dækker bl.a. sager om:


    
        støtte til frivilligt arbejde på ældreområdet
        frivillig indsats på ældreområdet
        forsikring frivillig indsats i kommunen eller regionen på ældreområdet
        
    


Henvisning til andre relevante emner:


    
        aftalevilkår for frivillige, og ansvarsforsikring, se 81.50.05 S37
        
    


Henvisning til relevante facetter:


    
        sager efter faste regler tilføjes facet G01
        Aftaler med frivillige sociale organisationer og foreninger tilføjes facet P27
        konkrete tilskud til organisationer og foreninger tilføjes facet Ø40
        (årlige) rammer for tilskud S49
        personforsikringer tilføjes S37";1
"070f296f-e7ba-11ef-9796-0050c2490048";"27.34.25";"Afløsning og aflastning samt midlertidigt ophold";"Emnet dækker bl.a. sager om:


    
        afløsning eller aflastning til en ægtefælle eller andre nære pårørende
        tilbud om midlertidigt ophold for personer, der i en periode har særligt behov for pleje og omsorg
        beregning for egenbetaling til afløsning, aflastning samt midlertidige ophold
        
    


Henvisning til relevante facetter:


    
        sager efter faste regler tilføjes facet G01";1
"070f296f-e7ba-11ef-9797-0050c2490048";"27.34.30";"Frit valg af leverandører af helhedspleje og madlevering";"Emnet dækker bl.a. sager om:


    
        frit valg af leverandører af helhedspleje og madlevering
        fastsættelse af afregningspriser for tilbud efter §§ 10 og 13
        afslag på fritvalgsbevis
        kommunens oplysningspligt overfor leverandører af helhedspleje og madlevering vedr. kommunens samlede omkostninger og kvalitetsstandarder for ydelserne
        
    


Henvisning til relevante facetter:


    
        sager efter faste regler tilføjes facet G01
        
    


Henvisning til andre relevante emner:


    
        Madlevering og madordning efter ældrelovens § 13, se emnenr. 27.34.10";1
"07348370-bde3-4584-b718-fea50d012728";"88.20.20";"Kommunens tværnationale indkøbsaftaler (internationale)";"Ingen beskrivelse";1
"07422549-29d3-46d9-b5bc-7b66d84466ea";"88.04.12";"Begrænset licitation, bygge- og anlægsarbejder";"Ved begrænset licitation rettes opfordringen til at byde direkte og alene til dem, fra hvem tilbud ønskes.";1
"07a5ab0a-d095-46f6-acac-d7301de64f20";"29.00.04";"Sundhedscenterets opbygning";"Sager vedrørende tilvejebringelse af lokaler til brug for virksomhed, der udføres af sundhedspersoner efter overenskomst journaliseres her, i det det skal tilstræbes, at lokalerne er placeret i fysisk tilknytning til kommunens sundhedscenter eller lignende.
        Hvis der skal bygges nyt eller bygges om ifm. tilvejebringelsen, journaliseres dette i hovedgruppe 82.
        Sager om udleje af lokaler journaliseres under emnenr. 82.16.05.";1
"07d7db09-ad91-41b7-923b-d9e78f7c6174";"27.15.04";"Brugerinddragelse efter serviceloven";"Emnet dækker sager om brugerinddragelse. Kommunalbestyrelsen skal sørge for, at brugerne af tilbud efter denne lov får mulighed for at få indflydelse på tilrettelæggelsen og udnyttelsen af tilbuddene.
        Ældreråd og handicapråd, der er lovpligtige i henhold til §§ 30, § 33 og § 37a i retssikkerhedsloven, journaliseres under emnenr. 27.69.40 og emnenr. 27.69.48.
        Kommunalbestyrelsens retningslinjer for brugerindflydelse tilføjes facet P21.";1
"07ed8712-e1d7-4ad8-b3d5-d584307c573e";"81.06.00";"Jobrotation i almindelighed";"Ingen beskrivelse";1
"07f8d03b-bc50-4c03-af9f-3e7cf208a9ae";"32.21.16";"Hjælp til sygebehandling mv.";"Kommunen kan yde hjælp efter § 82 i lov om aktiv socialpolitik til udgifter til sygebehandling, medicin, tandbehandling eller lignende, hvis den pågældende ikke har økonomisk mulighed for at dække udgiften, og den ikke kan dækkes efter anden lovgivning. Hjælpen kan kun ydes, hvis behandlingen er nødvendig og helbredsmæssigt velbegrundet.
        Undtagelsesvis kan der ydes hjælp til behandling uden for det offentlige behandlingssystem.";1
"087a70ad-7754-48cc-a121-cf3ed85b8e23";"06.01.15";"Tilslutning af spildevand til spildevandsanlæg";"Emnet dækker sager om:


    
        tilladelse til tilslutning til spildevandsanlæg
        tilslutningstilladelser
        tilslutning af spildevand til spildevandsanlæg, der ikke er ejet af et spildevandsforsyningsselskab
        spildevandstilladelser
        påbud om tilslutning - tilføjes facet K08.
        
    


Henvisning til andre emner:


    
        Sager om udledning af spildevand til vandløb, søer og havet dækkes af emnenr. 06.11.01.";1
"08aed46e-16d8-4107-bab1-a25fd2ddbf53";"15.22.00";"Kompensation til handicappede i erhverv mv. i almindelighed";"Ingen beskrivelse";1
"08d2cc8b-187a-44f1-a143-3891428d5f23";"28.12.08";"Forældrebestyrelser og principper for fritidshjemmets arbejde";"Emnet dækker bl.a. sager om:


    
        oprettelse af forældrebestyrelse i fritidshjem, herunder forældrebestyrelsens vedtægter og kompetence, samt beslutning om medarbejderrepræsentanternes stemmeret.
        forældrebestyrelsens principper for fritidshjemmets arbejde.
        mødereferater fra forældrebestyrelsesmøder. Journaliseres her med facet P35, hvis der har været drøftet forskellige emner. Alternativt kan anvendes relevante emner i denne gruppe, med facet P35.";1
"08d372b7-8cb9-47bf-9fb8-791686bb9244";"85.15.03";"Brugeradgang og autorisation af brugere";"Emnet dækker bl.a. sager om:


    
        autorisation og administration af brugere ift. it-systemer, herunder adgangsstyring
        identitetssikring og verifikation af brugere ift. it-systemer
        suspendering, spærring og genaktivering af brugere ift. it-systemer
        autorisation af systembrugere samt revisorerklæring vedr. NSIS
        leders godkendelse af indhentning af elektroniske helbredsoplysninger m.v. i forbindelse med behandling af patienter (se lovref sundhedsloven § 42 a, stk. 4)
        
    


Henvisning til relevante facetter:


    
        Sager om revisorerklæringer vedr. NSIS tilføjes facet K01
        Sager om autorisation af brugere og brugeradgang tilføjes facet A21";1
"090eed6a-f298-428a-8e49-5b72639de65e";"19.02.01";"Indsamlingsvirksomhed til arkiver";"Ingen beskrivelse";1
"091d54b6-d7ae-4ada-9907-f74b2f37b32a";"84.12";"Valg til ældreråd";"Ingen beskrivelse";1
"093c69ef-5ecb-11e6-ad88-0050c2490048";"15.00.26";"Forsøg på beskæftigelsesområdet";"Emnet dækker sager om forsøg og forsøgstilladelser på beskæftigelsesområdet


    
        Typisk vil der være tale om opgaver, som ikke i øvrigt er dækket af emnerne i hovedgruppe 15
        Det anbefales i sagstitlen at præcisere det nærmere indhold af forsøget.
        
    


Henvisning til relevante facetter:


    
        Projekter tilføjes facet P20.
        Facet P08. Forsøgsordninger, er indirekte dækket af selve emnetitlen.";1
"0954d970-f87e-4f99-b193-2297e09f9f8d";"00.24.00";"Kommunale sammenslutninger, foreninger mv. i almindelighed";"Emnet dækker bl.a. sager om:


    
        Kommunernes deltagelse i kommunale foreninger, fx KL og KKR.
        Organiseringen, fx oplysninger om ændringer i deres bestyrelse/struktur, samt stiftelsesdokumenter o.l. 
        Sammenslutningernes/foreningernes vedtægter (tilføjes facet P24).
        Udpegelse af stedfortræder for borgmesteren ifm. KL's repræsentantskab jf. KL's love § 13 (tilføjes facet A30).
        Skrivelser om konkrete emner fra de pågældende sammenslutninger og foreninger journaliseres under pågældende emne med relevant facet.";1
"095ae75f-2ead-11e4-ba1d-0050c2490048";"81.50";"Frivillige i kommunale institutioner";"Gruppen dækker bl.a. sager om de frivillige i kommunens institutioner, som organiseres af kommunen og de kommunale institutioner selv, dvs. uafhængigt af frivillige foreninger.
        Kommunens samarbejde med frivillige foreninger og organisationer efter SEL § 18 journaliseres med emnenr. 27.15.12";1
"095ae75f-2ead-11e4-ba1e-0050c2490048";"81.50.00";"Frivillige i kommunale institutioner i almindelighed";"Ingen beskrivelse";1
"095ae75f-2ead-11e4-ba1f-0050c2490048";"81.50.05";"Aftalevilkår for frivillige";"Emnet dækker bl.a. sager om:


    
        kommunens indgåelse og ophævelse af samarbejdsaftaler med frivillige, herunder evt. funktionsbeskrivelser
        kommunens tilrettelæggelse af de frivilliges arbejde
        nødvendig dokumentation vedr. udførelsen af det frivillige arbejde, fx tavshedserklæringer og børneattester
        
    


Henvisning til andre relevante emner:


    
        Samarbejde med frivillige organisationer og foreninger på det sociale område, se emnenr. 27.15.12
        Samarbejde med frivillige organisationer og foreninger på ældreområdet, se emnenr. 27.34.20
        Samarbejde med frivillige organisationer og foreninger på børne- og ungeområdet, se emnenr. 34.05.20";1
"095ae75f-2ead-11e4-ba20-0050c2490048";"81.50.10";"Frivilliges udgifter";"Emnet dækker bl.a. sager om:


    
        kommunens dækning af udgifter, som frivillige har i forbindelse med deres arbejde i kommunens institutioner
        udgifter som kommunen har ifm. frivilliges arbejde, fx periodekort og forplejning.
        
    


Administration af midler til frivillige foreninger og organisationer efter SEL § 18 journaliseres under emnenr. 27.15.12";1
"095ae75f-2ead-11e4-ba21-0050c2490048";"81.50.15";"Introduktion og uddannelse af frivillige";"Emnet dækker bl.a. sager om kommunens introduktion og kompetenceudvikling af frivillige i form af fx kurser og temadage";1
"095df3be-9a11-4b01-897c-2acc3183b3fa";"08.02.00";"Havnebassiner, sejlløb mv. i almindelighed";"Ingen beskrivelse";1
"09835c99-3777-4374-8303-249e873229d8";"28.09.24";"Forældrekontakt / -samarbejde, dagtilbud";"Emnet dækker sager om konkret forældresamarbejde, eksempelvis:


    
        forældremøder
        forældredage
        meddelelser til forældrene
        
    


Henvisning til relevante facetter:


    
        Konkrete sager om forældremøder tilføjes facet P35";1
"099123d2-d0e7-42bd-9bb8-2d02cc335d62";"17.35.02";"Betaling fra forældre til elever som deltager i undervisning i fritiden";"Ingen beskrivelse";1
"099cf902-dff6-45cd-8cc9-9c7878147494";"14.07.02";"Designering, redningsberedskab";"Den, der under krise eller krig har mødepligt ved redningsberedskabet, kan af Beredskabsstyrelsen fritages for mødepligt for at kunne forblive i andre vigtige samfundsfunktioner.";1
"09bb2b08-5c11-4281-b612-a757760c8e28";"00.05.01";"Venskabsbysamarbejde";"Nummeret er til sager om venskabsbysamarbejde.
        Konkrete venskabsbybesøg journaliseres under emnenr. 00.05.11.
        Sager om bysamarbejde, fx i regi af Eurocities journaliseres under emnenr. 00.03.10.";1
"09d40ed8-de8c-474e-a5d7-ecf43ec5198e";"83.33.00";"Hjælpemidler i almindelighed";"I henhold til serviceloven § 112 stk. 2, kan kommunen bestemme, at hjælpemidler til personer med varigt nedsat fysisk eller psykisk funktionsevne skal leveres af bestemte leverandører.
        Indgår kommunen en sådan leverandøraftale, skal der inddrages repræsentanter for brugerne ved udarbejdelsen af kravspecifikationerne.";1
"09ddb42c-b95c-48e9-8051-7e4fd871e3d3";"13.30.05";"Produktionsenergi / brændsel til decentral kraftvarme";"Ingen beskrivelse";1
"09fafb4f-b0c6-4513-a4c9-d1dfea653d39";"14.00.08";"Beredskabsplanlægning";"Her journaliseres sager om:


    
        Beredskabsplan, som er en samlet plan for kommunens beredskab
        Identifikation og analyse af lokale risici, der lægges til grund for en dimensionering af beredskabet (risikoprofil)
        
    


Henvisning til andre relevante emner:


    
        It- og cybersikkerhed, se emnenr. 85.15.02";1
"0a0b84ef-78f2-4109-bbba-053c9994bf9f";"18.01.12";"Unge til/fra andre kommuner";"Kommunen kan lave aftaler med andre kommuner om optagelse af unge i ungdomsskolen og om ydelse af godtgørelse for udgifterne herved.
        Ordningen ""går begge veje"", hvilket vil sige, at der både er tale om optagelse af kommunens unge i andre kommuners ungdomsskole og optagelse af unge fra andre kommuner i kommunens ungdomsskole.
        Sager om den omtalte godtgørelse journaliseres med facet Ø35.";1
"0a0bbd3e-0b01-4809-99a8-0a168ee6a9bc";"32.26";"Specifikke kontante ydelser";"Ingen beskrivelse";1
"0a1fb74e-9811-458a-841c-181751657e1f";"02.03.15";"Fælles adgangsveje";"Ingen beskrivelse";1
"0a76b6b0-ed3e-46d3-8761-bfb37b7cbced";"21.10.00";"Biblioteksudstillinger og -arrangementer i almindelighed";"Sager om bibliotekernes egne udstillingsaktiviteter (fx kunst) og arrangementer journaliseres under dette emne.
        Er udstillingerne arrangeret af andre end biblioteket selv, vil sagerne typisk skulle journaliseres i hovedgruppe 19, mens arrangementer eksempelvis arrangeret inden for folkeoplysningens regi journaliseres i hovedgruppe 18.
        Det skal således understreges, at emnenr. 21.10.00 udelukkende er til bibliotekets egne udstillinger/arrangementer, mens andre arrangørers udstillinger/arrangementer typisk journaliseres i andre grupper - også selv om de fysisk foregår på biblioteket.";1
"0a878bb7-2964-427e-890b-f501a8ad8514";"17.04.20";"Skolepatruljer";"Emnet dækker sager om etablering og drift af skolepatruljer. Fx:


    
        udpegning af elever til skolepatruljer
        instrukser og retningslinjer for skolepatruljen
        uddannelse af skolepatruljen";1
"0a992068-beb5-4798-a326-9243b20b2bbe";"17.03.17";"Specialundervisning i dagbehandlingstilbud og anbringelsessteder";"Emnet dækker sager om specialundervisning i et dagbehandlingstilbud eller i et anbringelsessted, fx:


    
        kommunalbestyrelsens henvisning - tilføjes facet G01.
        overenskomst mellem dagbehandlingstilbuddet/anbringelsesstedet og kommunalbestyrelsen om undervisningens omfang, indhold og tilrettelæggelse - tilføjes facet P27.";1
"0aa96450-ac2d-42f7-8d1a-f846a6eba381";"83.35";"Vejmaterialer";"Ingen beskrivelse";1
"0ae6cd8a-17ed-45a4-9bda-59e4d1009d5c";"54.06.12";"Tilskud til undervisning, befordring m.v.";"Ingen beskrivelse";1
"0af21b18-f732-40e9-a168-d66a976fb378";"05.09.06";"Parkeringsanlæg";"Emnet dækker sager om kommunens administration ifm parkeringsanlæg.
        Sager om bygningsregulering i forbindelse med parkeringsanlæg journaliseres med emnenr. 02.01.02.";1
"0af71701-8fe1-11ec-9573-0050c2490048";"01.06.15";"Faste ejendommes beliggenhedsadresse";"Emnet dækker bl.a. sager om:


    
        Ansøgning om tildeling af anden beliggenhedsadresse";1
"0afcbc3d-e73d-11e4-9a1f-0050c2490048";"05.14.17";"Valgplakater - råden over vejareal";"Emnet dækker bl.a. sager om:


    
        Sager om valgplakater.
        Påbud om nedtagning (tilføjes facet K08).
        Udbedring af skader ifm. valgplakater og udgifter hertil.";1
"0b120fbc-4741-4210-abf9-c96c1ebc6322";"14.20.04";"Brandsikringsanlæg";"Ingen beskrivelse";1
"0b1c05ca-df07-418c-9d91-8fb8eb8c9c1b";"27.69.19";"Yder refusion, har handleforpligtigelse";"Emnet er til sager, hvor den oprindelige handlekommune (betalingskommunen) yder refusion til den nye handlekommune, og hvor den nye handlekommune ikke har handleforpligtigelse efter serviceloven. Det er altså sager, hvor den oprindelige handlekommune ikke har delegeret sin handleforpligtigelse efter serviceloven til den nye handlekommune.";1
"0b265c00-3f53-11ee-82d5-0050c2490048";"85.02.25";"Dataforvaltning";"Emnet dækker bl.a. sager om dataforvaltning i kommunen, herunder sager om:


    
        Planlægning og styring af data og dataflow i et enkelt it-system eller på tværs af flere it-systemer
        Overblik over data og dataprocesser
        Kvalitetssikring af data og metadata
        Vedligehold af data og metadata
        Udstilling af data, fx i Borgerblikket / Mit Overblik
        
    


Henvisning til relevante facetter:


    
        Procedurer for dataforvaltning tilføjes facet A26
        
    


Henvisning til andre relevante emner:


    
        Sager om it-sikkerhed og sikkerhedsforanstaltninger, se emnenr. 85.15.02
        Sager om brugeradgang og autorisation af brugere, se emnenr. 85.15.03";1
"0b3f63e7-e00a-4f9b-9b38-89e0344f27ec";"18.15.10";"Beløbsramme til folkeoplysning";"Emnet dækker bl.a. sager om:


    
        Årlig beløbsramme til den folkeoplysende voksenundervisning, det frivillige folkeoplysende foreningsarbejde og udviklingsarbejde inden for lovens område
        Beslutning om, at dele af beløbsrammen skal anvendes til nærmere angivne formål inden for lovens område
        Sager om årlig pulje tilføjes facet S49
        
    


Henvisning til andre relevante emner og facetter:


    
        De konkrete tilskud tilføjes facet Ø40 under relevante emner i gruppen";1
"0b4c96c7-3b51-4cea-9ece-40ca05adeb94";"85.02.02";"Dagsordensopbygning";"På dette emnenr. placeres sager om principper for opbygning af dagsordener i dagsordensmoduler, herunder dagsordener til politisk behandling og dagsordener til administrativt brug - fx til ledergruppemøder, samarbejdsudvalgsmøder, arbejdsgrupper o.l.";1
"0b5835b9-9992-4041-9aba-bbdc754280c9";"04.11.16";"Beplantning af strande";"Ingen beskrivelse";1
"0b76ec58-c710-469c-8eb6-5e94fafe9bdd";"27.60.28";"Støtte til individuel befordring";"Emnet dækker bl.a. sager om:


    
        tilskud til personer, som på grund af varig nedsat fysisk eller psykisk funktionsevne har behov for befordring med individuelle transportmidler
        hjælp til abonnement i den kollektive trafik (bl.a. såkaldte ""mimrekort"").";1
"0c04671e-475b-47ee-9a02-21d520555dc8";"09.18.05";"Miljøregulering af begravelsesvæsen";"Emnet er til sager om:


    
        Tilsyn med de hygiejniske forhold i ligkapeller og på kirkegårde
        Påbud om behørig afledning af grundvandet på kirkegårde
        Påbud om forbedring af ældre, ufyldestgørende dræningsanlæg på kirkegårde";1
"0c057081-4c38-4052-b2cb-004a08dc120c";"00.18.00";"Opgave- og strukturændringer i kommuner, overordnede aktiviteter i almindelighed";"Her journaliseres bl.a. sager om overordnede struktur- og opgaveændringer i kommuner og den overordnede kommuneinddeling.";1
"0c1cbcc1-c20b-406f-acc5-f66ef46f6e60";"05.02.03";"Forandringer, færdselsregulering mv. - private fællesveje";"Ingen beskrivelse";1
"0c7100fb-bd97-4e86-a874-0291001988a0";"09.01.07";"Svømmebadsanlæg og disses vandkvalitet";"Emnet dækker bl.a. sager om godkendelse og tilsyn af svømmebadsanlæg.";1
"0c82e6d8-8ecd-4203-b926-8c2b2f558a3e";"09.08.03";"Olietanke med et rumindhold under 6000 l, olieforureninger og forsikringspligt";"Her journaliseres sager om olieforureninger/jordforureninger ifm. olietanke med et rumindhold under 6000 l.
        Påbud tilføjes facet K08, og tilsvarende K08 hvis det er en del af tilsyn.";1
"0cc253a9-163f-4563-acdf-b34a477f3ad1";"00.05.00";"Besøg, repræsentation mv. i almindelighed";"Ingen beskrivelse";1
"0cc4fd22-1942-45f8-88d5-a3f77ce421ce";"05.14.08";"Benyttelse af gade- og fortovsarealer - genstande på vejareal";"Ingen beskrivelse";1
"0ce916a1-95b6-4f4d-861e-a3be995f05c7";"15.17.09";"Forrevalidering [udgår 2027]";"Emnet udgår februar 2027, da ordningen om revalidering herunder forrevalidering er ophævet 1. feb. 2026 med L 1750 2025. Emnet opretholdes i en overgangsperiode af hensyn til eksisterende bevillinger.

Oprindelig servicetekst:


    
        Her journaliseres sager om forrevalidering.
        Forrevalidering er aktiviteter, som revalidenden gennemfører, før det erhvervsmæssige sigte er afklaret. Det er aktiviteter med et erhvervsmodnende eller afklarende sigte for revalidenden.
        
    


Henvisning til andre relevante emner:


    
        Kontanthjælp under forrevalidering, se 32.24.10";1
"0d1969db-6580-4018-bfd9-3ea13bb5ab34";"29.12.16";"Sundhedsmæssig bistand til daginstitutioner og dagpleje";"Emnet dækker sager omkring vejledning om almene sundhedsfremmende og sygdomsforebyggende foranstaltninger i daginstitutioner/dagpleje.
        Sager omkring denne form for vejledning på skoler placeres under emnenr. 29.12.20. På den måde kan kommunerne skelne administrativt mellem aktiviteterne rettet imod henholdsvis skoler og daginstitutioner/dagpleje.";1
"0d4eea5b-f8d8-4113-a16d-b83d66185379";"17.11.28";"Kommunale bidrag, folkehøjskoler, efterskoler mv.";"Emnet dækker sager om kommunale bidrag til staten bl.a. vedr.:


    
        folkehøjskoler
        ungdomshøjskoler
        efterskoler
        frie fagskoler";1
"0d50736d-c554-417f-b0c3-21fe1aa26a63";"24.15.01";"Underleverandør til virksomheder";"Ingen beskrivelse";1
"0d6883ab-fa45-4a96-8ab1-1eb1ff146212";"21.00.10";"Biblioteksrådets virke og funktioner";"Kommunalbestyrelser kan nedsætte et biblioteksråd med henblik på samordning af biblioteksvirksomheden mellem flere kommuner. Emnet dækker bl.a. sager om:


    
        sammensætning
        forretningsorden
        mødehyppighed
        sekretariatsbetjening
        ind- og udtræden";1
"0d7c47e6-e3af-464e-9a37-8805435815a9";"09.10.04";"Miljøzoner og nulemissionszoner";"Emnet dækker bl.a. sager om:


    
        Etablering, udvidelse, indskrænkning eller ophævelse af miljøzoner i større sammenhængende byområder
        Beslutning om hvilke køretøjer der skal være omfattet af eksisterende miljøzoner 
        Etablering af nulemissionszoner i afgrænsede byområder";1
"0d97c154-5b9f-11ef-aedd-0050c2490048";"82.13.20";"Tryghedsskabende foranstaltninger, kommunens ejendomme";"Emnet dækker bl.a. sager om tekniske foranstaltninger i kommunens ejendomme til fremme af personalets tryghed, fx overfaldsalarmer og alarmdisplay.

Hvis tv-monitorering installeres specifikt som tryghedsskabende foranstaltning for personalet, journaliseres det her.

Henvisning til andre relevante emner:


    
        Tv-overvågning som kriminalpræventiv sikring, se emnenr. 82.13.15
        Tryghedsfremmende foranstaltninger på offentligt område, se gruppe 05.23";1
"0d9b445d-9118-45d1-ae1f-6bacf67fe2ba";"09.17.03";"Kapacitet af gødningsopbevaringsanlæg";"Emnet dækker sager om kapaciteten for gødningsopbevaringsanlæggene.
        Fx sager om fastsættelse af krav til skriftlige aftaler om levering af husdyrgødning til opbevaring på anden ejendom eller levering til fælles biogasanlæg eller lign.";1
"0da02fba-b6f8-4087-9dde-a1b0f9613113";"25.03";"Ejendomsvurdering";"Ingen beskrivelse";1
"0daebd11-aee7-11ea-9942-0050c2490048";"09.40.05";"Miljøvurdering af planer og programmer";"Emnet dækker sager om miljøvurdering af planer og programmer efter afsnit II. Herunder bl.a.:


    
        Miljørapport om indvirkning på miljøet
        Miljøvurdering efter miljøvurderingslovens § 8
        Offentliggørelse, sammen med den vedtagne plan
        
    


Henvisning til andre relevante emner:


    
        Screeninger, se 09.40.10
        
    


Henvisning til andre relevante facetter:


    
        Vurdering af miljøpåvirkninger tilføjes P05
        Høringer af planer og programmer tilføjes K04";1
"0daebd11-aee7-11ea-9943-0050c2490048";"09.40.00";"Miljøvurdering i almindelighed";"Emnet dækker sager om miljøvurdering, der kan journaliseres under to eller flere emner i gruppen, eller ikke kan placeres entydigt under et af emnerne.";1
"0daebd11-aee7-11ea-9944-0050c2490048";"09.40.10";"Screening - krav om miljøvurdering";"Emnet dækker sager om screening efter afsnit II
        
    


Henvisning til andre relevante emner:


    
        Miljøvurdering, se 09.40.05";1
"0daebd11-aee7-11ea-9945-0050c2490048";"09.40.15";"Miljøvurdering af konkrete projekter";"Emnet dækker sager om miljøvurdering af planer og programmer efter afsnit II. Herunder bl.a.:


    
        Miljørapport om indvirkning på miljøet
        Miljøvurdering efter miljøvurderingslovens § 8
        Offentliggørelse, sammen med den vedtagne plan
        
    


Emnet dækker sager om miljøvurdering af konkrete projekter efter afsnit III. Herunder bl.a.:


    
        Miljøkonsekvensrapport
        Fastlæggelse af vilkår
        Høringer af projekter
        
    


Henvisning til andre relevante emner:


    
        Screeninger bilag 2 projekter, se 09.40.20
        
    


Henvisning til andre relevante facetter:


    
        Vurdering af miljøpåvirkninger tilføjes P05
        Høringer af projekter tilføjes K04";1
"0dbc822c-bdd3-4505-9352-85f2098029ef";"06.01";"Kloakker og ledningsnet samt private spildevandsanlæg";"Gruppen dækker myndighedsopgaver ift spildevand og driftopgaver.";1
"0de06df8-69e4-11eb-8150-0050c2490048";"29.08.20";"Bistand til smitteopsporing mv.";"Emnet dækker bl.a. sager om:


    
        Kommunens bistand til Styrelsen for Patientsikkerheds smitteopsporing
        Opsøgende rådgivning og vejledning i overensstemmelse med Sundhedsstyrelsens retningslinjer til smittede borgere
        Isolationsopkald
        Udveksling af data vedr. smitteopsporing
        
    


Henvisning til relevante facetter:


    
        Sager om smitteopsporing tilføjes facet G01
        Aftale med Styrelsen for Patientsikkerhed tilføjes facet P27";1
"0de25ca2-8711-4dc8-ac5e-7c263524152e";"00.17.00";"Kommunalt / tværsektorielt samarbejde i almindelighed";"Ingen beskrivelse";1
"0dec4080-957e-4afa-b19d-932d092efd48";"27.63.04";"Pasning af nærtstående med handicap eller alvorlig sygdom";"Emnet er til sager der vedrører pasning af nærtstående med handicap eller alvorlig sygdom, herunder ansættelsesaftale mellem personen og kommunen, iht. servicelovens §118.";1
"0e1be9ad-bf4a-485f-b511-30d53649d0fe";"08.05.00";"Farvandsafmærkninger i almindelighed";"Ingen beskrivelse";1
"0ec4e1da-840c-4f0b-9e7c-ae2cdad069ad";"28.03.12";"Klubtilbud til større børn og unge, organisering og driftsaftaler";"Emnet er bl.a. til sager, hvor kommunalbestyrelsen fastlægger klubtilbuddenes overordnede struktur, herunder fordelingen og udbygningen af tilbud.
        Klubtilbud kan etableres enten som et kommunalt klubtilbud, et selvejende klubtilbud eller et privat klubtilbud.";1
"0ee6ac5b-09a3-42ce-a0de-8ec19ff4c82a";"08.08.01";"Nyanlæg, færgelejer";"Sager om anlæg, herunder nyanlæg, kan inddeles i en række faser, der adskilles sagsmæssigt. Følgende facetter kan anvendes ifm. anlægsprojekter:


    
        Anlægsplan P16
        Anlægsprojekter P20
        Anlægsbevilling 00.30.08 med P19
        Aflevering af byggeregnskab 00.32.04 med G01
        Godkendelse af anlægsregnskab 00.32.04 med P19
        Byggemøder P35";1
"0f0052f3-4f3a-4b1d-bbb3-8eb263d6e648";"05.13.09";"Autoværn, rækværker";"Ingen beskrivelse";1
"0f05bd09-f8ab-46d4-846c-3b25118d4445";"81.25";"Bibeskæftigelse";"Ingen beskrivelse";1
"0f06d2e5-2514-466d-9a11-14d409241df2";"81.34.05";"Foranstaltninger mod rygning";"Her journaliseres fx sager om rygeafvænning.
        Rygepolitik hører under arbejdsmiljø, og journaliseres under emnenr. 87.20.00.";1
"0f365801-fe6e-45d5-8ae4-61e5989b5ed3";"32.21.12";"Hjælp til enkeltudgifter";"Kommunen kan yde hjælp til rimeligt begrundede enkeltudgifter, såfremt den pågældendes egen afholdelse af udgifterne i afgørende grad vil vanskeliggøre den pågældendes og familiens muligheder for at klare sig i fremtiden. Hjælpen kan normalt kun ydes, hvis udgiften er opstået som følge af behov, der ikke har kunnet forudses.";1
"0f443750-769b-4d76-b6e0-844a0dd154b4";"05.02.15";"Særlig brug af vejareal - private fællesveje";"Ingen beskrivelse";1
"0f47cbe0-eaf3-4c1c-90cc-e70111e37479";"07.20.04";"Prøver, spildevandsslam og kompost";"En producent af spildevandsslam og kompost skal for egen regning foranledige, at der udtages prøver efter retningslinjer fastsat i bekendtgørelsen med tilhørende bilag.
        Kan kravene til prøverne ikke efterleves, må produktet ikke anvendes som jordforbedringsmiddel/gødning.";1
"0f566685-95fe-4ab3-9e7d-5be662e2533e";"06.03.00";"Rensningsanlæg, pumpestationer mv. i almindelighed";"Emnet vedrører primært driften og således ikke myndighedsopgaver.";1
"0f98a1a2-82af-4f65-b512-4f4bdc73086d";"28.09";"Dagtilbud til børn indtil skolestart";"Gruppen dækker sager om dagtilbud til børn indtil skolestart. Sager om etablering/godkendelser/driftsaftaler ift dagtilbud journaliseres i gruppe 28.03.";1
"0f9eca41-cccb-4a69-ab58-537c12bcee0d";"83.07.02";"Tidsskrifter";"Ingen beskrivelse";1
"0fb1508a-5896-46c4-9163-8cddeaa9bdbe";"28.09.28";"Aktiviteter / arrangementer, dagtilbud";"Emnet dækker alle former for arrangementer, underholdning o.l. for børnene.
        Der kan være tale om teaterforestillinger og musikarrangementer af enhver art, fællesarrangementer med andre institutioner, filmarrangementer, ture til museer og meget andet.
        Emnet dækker arrangementer, uanset om de foregår i eller uden for dagtilbuddet.";1
"0fb44a4d-4444-4bcd-89cf-7021068e2dd6";"17.01.05";"Opbygning af pædagogisk-psykologisk rådgivning (PPR)";"Emnet dækker sager om opbygning og organisering af pædagogisk-psykologisk rådgivning.
        
    


Henvisning til andre relevante emner:


    
        De konkrete sager, hvor PPR er involveret, journaliseres under relevant emne, fx 17.03.09 eller 17.03.10.";1
"0fdb5a80-5ef8-11eb-ba7c-0050c2490048";"32.03.50";"Tidlig pension, udbetaling";"Emnet dækker bl.a. sager om:


    
        &gt;Udbetaling af tidlig pension*
        
    


(*)Udbetaling Danmark myndighedsopgave";1
"0ff8f981-599d-4981-8dc1-24b138d1f406";"32.42.00";"Ydelser efter sundhedsloven i almindelighed";"Ingen beskrivelse";1
"1021b360-aa49-4085-a180-60638a27718d";"13.01.00";"Elforsyning i almindelighed";"Emnet dækker bl.a. sager om:


    
        Elforsyning, der ikke er dækket af de specifikke emner i gruppen
        Udpegning af kommunale repræsentanter til bestyrelser i elselskaber. Tilføjes facet A30.
        Udskillelse og stiftelse af affaldsforbrændingsanlæg i et aktie- eller anpartsselskab";1
"1055e1f6-76ec-40d4-8060-787a5ead68a3";"00.32.16";"Pengeanbringelser";"Emnet dækker bl.a. sager om:


    
        Kommunens anbringelser af penge, herunder aftaler med pengeinstitutter.";1
"10814d96-4be5-11ea-bbb7-0050c2490048";"32.03.44";"Seniorpension";"Emnet dækker bl.a. sager om:


    
        Seniorpension
        Anmodninger fra seniorpensionsenheden til oplysning af sagen.
        Samarbejde mellem kommunerne og Seniorpensionsenheden om sagsoplysningen.
        
    


Myndighedsopgaven er flyttet til seniorpensionsenheden 1. jan. 2021.";1
"10a943a2-f4f7-40fb-855f-e28d658fb9ca";"30.00.00";"Andre myndigheders opgaver i almindelighed";"Ingen beskrivelse";1
"10c70ada-3618-4340-a39a-8137bacd04a5";"27.36";"Personlig hjælp, omsorg og pleje m.v.";"Ingen beskrivelse";1
"10d3e987-691c-4497-90a1-0797ebcb65f5";"54.18.08";"Afklaringsforløb og forløbsplan";"Emnet dækker bl.a. sager om:


    
        Indledende afklaringsforløb og de individuelle forløbsplaner i forbindelse med særligt tilrettelagt ungdomsuddannelse
        Udstedelse af ressourcepapir ifm. uddannelsens afslutning
        Udstedelse af uddannelsesbevis";1
"10d92b06-89bb-4322-a3fb-228ee9304301";"32.30.08";"Dagpenge ved barsel";"Emnet dækker bl.a. sager om:


    
        Dagpenge ved barsel
        Dagpenge ved pasning af børn som følge af covid-19 (midlertidig ret)
        Udbetaling Danmark myndighedsopgave pr. 1. december 2012";1
"11245c10-7b04-46c5-88bc-585b83f586bc";"03.25.15";"Boliganvisning og udlejning af boliger til flygtninge";"Emnet dækker bl.a. sager om:


    
        Konkret anvisning af permanente boliger jf integrationsloven § 12, stk. 1, 2. pkt. og bek om boligplacering af flygtninge, § 18, 2. pkt.. til flygtninge der er omfattet af afgrænsningen i boligstøttelovens § 65
        Udlejning af boliger til flygtninge, hvor kommunen er udlejer
        Godkendelse af udlejning til en flygtning, boliger uden kommunal anvisning
        
    


Henvisning til relevante facetter:


    
        Konkrete lejekontrakter tilføjes facet Ø54
        
    


Henvisning til andre relevante emner:


    
        Sager om anvisning til midlertidige boliger, se 03.25.18 Midlertidige opholdssteder for flygtninge";1
"114798ea-cdda-471f-8168-352609c18ee6";"05.01.01";"Vejnavne / husnumre på offentlige veje";"Emnet dækker bl.a. sager om kommunens opgaver som adressemyndighed for de offentlige veje i kommunen, herunder:


    
        fastsættelse af vejnavne
        fastsættelse af adresser
        fastsættelse af husnumre
        registrering af vejnavne og adresser i Danmarks Adresseregister (DAR)";1
"1196e9d8-c696-11e6-9d9d-cec0c932ce01";"15.40.22";"Integrationsgrunduddannelse (igu)";"Emnet dækker bl.a. sager om:


    
        Vejledning af borgere og virksomheder om integrationsgrunduddannelsen
        Undervisningsplaner for uddannelsesforløbet
        Dokumentation for fuldført uddannelsesforløb
        Sager om godtgørelse ifm integrationsgrunduddannelse journaliseres på emnenr. 32.26.08
        Henvisning til danskuddannelse ifm. integrationsgrunduddannelse journaliseres på emnenr. 15.40.10";1
"11bb19a4-faaf-446e-9788-cf1cf03f6f69";"13.25.00";"Færgetrafik i almindelighed";"Ingen beskrivelse";1
"11d07f55-52bf-11f1-89b9-0050c2490048";"14.25.05";"Godkendelse af risikovirksomheder";"Emnet dækker bl.a.:


    
        Sager om kommunalbestyrelsens godkendelse af kolonne 2-virksomheder og kolonne 3-virksomheder.
        Sager om risikovirksomheders anmeldelse til kommunen, herunder deres indsendelse af sikkerhedsdokumenter, sikkerhedsrapporter og interne beredskabsplaner.
        
    


Henvisning til relevante facetter:


    
        Konkrete godkendelser tilføjes facet P19
        Procedurer for godkendelser tilføjes facet A26
        
    


Henvisning til andre relevante emner:


    
        Kommunalbestyrelsens udarbejdelse af eksterne beredskabsplaner for kolonne 3-virksomheder, se emnenr. 14.25.10";1
"11e3ec17-5bc9-4ac3-8614-7b2014153d51";"21.01.10";"Udlån og udlånskontrol";"Her journaliseres sager om:


    
        alle typer af udlån og udlånskontrollen uanset medium
        særlige udlånsfrister på bestemte udlån, eksempelvis kortere tidsfrister
        påmindelsesservice via fx sms eller e-mail uden betaling
        
    


Opkræves der betaling for servicen efter § 20 i lov om biblioteksvirksomhed skal sagen journaliseres i gruppe 21.15.";1
"11e6453e-cc3c-478e-9768-b5adb37693d1";"86.09";"Intern brug af knowhow";"Ingen beskrivelse";1
"1200bcc6-d018-495f-91fc-f96ebd100633";"06.03.03";"Tekniske installationer, rensningsanlæg, pumpestationer mv.";"Emnet vedrører primært driften og således ikke myndighedsopgaver.";1
"123023c4-56ef-4883-9bcd-4ea34f0a6578";"29.00.13";"Og_Test";"Hvad sker der med den her";1
"12390dc1-d907-403d-8735-07cc7acfb98d";"02.03.17";"Andre bygninger end beboelsesbygninger";"Ingen beskrivelse";1
"1249c586-25a9-40f4-9a90-056aff286d72";"02.00.05";"Midlertidig rådighed over naboejendomme";"Ingen beskrivelse";1
"126f6c61-7d28-4c8a-8196-b7f8199036e1";"82.06.02";"Dispositionsforslag / projektforslag, nybyggeri";"Ingen beskrivelse";1
"12762b81-af7d-42c7-90f1-a55bf27c8ebf";"82.12.00";"Installationer, kommunens ejendomme i almindelighed";"Emnet dækker bl.a. sager om:


    
        Installationer
        Ventilation
        Energistyringsinstallationer
        Tekniske hjælpemidler i kommunens lokaler, fx teleslynge.";1
"1283b165-3f68-4ba3-9459-5166c7dfa477";"81.29.02";"Ulykkestilfælde / løfteskader / skadelige påvirkninger før 2004";"Emnet vedrører tidligere lovgivning (lov om sikring mod følger af arbejdsskade, jf. LBK nr. 943 af 16. oktober 2000) om ulykkestilfælde, pludselige løfteskader og kortvarige skadelige påvirkninger, der er indtruffet før den 1. januar 2004.
        Lov om sikring mod følger af arbejdsskade anvendes fortsat på ulykkestilfælde, pludselige løfteskader og kortvarige skadelige påvirkninger, der er indtruffet før den 1. januar 2004, hvilket fremgår af § 85 a i arbejdsskadesikringsloven.";1
"129dab3a-3f75-46a9-8054-5df0a0aa9831";"32.03.10";"Varmetillæg";"Udbetaling Danmark myndighedsopgave pr. 1. marts 2013

Emnet dækker bl.a. sager om:


    
        Varmetillæg
        Petroleumstillæg (Flyttet fra emnenr. 32.03.12 pr. 1. maj 2012)";1
"12a4f939-307b-454b-9937-908276cb372d";"03.09.15";"Huslejenævnets oprettelse og funktion";"Emnet dækker bl.a. sager om:


    
        Nedsættelse af huslejenævn
        Nedsættelse af fælleskommunale huslejenævn
        
    


Henvisning til relevante facetter:


    
        Sager om organisering af huslejenævnene tilføjes facet A30
        
    


Tidligere lovreference:


    
        Boligreguleringsloven § 35-44 (LBK 2019-09-04 nr 929)";1
"12aeb47d-12ba-4428-ba3e-81f2134a21ca";"81.15.18";"Kvalifikationsløn";"Ingen beskrivelse";1
"12dbfac4-44af-46fe-a709-514f46bc09a0";"27.03.22";"Drift af dagbehandlingstilbud";"Emnet dækker drift af dagbehandlingstilbud set som de faglige driftsopgaver.
        Til den del af driften der vedrører egne ressourcer, dvs. personale, bygninger, indkøb og administrative systemer anvendes relevant emne i hovedgrupperne 81, 82, 83, 85.
        Emnet dækker også etablering og drift af børnehuse efter SEL § 50a.";1
"1307931a-1b71-4e24-bae1-962cffe9201e";"18.15.30";"Folkeoplysningsudvalget, sammensætning mv.";"Emnet dækker bl.a. sager om:


    
        Opbygning og sammensætning af folkeoplysningsudvalget. Tilføjes facet A30
        Sager om folkeoplysningsudvalgets virksomhed, dvs. hvor udvalget er sagsbehandlende part, journaliseres under relevant emne";1
"134df53a-e591-47f3-8e1f-eb1477377e33";"00.15";"Administrativ organisering";"I gruppe 00.15 journaliseres bl.a. sager om tværsektorielle ændringer af forvaltningsstruktur, administrativ organisering, overordnet styring og ledelse, administrativ og økonomisk bemyndigelse.
        
    


Henvisning til andre relevante emner og grupper:


    
        Sager om opgave- og strukturreformen, se gruppe 00.18. 
        Sektorspecifikke og konkrete organisatoriske ændringer kan journaliseres under relevant emne med facet A21, fx organiseringen af beskæftigelsesindsatsen se emnenr. 15.00.10.
        Sager om underskriftsbemyndigelse, attestationsret o.l. se emnenr. 00.15.15 (Administrativ og økonomisk bemyndigelse).
        Den politiske kompetencefordeling mellem forskellige udvalg beskrives i styrelsesvedtægten, se emnenr. 00.22.00
        Organiseringen af den politiske organisation, se gruppe 00.22 'Kommunens styrelse mv.'
        Sager om opgave- og strukturændringer, hvor kommunen afgiver opgaver eller tilføres nye opgaver eller ansvarsområder fra andre myndigheder eller institutioner, se gruppe 00.18";1
"13b9675e-51e7-413d-aabf-651b502b0e82";"88.16";"Kontrakter inden for forsyningsvirksomhed";"Vejledning til brug:


    
        Formålet med opbygningen af udbudsgruppen er, at den understøtter dokumentationen ifm. de forskellige typer af indkøb, og de trin kommunen skal igennem i en udbudsproces. 
        Genstanden for udbuddet (hvad udbuddet omhandler) tilføjes i sagstitlen.
        Konkrete udbudssager tilføjes facet G01.
        Når kontrakt indgås med leverandøren, og udbudsprocessen er gennemført, journaliseres selve kontrakten/driftssagen på relevant emne i KLE.
        Kontrakten/driftssagen tilføjes facet Ø54.
        (Hovedgruppe 88-emnerne erstatter tidligere facet Ø22).";1
"13e0c825-9f73-11f0-9940-0050c2490048";"32.27.03";"Fleksydelse, bidrag";"Emnet dækker bl.a. sager om:


    
        ret til tilmelding til fleksydelsesordning
        håndtering af indbetaling af fleksydelsesbidrag
        evt. tilbagebetaling af bidrag
        
    


 Udbetaling Danmark myndghedsopgave";1
"13e7b8ed-87da-49a1-949a-a46f8300ce70";"07.22.02";"Analyser af bioaske til jordbrugsformål";"Her journaliseres bl.a. sager om:


    
        analyser af bioaske
        udeladelse af analyseparametre
        krav til prøveudtagning af et akkrediteret laboratorium
        forbud mod at udtage og analysere jordprøver til dokumentation for - tilføjes facet K08.";1
"13fd30bf-4449-4b7c-8103-1c8f8c148ab2";"03.03.10";"Eftersyn, private andelsboliger";"Her journaliseres bl.a. sager om 1 års og 5 års eftersyn af private andelsboliger.";1
"1400bdf7-e982-11e4-8ef0-0050c2490048";"01.04.05";"Udskillelse af vejareal i matriklen og hævd";"Emnet dækker sager om udskillelse af vejareal i matriklen og hævd iht vejloven.";1
"1405d3ea-9da1-4713-a2dd-48ef14584870";"27.42";"Plejeboliger og plejehjem";"Gruppen dækker bl.a. sager om:


    
        Botilbud i form af plejehjem og beskyttede boliger efter serviceloven
        Ventelisteadministration
        Serviceydelser til beboere på plejehjem og i plejeboliger";1
"140a7ce0-9014-49eb-8247-8bdfc58cce6a";"83.32";"Sundheds- og sygeplejeartikler";"Ingen beskrivelse";1
"14187686-1217-404c-ab94-a24828592f18";"03.01.02";"Sammenlægning af boliger";"Emnet dækker bl.a. sager om:


    
        Sammenlægning af boliger
        Ansøgning om kommunalbestyrelsens samtykke til sammenlægning af boliger
        
    


Henvisning til relevante facetter:


    
        Samtykke tilføjes facet G01
        Tilsyn tilføjes K08";1
"141969c6-c323-47f5-85fe-69d039348398";"82.07.00";"Vedligeholdelse af kommunens ejendomme i almindelighed";"Emnet dækker sager om ejendomsvedligeholdelse. 
Primært driftsmæssig vedligehold.

Henvisning til andre relevante emner:


    
        Ejendomsvedligehold i form af renovering, se emnenr. 82.18.00
        Ejendomsvedligehold i form af ombygning, se gruppe 82.20";1
"144cfc4b-dde8-44bb-9d53-aa24c05417a5";"14.06";"Lokaliteter, redningsberedskab";"Det bygningsmæssige omkring gruppen 14.06 journaliseres under hovedgruppe 82.";1
"1452f64e-93cd-4229-92d4-6c754a812edb";"30.10.35";"Sundhedsbetjening";"Ingen beskrivelse";1
"146ccbc0-d5c4-4574-ba97-7afe0a55d69a";"02.05.03";"Brandvægge og brandsektionsvægge";"Ingen beskrivelse";1
"14797eb1-4145-452d-b26c-a792712cbe56";"81.14";"Økonomiske ydelser til folkevalgte";"Ingen beskrivelse";1
"148e2eff-21f3-4572-9d9d-a258196d516e";"81.34.10";"Foranstaltninger mod alkohol";"Her journaliseres fx sager om alkoholafvænning.
        Alkoholpolitik journaliseres her med facet P22.
        Hvis alkoholpolitikken er en del af personalepolitikken anvendes emnenr. 81.00.00.";1
"14c892ac-eeb0-11ef-809e-0050c2490048";"81.02.05";"Stillingsopslag og udvælgelse";"Emnet dækker bl.a. sager om:


    
        stillingsopslag og udvælgelse af ansøgere til kommunale stillinger
        
    


Henvisning til facetter og andre relevante emner:


    
        Oprettes der sag på ansøgninger, der ikke har ført til ansættelse kan de tilføjes facet I00
        Personalesagen for den valgte oprettes under KLE 81.03.00 og facet G01
        
    


Historik:


    
        Emnet er oprettet 01-02-2025 og var før dækket af KLE 81.02.00 stillingsopslag og udvælgelse";1
"14f2b571-1ca5-4efb-9ce4-e4471a89d5ce";"05.01.12";"Belysning, veje";"Emnet dækker sager om belysning på veje, fortove og cykelstier.
        Det kan dreje sig om eksempelvis tidspunkter for belysningens tænding og slukning.
        Ligeledes placeres sager om kommunens eventuelle engagement i den særlige julebelysning under dette nummer.";1
"14fc0eca-c07d-4339-b27f-95a8880f88ff";"05.13.00";"Færdselsregulering / trafiksikkerhed i almindelighed";"Emnet dækker bl.a. sager om:


    
        Periodiske trafiksikkerhedsinspektioner
        Trafiksikkerhedsmæssige konsekvensanalyser
        Trafikmålinger
        Sager der dækker to eller flere af emnerne i gruppen";1
"150a4691-134a-4daf-979f-233a4112846f";"29.12.00";"Forebyggende sundhedsydelser til børn og unge i almindelighed";"Ingen beskrivelse";1
"150bc7b3-8af7-4b05-8bac-6443871e7441";"25.00.00";"Beskatning i almindelighed";"Ingen beskrivelse";1
"151d8da5-da0e-48be-ad05-8ebec1bba8d1";"27.69.08";"Borgerens medvirken, retssikkerhed";"Emnet er til sager efter § 4 i retssikkerhedsloven, hvorefter borgeren have mulighed for at medvirke ved behandlingen af sin sag.";1
"15316064-5b11-4d66-a00f-01e13f8434a2";"19.03.08";"Antikvarisk arbejde";"Ingen beskrivelse";1
"1536ca98-ed7f-4407-ae59-b25451710602";"22.11.22";"Holdepladser";"Emnet udgik august 2018 da administrationen af taxiområdet er flyttet til Trafik-, Bygge- og Boligstyrelsen. Genåbnet februar 2019, da kommuner fortsat får henvendelser, bl.a. om ombytning af tilladelser.";1
"153bb90c-52c1-11f1-9ada-0050c2490048";"14.25.10";"Kommunens beredskabsplan for kolonne 3-virksomheder";"Emnet dækker sager om kommunalbestyrelsens udarbejdelse af eksterne beredskabsplaner for kolonne 3-virksomheder.

En kolonne 3 risikovirksomhed skal efter risikobekendtgørelsen indsende en intern beredskabsplan til kommunalbestyrelsen. Kommunalbestyrelsen udarbejder herefter (sammen med politiet) en ekstern beredskabsplan for virksomheden.


    
        Beredskabsplanen har bl.a. til formål at beskytte personer og omgivelser i tilfælde af uheld mv., samt at begrænse og genoprette skader som følge af sådan uheld.
        Øvrige sager, der omhandler godkendelsespligtige virksomheder, placeres i gruppe 09.02.
        
    


Historik:


    
        Sager om kommunens beredskabsplaner for kolonne 3-virksomheder lå tidligere under emnenr. 14.00.22.";1
"1553578e-6dc3-43b9-b3bd-f177219968d5";"02.05.15";"Kontorlokaler mv., brandforhold";"Ingen beskrivelse";1
"155cd142-8951-422e-af2c-2c6843259bf8";"83.09.10";"Smøremidler";"Ingen beskrivelse";1
"155e51a5-70cd-4812-ac5f-56cc86a96471";"01.02.03";"Kommuneplanlægning";"Emnet er til sager om kommuneplanlægning. Fx sager om:


    
        Kommuneplaner
        Strategi for kommuneplanlægningen
        Strategisk planlægning for bymidter
        
    


Henvisning til relevante facetter:


    
        Konkrete kommuneplaner tilføjes facet P15
        Strategier tilføjes facet P15
        Politikker, facet P22
        Påbud, facet K08";1
"15b97b4f-08c6-42fc-9a37-3ec048d8d01b";"00.01.00";"Kommunens styrelse i almindelighed";"Emnet dækker:


    
        sager om kommunens styrelse som dækker to eller flere grupper i hovedgruppe 00, eller ikke entydigt kan placeres under et af emnerne i hovedgruppe 00.
        
    


Henvisning til andre relevante emner:


    
        Sager der går på tværs af flere hovedgrupper journaliseres under 00.01.10 'Opgaver der dækker flere hovedgrupper'.
        Sager på et konkret fagområde journaliseres under den relevante hovedgruppe.";1
"16103966-e1e3-4c31-b557-fb694147aacd";"84.03.05";"Stemmesedler";"Ingen beskrivelse";1
"1629bb63-2607-405d-9659-66b34ce7a573";"30.10.20";"Forsvaret";"Sager om kommunalbestyrelsens indstilling af medlemmer til distriktsudvalg for hjemmeværnet journaliseres her med facet A30.";1
"16399eee-47fe-4a42-97e0-75b15995d664";"14.01.16";"Redningsberedskabets samarbejde med politi (ordensopgaver)";"Ingen beskrivelse";1
"16467fb5-bbcc-45c7-a6a0-a40a894a0316";"07.08";"Genanvendelse og renere teknologi";"Ingen beskrivelse";1
"1665bca7-c498-4089-ab5e-10239e769adf";"09.01.00";"Miljøreglementet i almindelighed";"Ingen beskrivelse";1
"16704b0b-4302-4ec8-840e-4a04d8d21360";"22.11.01";"Tilbagekaldelse, nægtelse af fornyelse samt bortfald af tilladelser mv.";"Emnet dækker sager, hvor den myndighed, der har meddelt tilladelsen, kan tilbagekalde denne eller nægte fornyelse heraf, hvis indehaveren eller den, der har bestemmende indflydelse i virksomheden eller i øvrigt optræder i virksomhedens interesse, groft eller gentagne gange har overtrådt vilkårene for tilladelsen.
        
    


Emnet udgik august 2018 da administrationen af taxiområdet er flyttet til Trafik-, Bygge- og Boligstyrelsen. Genåbnet februar 2019, da kommuner fortsat får henvendelser, bl.a. om ombytning af tilladelser.";1
"1685f277-3484-11f0-a944-0050c2490048";"81.15.25";"Ind- og udbetaling af feriegodtgørelse";"Emnet dækker bl.a. sager om:


    
        udbetaling af feriegodtgørelse
        indberetning og indbetaling til FerieKonto";1
"16a22561-a172-4965-80a7-7812020c5dfd";"05.01.15";"Vejrabatter og beplantning";"Emnet dækker bl.a. sager om vejmyndighedens vedligeholdelse og drift af:


    
        vejtræer og buske i midterrabatten
        pleje og slåning af grøfter og rabatter";1
"16a33367-58e4-4c74-925b-df4ec95a9987";"81.38.07";"Kontaktudvalg";"Ingen beskrivelse";1
"16c94c5a-a093-4062-8958-829a621fcc01";"23.01.00";"Vielse i almindelighed";"Her journaliseres også sager om skiftefritagelse ved ægteskab.
        
    



    
        Dokumenter i form af kopi af ægteskabserklæringer, pas, civilstandsattester, skilsmisser mv. kan kasseres efter 10 år, jf. ægteskabsvejledningen, afsnit 4.3. Ægteskabsbøgerne bevares.
        Se i øvrigt ægteskabsvejledningen for yderligere detaljer om arkivpligt mv.";1
"16d04364-ae87-4861-ba88-5beef6883d1a";"29.24.08";"Lægelige behandlingstilbud for stofmisbrugere";"Emnet dækker sager om lægelig behandling af stofmisbrugere efter sundhedslovens § 142 journaliseres her, herunder de konkrete borgersager.
        Sager om social behandling af stofmisbrugere efter servicelovens § 101 journaliseres under emnenr. 27.51.04.";1
"172c5760-65c8-11e4-9843-0050c2490048";"27.03.40";"Forsyningsansvar - tilbud efter serviceloven og ældreloven";"Emnet dækker bl.a. sager om:


    
        Årlig redegørelse for kommunens behov for og forventede brug af tilbud i regionen
        Årlig rammeaftale ml. kommunalbestyrelsen og regionsrådet, herunder udviklingsstrategi og styringsaftale
        Socialtilsynenes årsrapport om tilbuddenes kvalitet";1
"173beafa-d35e-4c74-acf6-c8c5a180df0c";"05.01.00";"Offentlige veje i almindelighed";"Emnet dækker bl.a. sager om:


    
        Vejundersøgelser
        Indsamling af oplysninger til trafikanter
        Offentlige veje, der ikke kan placeres under specifikt emne i gruppen, eller dækker 2 eller flere emner";1
"174cb255-bf59-11e9-8588-0050c2490048";"17.27.30";"Kontaktperson, kommunal ungeindsats";"Emnet dækker bl.a. sager om kontaktpersoner for unge i regi af den kommunale ungeindsats, herunder etablering af kontaktpersonordning.

Emnet dækker også den koordinerende, opsøgende og opfølgende indsats overfor unge under 25 år.";1
"17822709-9744-4ef9-88ed-965b17cc5d10";"24.15.00";"Kommunal eksport / salg i almindelighed";"Ingen beskrivelse";1
"17aeab01-6cf6-466f-a768-604596c90d99";"81.39.10";"Ekstern uddannelse";"Emnet dækker bl.a. sager om uddannelse, hvor det er andre end kommunen selv, der afholder og arrangerer.

Når kommunen selv afholder og arrangerer, journaliseres på emnenr. 81.39.15.

Se i øvrigt servicetekst til gruppe 81.39.";1
"17b52d2f-07b8-11ef-9458-0050c2490048";"03.01.07";"Regulering af ustøttede private ungdomsboliger";"Emnet dækker sager bl.a. om: 


    
        Tilsyn med ustøttede private ungdomsboliger
        Kommunalbestyrelsens beføjelse til at ophæve lejeaftaler
        Kommunalbestyrelsens anvisning af boligsøgende
        
    


Om ustøttede private ungdomsboliger:


    
        Ustøttede private ungdomsboliger er boliger, der skal udlejes til studerende, som ikke er omfattet af lov om støttede private ungdomsboliger eller af lov om almene boliger.";1
"17d8b846-bcf2-11e9-9e89-0050c2490048";"01.07.10";"Udlejning af egen fulde helårsbolig";"Emnet dækker bl.a. sager om:


    
        kommunalbestyrelsen kan beslutte at hæve grænsen for udlejning af ejeres eller brugeres fulde helårsbolig fra 70 og op til 100 dage pr. kalenderår
        bistå erhvervsministeren med at oplyse sager om udlejning af egen fulde helårsbolig til ferie- og fritidsformål m.v.";1
"17d8b846-bcf2-11e9-9e8a-0050c2490048";"27.69.58";"Familieret - samarbejde";"Emnet dækker bl.a. sager om:


    
        Samarbejde ifm. Familieretshusets behandling af en § 7-sag
        Kontakt med Familieretshuset ifm. deres visitation
        Familieretshusets indhentning af oplysninger
        Videregivelse af oplysninger af egen drift
        Indhentning af oplysninger fra Familieretshuset
        Kommunens anvendelse af initiativretten efter lov om Familieretshuset";1
"180e212f-e65b-4f8c-ba84-e24415616425";"25.03.10";"Grundværdi og ejendomsværdi";"Emnet dækker kommunens opgaver i forbindelse med grundværdi og ejendomsværdi, herunder vurderingsattester.";1
"181751b4-819c-4d57-9399-1c3175a170ea";"00.22.04";"Udvalg, bestyrelser mv. - kommunens styrelse";"Emnet dækker sager om den konkrete organisering af udvalg, nævn og kommissioner i medfør af kommunestyrelsesloven. Det kan fx være:


    
        beskæftigelsesudvalget
        økonomiudvalget
        børn- og ungeudvalget
        teknik- og miljøudvalget
        socialudvalget
        kulturudvalget
        havneudvalget
        andre politiske fagudvalg (stående udvalg)
        udvalg nedsat efter § 17, stk. 4 i lov om kommuners styrelse
        Ungebyråd. Vedtægter tilføjes facet P24.
        
    


Eksempler på sager er fx medlemmer, konstitueringen, forretningsordenen, mødekalenderen, ind- og udtræden, kandidatlister og lignende. Emnet bruges også til udvalgssager, hvor udvalgets portefølje dækker flere hovedgrupper.

Henvisning til relevante facetter:


    
        Konstitueringssagen journaliseres med facet A30
        Forretningsordener tilføjes facet A26
        Vedtægter tilføjes facet P24
        Nedsættelse og organisering af udvalg tilføjes facet A30";1
"18274678-cada-4301-8126-9c3cfb4a08a3";"17.02.30";"Årsplanlægning, den enkelte lærer";"Sager om lærernes planlægning og tilrettelæggelse af undervisningen i de enkelte klasser placeres på dette journalnummer.
        Det er skolelederen, der skal sikre, at klasselæreren og klassens øvrige lærere planlægger og tilrettelægger undervisningen, så den rummer udfordringer for alle elever.
        Sager om ""teamsamarbejde"" i klassen placeres således her.";1
"182bc9c5-f1e8-4efd-896e-86b3f7ed2ab3";"15.22.06";"Personlig assistance til handicappede i erhverv";"Her journaliseres sager om personlig assistance til handicappede i erhverv
        
    


Henvisning til andre relevante emner:


    
        Sager om ansættelse, løn og personalevilkår for den personlige assistent journaliseres i hovedgruppe 81";1
"18339d9d-a175-464b-bdcf-f0079cf368a5";"09.17.01";"Placering af husdyrbrug, folde, anlæg mv.";"Emnet er til sager om placering af husdyrbrug, folde og anlæg mv.
        
    


Henvisning til relevante facetter:


    
        Konkrete påbud tilføjes facet K08
        Dispensationer fra krav, fx til rideskoler, tilføjes facet P25";1
"18360d36-c7ff-48c3-befe-36f92e3b7e50";"01.05.02";"Beskyttelseslinjer";"Emnet dækker bl.a. sager om:


    
        Beskyttelseslinjer, bl.a. beskyttelses af kystområder, søer, åer, fortidsminder og kirker.
        Afgørelser om dispensationer efter naturbeskyttelseslovens §§ 16-19.
        
    


Henvisning til relevante facetter:


    
        Dispensationer tilføjes P25
        Klager og afgørelser fra Natur- og miljøklagenævnet tilføjes K03
        
    


Henvisning til andre relevante emner:


    
        Sager om bevaring og pleje af fortidsminder journaliseres under emnenr. 01.01.25.";1
"185294a0-f5e7-462e-90b6-acd4abe4d5f1";"05.02.20";"Overtagelse af private veje";"Ingen beskrivelse";1
"185e4926-20b9-4fde-a561-119ee2c28b7f";"00.07.01";"Inhabilitet - forvaltningsprincipper";"Emnet dækker sager om speciel inhabilitet.
        Sager om generel inhabilitet efter kommunestyrelsesloven journaliseres under emnenr. 00.22.04.";1
"18b67e11-c419-4c9b-9c0c-4547e155b1c2";"83.15.03";"Ingeniører";"Emnet dækker bl.a. sager om køb af serviceydelser fra ingeniører.

Emnet anvendes til sager, hvor det faglige genstandsfelt/emne for ingeniørernes serviceydelser ikke er kendt eller fastlagt, og hvor man derfor ikke kan vælge et fagligt specifikt KLE-emne til sagen.";1
"18b91e56-1769-4c19-b0c3-911fb5df472f";"82.00.03";"Hærværk på og tyveri i kommunale ejendomme";"Emnet dækker sager om:


    
        Konkrete tilfælde og anmeldelser af hærværk og tyveri i kommunale ejendomme
        
    


Henvisning til andre relevante emner:


    
        De bygningsmæssige foranstaltninger for at imødegå tyveri/hærværk, se gruppe 82.13
        
        
    


Henvisning til relevante facetter:


    
        Sager om erstatning for selvforsikrede kommuner tilføjes facet Ø61
        Sager om erstatning for kommuner forsikret hos forsikringsselskaber tilføjes facet Ø38
        Forhold vedr. forsikring tilføjes facet Ø38
        Politianmeldelser tilføjes facet G01";1
"18beb2fb-52bc-11f1-bc77-0050c2490048";"14.25";"Beredskabsopgaver vedrørende risikovirksomheder";"Her journaliseres sager om beredskabsopgaver vedrørende risikovirksomheder";1
"18ebba5a-a517-11e8-af09-0050c2490048";"32.45.14";"Betalingsevnevurdering";"Emnet dækker bl.a. sager om:


    
        Betalingsevnevurderinger.
        Konkrete sager tilføjes facet G01.
        Grundlaget for opgaven er Ankestyrelsens principafgørelse 23-16.
        Emnet er oprettet for at kunne udskille betalingsevnevurderinger i en selvstændig sag til dokumentationsformål.
        
    


Henvisning til andre relevante emner:


    
        Afgørelse om tilbagebetalingskrav, se emnenr. 32.45.10.";1
"18edca27-41ab-426c-bdb0-368bdd9353c4";"07.17.00";"Affald fra virksomheder, offentlige og private institutioner i almindelighed";"Emnet dækker bl.a. sager:


    
        der dækker to eller flere emner i gruppen
        der ikke er dækket af et af de eksisterende emner i gruppen
        kommunale tilbud om indsamling af sorteret erhvervsaffald, der er egnet til materialenyttiggørelse, jf § 10 i affaldsaktørbekendtgørelsen";1
"18f3ef2b-4994-430d-b173-dd1ef3679220";"01.15.00";"Jordfordeling i almindelighed";"Her journaliseres bl.a. sager om:


    
        mødereferater fra møder i jordkøbsnævnet
        jordkøbsnævnets årlige redegørelse
        tilsyn med jordkøbsnævnet - tilføjes facet K08.";1
"18fb6c45-4ece-4ae2-8586-c83e75de05e7";"23.05.00";"Folkeregistrering i almindelighed";"Ingen beskrivelse";1
"1918b444-aa06-4f36-8596-1072f0297723";"20.02.00";"Biografer / film mv. i almindelighed";"Ingen beskrivelse";1
"193c0435-5ee9-11eb-a471-0050c2490048";"09.20.20";"Mellemstore fyringsanlæg - anmeldelse mv.";"Emnet dækker sager om anmeldelse og registrering af mellemstore fyringsanlæg.

Henvisning til andre relevante emner:


    
        Vedrørende VVM-pligt, se 09.40.20 Screening - bilag 2 projekter
        VVM-tilladelse, se 09.40.15 Miljøvurdering af konkrete projekter";1
"19549b26-6792-41cf-b50b-15623dae36e9";"81.38.08";"Tillidsrepræsentanter";"Emnet dækker bl.a. sager om:


    
        Godkendelse af tillidsrepræsentanter
        
    


Tillidsrepræsentanters brug af kommunens it-systemer ifm. udførelsen af sit tillidshverv, se 81.38.50";1
"1968b434-951e-4cef-b6b8-084d9cb617ea";"82.00.00";"Kommunens ejendomme og lokaler i almindelighed";"Emnet dækker bl.a. sager om:


    
        Overordnede forhold vedrørende kommunens ejendomme, fx ejendomsstrategi
        Sager der med lige god ret kan placeres under to / flere grupper, eller går på tværs af flere grupper i hovedgruppe 82
        
    


Henvisning til relevante facetter:


    
        Sager om ejendomsforsikring tilføjes facet Ø38";1
"19a6f8df-e989-11e4-b153-0050c2490048";"29.03.16";"Lovvalg vedrørende sygesikring";"Emnet dækker bl.a. sager om:


    
        Lovvalg, dvs. hvilket lands lovgivning om sygesikring der skal anvendes
        Udstedelse af dokumentation for dansk lovvalg
        Konkrete afgørelser vedr. lovvalg tilføjes G01";1
"19a936e6-9b6e-4f91-a864-205594bef4e0";"00.30.06";"Lånebegrænsninger / lånerammer";"Emnet dækker bl.a. sager om:


    
        lånebegrænsninger og lånerammer
        overførsel af lånedispensation";1
"19dce225-c475-4b8c-aa82-da988b7e8d49";"07.04.00";"Modtage- og affaldsbehandlingsanlæg mv. i almindelighed";"Emnet dækker bl.a. sager om: 


    
        Modtage- og affaldsbehandlingsanlæg, som ikke er dækket af de specifikke emner i gruppen
        Ansøgning om dækning af tab ved lånegarantier eller restgæld på affaldsforbrændingsanlæg";1
"19fcc6c0-1fa2-4132-a2a3-0a787c1cb7aa";"27.60.24";"Boligindretning";"Emnet dækker § 116 i serviceloven. Ifølge denne paragraf yder kommunen hjælp til indretning af bolig til personer med varigt nedsat fysisk eller psykisk funktionsevne, således at boligen bliver bedre egnet som opholdssted for den pågældende. I ganske særlige tilfælde kan der ydes hjælp til anskaffelse af anden bolig.";1
"1a0074a5-194f-4920-b262-a316cf361d9e";"27.60.16";"Forbrugsgoder";"Emnet dækker sager om:


    
        Hjælp til udgifter til køb af forbrugsgoder
        
    


Forbrugsgoder er produkter, der bliver fremstillet og forhandlet bredt med henblik på sædvanligt forbrug med den almindelige befolkning som målgruppe. Produktet er på den måde ikke fremstillet specielt til at afhjælpe en nedsat funktionsevne, som det er tilfældet med hjælpemidler.

Eksempler er:


    
        Hvilestole
        Hæve/sænkeborde
        Trehjulede el-scootere
        Lænestol med el-funktioner";1
"1a1248e4-7eeb-49dc-a063-3fdddf5cd6ac";"24.01.00";"Landbrugsforhold i almindelighed";"Efter 1/11-07 journaliseres sager om bekæmpelse af kæmpebjørneklo under emnenr. 01.13.29.
        Sager om skærmende beplantning ved skæmmende tekniske anlæg under emnenr. 01.13.27.";1
"1a2080b5-242f-4c27-a02a-3ddababa019d";"20.05.01";"Sendetilladelser";"Ingen beskrivelse";1
"1a3ea0f2-acc2-41b2-a15c-081acff20dda";"17.04.05";"Temadage, folkeskoleaktiviteter";"Her placeres sager om temadage uanset emne.
        Det kan være temadage for enkelte klasser, klassetrin og/eller hele skolen.";1
"1aa60db5-4c39-4b22-9306-eab42a3ad95f";"81.14.15";"Dokumenterede merudgifter";"Ingen beskrivelse";1
"1aafce55-d338-429e-8ec2-b0cbe7fee252";"22.11.05";"Bestillingskontorer";"Emnet dækker bestillingskontorer.
        I kommuner, hvor antallet af taxibevillinger er fastsat til 10 eller derover, påhviler det bevillingshaverne at oprette eller tilslutte sig et bestillingskontor og deltage i de foranstaltninger til fremme af en passende betjening af offentligheden, som kommunalbestyrelsen pålægger bestillingskontoret at etablere.
        
    


Emnet udgik august 2018 da administrationen af taxiområdet er flyttet til Trafik-, Bygge- og Boligstyrelsen. Genåbnet februar 2019, da kommuner fortsat får henvendelser, bl.a. om ombytning af tilladelser.";1
"1ad0aabc-a8ba-481c-837e-1fcd32d394ef";"17.21.15";"Indlogering af skoleelever (kostskole)";"Kommunalbestyrelsen kan med forældrenes samtykke sørge for indlogering i skolebyen af elever på 7.-9. klassetrin, hvis den daglige befordring mellem hjemmet og skolen er særlig usikker eller tidskrævende.
        Det kan eksempelvis være aktuelt for elever bosiddende på øer med en lang færgetransport.";1
"1af2766a-d62c-11ea-9c94-0050c2490048";"23.25.40";"Automatiske individuelle afgørelser, herunder profilering";"Emnet dækker bl.a.:


    
        Ret til ikke at være genstand for en afgørelse, der alene er baseret på automatisk behandling, herunder profilering.
        
    


Historik:


    
        Emnet er flyttet fra 85.09.40 pr. august 2020.";1
"1afb1a8d-119a-4381-8446-a098e2b2608e";"13.05.22";"Rutekørsel";"Ingen beskrivelse";1
"1b0d17e4-0c35-49a0-9248-f454b12d7102";"09.04.00";"Miljøinvesteringer i almindelighed";"Ingen beskrivelse";1
"1b125bff-bb14-4422-a64e-17bd38ee898a";"14.12.15";"Brandteknisk byggesagsbehandling";"Ingen beskrivelse";1
"1b1c1dd8-0b2c-4851-87ce-b2b3fe9087e4";"01.06.06";"Temakort";"Ingen beskrivelse";1
"1b413d16-1107-49b5-961f-fc34c98d2c07";"05.04.06";"Nyanlæg, stier";"Emnet dækker bl.a. sager om:


    
        Nyanlæg af cykelstier i eget trace
        Rekreative stier
        
    


Sager om anlæg, herunder nyanlæg, kan inddeles i en række faser, der adskilles sagsmæssigt. Følgende facetter (og emner) kan anvendes ifm. anlægsprojekter:


    
        Anlægsplan P16
        Anlægsprojekter P20
        Byggemøder P35
        Anlægsbevilling 00.30.08 med P19
        Aflevering af byggeregnskab 00.32.04 med G01
        Godkendelse af anlægsregnskab 00.32.04 med P19
        
    


Henvisning til andre relevante emner:


    
        Stier der er en del af vejen, se gruppe 05.01
        Nyanlæg af veje, se 05.01.02";1
"1b4a8024-8bf7-11e7-b084-0050c2490048";"85.10.13";"Brud på persondatasikkerheden";"Emnet dækker bl.a. sager efter:


    
        Sikkerhedshændelser.
        Artikel 33 og 34 i databeskyttelsesforordningen om brud på persondatasikkerheden.
        Procedurer for brud tilføjes facet A26.
        Konkrete anmeldelser af brud til Datatilsynet tilføjes facet G01.";1
"1b4a8024-8bf7-11e7-b085-0050c2490048";"85.10.14";"Konsekvensanalyse vedrørende databeskyttelse";"Emnet dækker bl.a. sager om:


    
        Konsekvensanalyse vedrørende databeskyttelse.
        Kortlægning over risikoen for de registreredes rettigheder.
        Vurdering af tekniske og organisatoriske foranstaltninger som sikring af behandlingen.
        
    


Henvisning til relevante facetter:


    
        Konsekvensanalyser tilføjes facet P05
        
    


Henvisning til andre relevante emner:


    
        Risikovurdering vedrørende databeskyttelse, se emnenr. 85.10.18.";1
"1b5d7eb9-52a3-4b44-882f-94dff431810c";"00.17.05";"Kulturcenteraktiviteter";"Sager om betalingen for kulturcenteraktiviteterne journaliseres under emnenr. 17.35.06.";1
"1b72daba-5e77-4512-a92e-5e4ca9950a35";"27.60";"Hjælpemidler, forbrugsgoder, boligindretning m.v.";"Gruppen er til sager om hjælpemidler, forbrugsgoder, boligindretning, mv.";1
"1b847ee2-2ce4-4f4c-945a-710a8b204235";"83.12.06";"Sikkerheds- og sundhedsforhold for flydende materiel";"Ingen beskrivelse";1
"1ba8e35c-9d49-4957-9b3a-4b8814ec752c";"81.09.00";"Hjemmearbejde i almindelighed";"Ingen beskrivelse";1
"1bca3130-909c-427f-8996-8bef970f02dd";"09.18.00";"Miljøregulering af visse aktiviteter i almindelighed";"Ingen beskrivelse";1
"1bd24e37-f0e2-470f-a6fa-162e39cc4fe1";"29.21.04";"Genoptræning efter sundhedsloven";"Emnet dækker sager om genoptræning efter § 140 i sundhedsloven.
        Kvalitetsstandarder tilføjes facet P23.";1
"1beff5f2-7f53-459f-bc88-07e7cc2c0a8e";"06.01.17";"Bidrag, spildevand";"Emnet dækker bl.a. sager vedrørende bidrag efter betalingsloven og lov om afgift af spildevand, fx:


    
        Vandafledningsbidrag. Kommunalbestyrelsens godkendelse af kubikmetertakst for spildevand. Tilføjes facet S55
        Kommunalt årligt vejbidrag til spildevandsforsyningsselskabet
        Tilladelse til, at en ejendom alene betaler for brugen af et spildevandsrenseforsyningsselskabs spildevandsrenseanlæg.
        Godkendelse af vedtægt om betalingsordningen (betalingsvedtægt), udarbejdet af spildevandsforsyningsselskabet. Tilføjes facet P24.
        Afgift, ejendomme der udleder spildevand uden om spildevandsanlæg, hvor der er tilsluttet mere end en ejendom";1
"1c0044e2-c3fa-4c0d-b902-a1cb5d37bbaa";"32.30.12";"Dagpenge ved alvorligt syge børn";"Ingen beskrivelse";1
"1c098200-0c62-4901-8d9b-8f96059fe2c8";"18.01.11";"Optagelse og alderskriterier, ungdomsskoler";"Kommunalbestyrelsen skal sikre kommunens unge tilbud om ungdomsskolevirksomhed.
        Tilbuddet er åbent for unge mellem 14 og 18 år, men efter indhentet udtalelse fra folkeoplysningsudvalget kan unge under 14 år og over 18 år optages.
        Emnet dækker således al optagelse af unge, der er tilmeldt kommunens folkeregister.
        Optagelse af unge fra/til andre kommuner, se emnenr. 18.01.12.";1
"1c0a6a89-2d84-11eb-910b-0050c2490048";"05.01.50";"Ladepunkter på offentlig vej";"Emnet dækker bl.a. sager om kommunens tilladelse til etablering af private og kommercielle ladepunkter til elbiler, herunder ledninger, på offentlig vej.
        
    


Henvisning til relevante facetter:


    
        Konkrete ansøgninger tilføjes G01.
        
    


Henvisning til andre relevante emner:


    
        Kommunens opsætning af ladestandere til brug i kommunens egne køretøjer, se emnenr. 83.09.15";1
"1c23732d-c3a2-11e7-b7a9-0050c2490048";"09.17.47";"Anmeldelse - skift i miljøteknologiske løsninger";"Emnet dækker bl.a. sager om:


    
        anmeldelse af skift i miljøteknologiske løsninger
        konkrete sager om anmeldelser tilføjes facet G01";1
"1c3f1746-3e07-4939-9aad-ebe609d27b49";"00.32.12";"Halvårsregnskaber";"Emnet dækker bl.a. sager om kommunens halvårsregnskab, herunder godkendelse og offentliggørelse. Godkendelser tilføjes facet P19.
        Vedr. budgetopfølgninger, se emnenr. 00.30.14
        Emnet erstatter sammen med emnenr. 00.32.10 facet S08";1
"1c5f882d-e726-11e4-821f-0050c2490048";"05.12.10";"Koordinering af gravearbejder og ledningsarbejder";"Emnet dækker bl.a. sager om:


    
        Koordinering af gravearbejder
        Oplysning til graveaktører
        Koordinering af vej- og ledningsarbejder";1
"1cac85f2-c420-4a2b-ad56-fe193d5318c2";"04.01.15";"Uretmæssig benyttelse af parker og anlæg";"Ingen beskrivelse";1
"1cbf4965-a52d-11e8-bbbd-0050c2490048";"84.20";"Kommunale folkeafstemninger";"Gruppen dækker bl.a. sager om:


    
        Vejledende kommunale folkeafstemninger
        Bindende kommunale folkeafstemninger";1
"1cbf4965-a52d-11e8-bbbe-0050c2490048";"84.20.00";"Kommunale folkeafstemninger i almindelighed";"Her journaliseres bl.a. sager om:


    
        Vejledende kommunale folkeafstemninger";1
"1cbf4965-a52d-11e8-bbbf-0050c2490048";"84.20.05";"Bindende kommunale folkeafstemninger";"Emnet dækker sager om afholdelse af bindende kommunale folkeafstemninger som følge af kommunalbestyrelsens beslutning herom.";1
"1cbf4965-a52d-11e8-bbc0-0050c2490048";"84.20.10";"Beslutning om at afholde bindende folkeafstemning";"Emnet dækker bl.a. sager om:


    
        Kommunalbestyrelsens beslutning om at afholde bindende folkeafstemning.";1
"1cdb264c-fdcf-432c-855b-caa91d28faff";"32.03.08";"Opsat pension";"Udbetaling Danmark myndighedsopgave pr. 1. marts 2013


    
        Her journaliseres sager om opsat pension efter pensionslovens paragraf § 15a-f
        Sager om folkepension journaliseres under emnenr. 32.03.04";1
"1d5347c0-e487-4c06-a81a-a9665e30ef7c";"18.15.15";"Tilskud til private lokaler mv. - folkeoplysning";"Emnet dækker bl.a. sager om:


    
        Tilskud til delvis dækning af driftsudgifterne til den folkeoplysende voksenundervisning og det frivillige folkeoplysende foreningsarbejde i private lokaler mv.
        Konkrete tilskud tilføjes facet Ø40";1
"1d6ac4c3-c81d-423a-8722-b93b25555f18";"20.02";"Biografer / film mv.";"Ifølge filmloven kan kommuner drive virksomhed for filmproduktion, filmforevisning og filmudlejning og kan yde støtte i form af tilskud, lån eller garanti for lån til filmproduktion, filmudlejning og biografvirksomhed.";1
"1d762cd5-1e68-11e6-a55c-0050c2490048";"88.12.40";"Reserverede kontrakter til beskyttede værksteder m.v.";"En ordregiver kan stille krav om, at det alene er beskyttede værksteder eller økonomiske aktører, hvis hovedformål er social og faglig integration af handicappede eller dårligt stillede personer, der kan deltage i udbuddet eller beslutte, at sådanne koncessioner skal udføres i forbindelse med programmer for beskyttet beskæftigelse, forudsat at en andel af arbejdstagerne i de pågældende beskyttede værksteder, hos de pågældende økonomiske aktører eller i de pågældende programmer er handicappede eller dårligt stillede arbejdstagere";1
"1d763781-23fa-45a5-9208-aed9076b509a";"28.09.08";"Sprogvurdering og sprogstimulering";"Emnet dækker bl.a. sager om:


    
        Sprogvurdering og sprogstimulering
        Oplysning om pligt til at deltage i sprogvurderingen
        Afgørelse efter dagtilbudslovens § 12 om standsning af børneydelsen.";1
"1d791291-76a0-4024-8b22-e01ffeec7ffb";"03.12.03";"Lejerens indflytning";"Emnet dækker bl.a. sager om indflytningsrapporter
        Konkrete afgørelser tilføjes facet G01.";1
"1d79a3a0-65d1-44eb-9c65-44379be9f7f8";"82.16.02";"Enkeltstående udlån af kommunens ejendomme og lokaler";"Ingen beskrivelse";1
"1d99bc4a-3050-11e9-a39b-0050c2490048";"01.24.14";"Kystbeskyttelsesforanstaltninger uden tilladelse";"Emnet dækker bl.a. sager om:


    
        Administrativ håndhævelse efter kystbeskyttelsesloven.
        Ulovlige forhold og lovliggørelse af kystbeskyttelsesforanstaltninger.
        Påbud om fjerne vrag.
        Påbud tilføjes facet K08.";1
"1dc079a3-17d4-4c53-8a96-c6f4e4f0ce0e";"00.15.02";"Decentralisering / selvforvaltning";"Emnet dækker bl.a. sager om:


    
        Decentralisering og selvstyre.
        Decentraliserings- og selvforvaltningsinitiativer
        Konkrete aftaler tilføjes facet P27";1
"1dd8a302-f2ad-40de-93e8-2063cf774b6a";"07.17.02";"Indsamlings- og anvisningsordninger, ikke-specificerede";"Ingen beskrivelse";1
"1e1bb58c-ea1d-40fa-800e-50ebcf928443";"24.00";"Erhvervsforhold";"Ingen beskrivelse";1
"1e2aba8a-0750-459e-9618-0518126dc171";"20.03.10";"Udgivelse / produktion mv. af musik";"Ingen beskrivelse";1
"1e568788-ba34-4150-848f-3b4517a881ff";"21.08.00";"Biblioteksbetjening af institutioner og enkelte befolkningsgrupper i almindelighed";"Ingen beskrivelse";1
"1e664c00-7fe8-46d1-a0f1-dd83091b3b2d";"19.03.25";"Lokale kulturmiljøråd";"En kommune eller flere kommuner i forening kan nedsætte et lokalt kulturmiljøråd, hvis opgave er at rådgive offentlige myndigheder med henblik på at understøtte de kulturhistoriske og bygningskulturelle værdier i den fysiske planlægning i lokalområdet. Emnet dækker bl.a. sager om:


    
        det lokale kulturmiljøråds opbygning og organisering - tilføjes facet A30.
        mødereferater fra møder i kulturmiljørådet - tilføjes facet P35.";1
"1e917c25-4966-4020-9940-f6c15f1bd21a";"14.06.00";"Lokaliteter, redningsberedskab i almindelighed";"Ingen beskrivelse";1
"1e93d2a4-0641-4c6e-b6be-042c5378fcde";"09.02.15";"(I) Dambrug og havbrug";"Emnet dækker bl.a. sager om godkendelsespligtige dambrug og havbrug (opført på godkendelsesbekendtgørelsens bilag 2).";1
"1eeda6f8-3875-41ca-87e8-83a9287cbd99";"06.02.35";"Forebyggelse og bekæmpelse af okkergener";"Emnet er til sager, hvor kommunalbestyrelsen har opgaver ifm. forebyggelse og bekæmpelse af okkergener efter Okkerloven. Eksempler på sager er:


    
        kommunens godkendelse af udgrøftning og dræning efter lovens § 3
        ansøgning om støtte til rensningsforanstaltninger efter § 6
        tilsyn efter §§ 9-10";1
"1f0d56f3-b5f0-4c21-a3ba-bc20e3258112";"17.11";"Friskoler, efterskoler mv - kommunale bidrag og tilskud";"Ingen beskrivelse";1
"1f91a50a-93af-4a3a-a948-e03d09ac20b5";"81.23.07";"Lønmodtagernes Dyrtidsfond";"Ingen beskrivelse";1
"1fcf00a6-8fea-4dc5-a537-40bc519512ec";"82.20.01";"Byggeprogram, kommunens ejendomme";"Ingen beskrivelse";1
"1fcf275a-1a92-46bc-8a0f-633fa862e2c9";"15.01.03";"Efterløn og feriedagpenge";"Emnet omfatter sager efter §§75-75h i lov om arbejdsløshedsforsikring. Loven vedrører primært ledige, der er medlem af en arbejdsløshedskasse. Kommunerne kan modtage oplysninger/informationer om eksempelvis efterløn, hvorfor der primært vil være tale om informativt materiale.";1
"1fdfe71a-3045-4393-9792-027f0c1c7d12";"32.42";"Ydelser efter sundhedsloven";"Ingen beskrivelse";1
"1ffa50b3-e5f4-4960-b4cc-17469bcf63a2";"27.48.04";"Ledsageordning";"Ifølge SEL § 97 skal kommunen yde 15 timers ledsagelse om måneden til personer under 67 år, der ikke kan færdes alene på grund af betydelig og varigt nedsat funktionsevne.
        Modtageren kan opspare timer inden for en periode på 6 måneder efter retningslinjer fastsat af kommunen.";1
"20069776-132b-4bcf-891b-6f99f490bfeb";"03.12.05";"Vedligeholdelse og istandsættelse";"Emnet dækker bl.a. sager om:


    
        vedligeholdelse og istandsættelse af ejendommen og det lejede
        udarbejdelse af et vedligeholdelsesreglement
        fastlæggelse af bestemmelser om istandsættelse ved fraflytning
        konkrete afgørelser tilføjes facet G01.";1
"202979c0-d3a7-4832-bf93-3ddb9c676df4";"32.00.00";"Kontante ydelser i almindelighed";"Emnet dækker bl.a.:


    
        Generelle sager om kontante ydelser
        Sager om kontante ydelser som dækker to eller flere grupper i hovedgruppe 32, eller ikke entydigt kan placeres under et af emnerne i hovedgruppe 32
        
    


Henvisning til relevante facetter:


    
        Kvalitetskontrol af udbetaling af ydelser eller tilskud mv., efter bek om statsrefusion og tilskud samt regnskabsaflæggelse og revision på visse områder. Tilføjes facet K01";1
"207e99d8-e8e7-4763-b0cc-8f1644549dc4";"83.09.01";"Olie";"Ingen beskrivelse";1
"20812556-2104-4b93-9fc3-41778cc03ff2";"09.30.08";"(G) Kraft- og varmeproduktion";"Emnet dækker bl.a. sager om kommunens tilsyn med brugerbetalingsbekendtgørelsens bilag 1-virksomheder, under pkt. G.
        De konkrete sager om tilsyn journaliseres med facet K08";1
"208aac3c-e479-49f6-95be-3244eca725a3";"01.02.00";"Kommuneplanlægning og lokalplanlægning i almindelighed";"Emnet dækker bl.a. sager:


    
        Der med lige god ret kan placeres under to eller flere af emnerne i gruppen
        Byplanvedtægter
        Nedsættelse af Facaderåd
        Ansøgninger om solcelleprojekter (før lokalplanlægning)";1
"209c75f7-b6fb-4870-8499-1bba2eef9160";"81.15.17";"Funktionsløn";"Ingen beskrivelse";1
"20a899bf-45cd-455e-b818-8f4d3314f295";"17.27.12";"Vejledning i grundskolen";"Emnet dækker bl.a. sager om vejledning i grundskolen. Det er fx sager om:


    
        Mål og rammer for vejledningen, jf. lovens § 10
        Valg af vejledningsaktiviteter og -metoder, metoder til kvalitetsudvikling samt resultatmåling og dokumentation af sådan måling
        Individuel vejledning
        Kollektiv vejledning
        Særlig målrettet vejledningsindsats for ikke-uddannelsesparate elever
        Mentorordninger, hvor elever i 9. og 10. klasse får bistand fra en mentor i forbindelse med overgangen til en ungdomsuddannelse
        Sammenhængende plan for vejledningsaktiviteterne i 8. og 9. klasse";1
"20aa3fbb-23bf-11e9-b395-0050c2490048";"27.29.00";"Bekæmpelse af ungdomskriminalitet i almindelighed";"Her placeres sager om bekæmpelse af ungdomskriminalitet, hvor sagen med lige god ret kan placeres under to eller flere emner.";1
"20aa3fbb-23bf-11e9-b396-0050c2490048";"27.29.05";"Straksreaktioner";"Emnet dækker bl.a. sager om:


    
        Nævnets afgørelse om straksreaktion.
        Kommunens opgaver ifm gennemførelse af straksreaktioner.
        Politiets bistand til gennemførelse af en straksreaktion.
        Erstatning og godtgørelse til børn og unge for skader, der pådrages ved udførelsen af straksreaktioner.
        Manglende overholdelse af en straksreaktion";1
"20aa3fbb-23bf-11e9-b397-0050c2490048";"27.29.10";"Forbedringsforløb";"Emnet dækker bl.a. sager om:


    
        Ungdomskriminalitetsnævnets afgørelser om forbedringsforløb.
        Kommunens opgaver ifm gennemførelse af forbedringsforløb.
        Valg af konkret anbringelsessted.
        Manglende overholdelse af et forbedringsforløb";1
"20aa3fbb-23bf-11e9-b398-0050c2490048";"27.29.15";"Ophør eller ændring af foranstaltninger, ungdomskriminalitet";"Emnet dækker bl.a. sager om:


    
        Kommunens indstilling om ophør eller ændring af foranstaltninger og manglende fuldbyrdelse.";1
"20aa3fbb-23bf-11e9-b399-0050c2490048";"27.29.20";"Hjemgivelse, opretholdelse af anbringelse og ændring af anbringelsessted";"Emnet dækker bl.a. sager om:


    
        Kommunens indstilling om hjemgivelse, opretholdelse af anbringelse og ændring af anbringelsessted.";1
"20aa3fbb-23bf-11e9-b39a-0050c2490048";"27.29.25";"Forelæggelse af sager for ungdomskriminalitetsnævnet";"Emnet dækker bl.a. sager om:


    
        Forelæggelse af sager for ungdomskriminalitetsnævnet.";1
"20b43db4-416a-48c4-a9f3-1f24c83ad997";"00.07";"Forvaltningsprincipper";"Gruppen dækker bl.a. sager om:


    
        forvaltningsprincipper efter offentlighedsloven, forvaltningsloven samt Ombudsmandens god forvaltningsskik";1
"20c00f0b-cd8f-4d2a-961c-1ca190360c76";"83.30";"Køkken- og kantineudstyr";"Ingen beskrivelse";1
"20e889a3-4c48-4f90-b028-1acb5353ef0a";"03.08.01";"Økonomi mv. - selvejende ungdomsboliger";"Ingen beskrivelse";1
"21108651-f7ab-43e6-bf4a-a118a2779fc1";"00.30.08";"Anlægsbudgetter";"Emnet dækker sager om anlægsbudgetter, hvor disse ønskes udskilt fra årsbudgetter
        Anlægsbevillinger journaliseres også her med facet P19
        Emnet erstatter facet S 05";1
"212691b8-8411-4e9e-8280-24eccf4a058a";"21.01";"Udlånsvirksomhed";"I denne gruppe journaliseres alle sager om udlånsvirksomheden. Gruppen er bygget op i forhold til udlånets faser, der således er indgangen til sagerne. Udlånssagerne er uafhængige af, hvilket medium der lånes (bøger, tidsskrifter, lydbøger, musikbærende materialer, video og videogrammer, elektroniske informationsressourcer som Internet og multimedier osv.). Sager om de enkelte medier skal placeres i gruppe 83.07, der handler om køb og vedligeholdelse af forskellige informationsmaterialer og programmel i den sammenhæng. Samtlige paragrafhenvisninger til gruppen omhandler bestemmelser om udlånet, herunder mulighederne for gebyrer/depositum.";1
"212ac27d-8d46-4df0-a0c7-42a3ea90d5ec";"82.20.04";"Opførelse og udførelse, til- og ombygning";"Ingen beskrivelse";1
"213474ea-a232-11ed-8c16-0050c2490048";"88.12.15";"Koncessionskontrakter om kommunens tjenesteydelser";"Emnet dækker sager om koncessionskontrakter vedrørende offentlige tjenesteydelser, sociale tjenesteydelser og andre specifikke tjenesteydelser opført i bilag IV af (EUROPA-PARLAMENTETS OG RÅDETS DIREKTIV 2014/23/EU af 26. februar 2014), hvor kommunen tilkendegiver hensigten gennem offentliggørelsen af en forhåndsmeddelelse.";1
"2164a5a7-25c2-4210-b3fa-cb862f1d7dc6";"17.35.08";"Forældrebetaling til skolefritidsordning";"Emnet dækker sager om betaling af forældre til børn, der er optaget i en skolefritidsordning.
        Sager om fastlæggelse af takster, tilføjes facet S29.";1
"219706fd-d094-410a-891b-c671911707a0";"29.30.04";"Sundhedssamarbejde [udgår 2027]";"Emnet udgår feb 2027, da bestemmelserne om sundhedssamarbejde efter § 204 er ophævet med LOV nr 719 af 20/06/2025

Oprindelig servicetekst:

Emnet dækker bl.a. sager om:


    
        nedsættelse af sundhedssamarbejdsudvalg
        sekretariatsbetjening af sundhedssamarbejdsudvalget
        kommunal sundhedsplanlægning i regi af sundhedssamarbejdsudvalget
        
    


Henvisning til relevante facetter:


    
        Nedsættelse af udvalg tilføjes facet A30
        Mødereferater tilføjes facet P35
        Forretningsorden tilføjes A26
        
    


Henvisning til andre relevante emner:


    
        Sager om kommunens sundhedspolitik journaliseres med emnenr. 29.00.00 og facet P22
        
    


Historik:


    
        Emnet hed indtil august 2022 sundhedskoordination";1
"219bcad2-242e-11f0-87ce-0050c2490048";"32.03.13";"Udvidet helbredstillæg";"Emnet dækker bl.a. sager om udvidet helbredstillæg til betaling af pensionistens egne udgifter til tandproteser, briller og fodbehandling.

Henvisning til relevante facetter:


    
        Ansøgning om udvidet helbredstillæg tilføjes facet G01.
        
    


Henvisning til andre relevante emner:


    
        Personligt tillæg og helbredstillæg, se emnenr. 32.03.12.
        
    


Historik:


    
        Emnet var indtil maj 2025 en del af 32.03.12.";1
"21b80e14-aaf6-4f79-8054-5e7941a93e47";"07.04.01";"Maskiner / inventar, faste installationer, affaldsbehandlingsanlæg";"Ingen beskrivelse";1
"21f06f4e-9cce-4dfd-bef4-06a9a170a7cd";"27.66.00";"Magtanvendelse m.v. i almindelighed";"Emnet dækker bl.a. sager


    
        Der med lige god ret, kan placeres under to eller flere emner i gruppen
        Om magtanvendelse, som ikke er dækket af de eksisterende emner i gruppen";1
"21f8aaf0-a6e9-49f1-a2e7-36b099d26d2c";"17.04.07";"Kulturelle folkeskolearrangementer / fester";"Emnet dækker bl.a. sager om:


    
        diverse former for kulturelle arrangementer som sangarrangementer, skolekomedie, teater og lignende
        skolefester
        
    


Sager om skolens rolle i forbindelse med kulturcenteraktiviteter i henhold til folkeskolelovens § 3, stk. 6, placeres under emnenr. 00.17.05. Når denne placering er valgt, skyldes det, at kulturcenteraktiviteter ofte vil omfatte sager fra flere af skolejournalplanens hovedgrupper, eksempelvis hovedgruppe 18 og 20.";1
"21fd7cc9-73ae-4e63-8dd9-62d32b750390";"84.05.01";"Valglister / valgkort til menighedsrådsvalg";"Ingen beskrivelse";1
"223722ff-dc6d-43f7-a913-3003521525af";"13.05.18";"Individuel handicapkørsel for svært bevægelseshæmmede";"Ingen beskrivelse";1
"223dc765-b6b4-43f7-83e0-e0e9a0998c01";"81.06";"Jobrotation";"Ingen beskrivelse";1
"225f9738-a543-48de-8939-860ae7b426f6";"29.12.12";"Sundhedsmæssige ydelser til børn og unge m.fl. med særlige behov";"Emnet er til sager om sundhedsmæssige ydelser til børn og unge m.fl. med særlige behov. Fx sager om:


    
        Tilbud om en øget indsats, herunder en øget rådgivning samt yderligere forebyggende
        Aktiviteter der knytter sig til den tværfaglig gruppe, der skal sikre, at den enkeltes udvikling, sundhed og trivsel fremmes";1
"226715d8-3dc4-11ea-a4ae-0050c2490048";"01.07.15";"Erhvervelse af fast ejendom";"Emnet dækker bl.a. sager om:


    
        Civilstyrelsens tilladelser til at erhverve fast ejendom fra personer, der ikke har fast bopæl i Danmark, og henvendelser herom. Sendes i kopi til kommunen.";1
"226cf7b3-9dc2-42b4-b57a-4ffe30fe504c";"14.01.07";"Kommunikation, redningsberedskab";"Ingen beskrivelse";1
"229cf06b-d835-11e8-8eff-0050c2490048";"25.45.32";"Opkrævning - kommunekrav";"Emnet dækker sager om opkrævning af kommuner, hvor krav opstår i nedenstående tilfælde:


    
        Tilbagebetaling af servicetræk ved dødsfald.
        Tilbagebetaling af træk vedr. tilbagebetaling af personlige tillæg ved dødsfald.
        Tilbagebetaling af for meget udbetalt pension for en borger under administration ved dødsfald.
        
    


Udbetaling Danmark myndighedsopgave.";1
"229cf06b-d835-11e8-8f00-0050c2490048";"25.45.33";"Opkrævning - tilbagebetaling engangsydelse";"Udbetaling Danmark myndighedsopgave.";1
"229cf06b-d835-11e8-8f01-0050c2490048";"25.45.34";"Opkrævning - tilbagebetaling invaliditetsydelse";"Udbetaling Danmark myndighedsopgave.";1
"229cf06b-d835-11e8-8f02-0050c2490048";"25.45.35";"Opkrævning - tilbagebetaling international invaliditetsydelse";"Udbetaling Danmark myndighedsopgave.";1
"229cf06b-d835-11e8-8f03-0050c2490048";"25.45.36";"Opkrævning – tilbagebetaling tidlig pension";"Udbetaling Danmark myndighedsopgave.";1
"229cf06b-d835-11e8-8f04-0050c2490048";"25.45.37";"Opkrævning – tilbagebetaling international tidlig pension";"Udbetaling Danmark myndighedsopgave.";1
"229cf06b-d835-11e8-8f06-0050c2490048";"25.45.39";"Opkrævning - tilbagebetaling hjemrejsebistand";"Udbetaling Danmark myndighedsopgave.";1
"229cf06b-d835-11e8-8f08-0050c2490048";"25.45.41";"Opkrævning - tilbagebetaling seniorpension";"Emnet dækker sager om tilbagebetaling af seniorpension
        Udbetaling Danmark myndighedsopgave.";1
"229cf06b-d835-11e8-8f09-0050c2490048";"25.45.42";"Opkrævning - tilbagebetaling international seniorpension";"Emnet dækker sager om tilbagebetaling af international seniorpension
        Udbetaling Danmark myndighedsopgave";1
"229cf06b-d835-11e8-8f0a-0050c2490048";"25.45.43";"Opkrævning - tilbagebetaling seniorpræmie";"Emnet dækker sager om tilbagebetaling af seniorpræmie
        Udbetaling Danmark myndighedsopgave";1
"229cf06b-d835-11e8-8f0c-0050c2490048";"25.45.45";"Opkrævning - fleksydelsesbidrag";"Ingen beskrivelse";1
"229cf06b-d835-11e8-8f0d-0050c2490048";"25.45.46";"Opkrævning - tilbagebetaling fleksydelse";"Ingen beskrivelse";1
"229cf06b-d835-11e8-8f0e-0050c2490048";"25.45.47";"Opkrævning - tilbagebetaling beboerindskudslån";"Emnet dækker sager om tilbagebetaling af beboerindskudslån
        Udbetaling Danmark myndighedsopgave";1
"229cf06b-d835-11e8-8f0f-0050c2490048";"25.45.48";"Opkrævning - tilbagesøgning";"Emnet dækker sager om tilbagesøgningskrav
        Udbetaling Danmark myndighedsopgave";1
"229cf06b-d835-11e8-8f10-0050c2490048";"25.45.49";"Dødsbo";"Udbetaling Danmark myndighedsopgave.";1
"22ad5133-806c-4e05-85ad-bf18767fa3f5";"82.04";"Indretning af kommunens arbejdslokaler og arbejdspladser";"Ingen beskrivelse";1
"22c47b6b-12a3-4cc7-8bc4-3d0ed8cdb576";"07.18.06";"Madaffald / restaffald, indsamlingsordninger";"Her journaliseres sager om indsamlingsordninger for madaffald og restaffald
        
    


Henvisning til andre relevante emner:


    
        Sager om regulativer journaliseres under emnenr. 07.00.03";1
"22e8a22d-ef29-4c4c-a587-655bb94f6f78";"27.69.32";"Rammer for tilsyn med, hvordan de kommunale opgaver løses";"Kommunalbestyrelsen har pligt til at føre tilsyn med, hvordan de kommunale opgaver løses. Både med hensyn til indhold af tilbuddene og måden opgaverne udføres på.
        Emnet er til sager, hvor kommunalbestyrelsen udstikker rammerne for dette tilsyn.";1
"232444ac-a3a4-4871-a6e5-8272186b1476";"05.04.20";"Overtagelse af almene stier og private fællesstier";"Ingen beskrivelse";1
"23311d8b-d173-4754-a7dd-51769693ea0d";"17.27.14";"Vejledning til elever på friskoler, private grundskoler mv.";"Ingen beskrivelse";1
"233998c7-7705-44a2-9453-bbfb0dc9dea3";"24.15.03";"Direkte eksport";"Emnet dækker sager om salg af knowhow til udlandet.
        Salg af ydelser mellem forvaltninger i form af fx kurser og foredrag journaliseres under relevant emne med facet G10.";1
"2340ec29-3b5a-4dc5-9c45-d46ba9b7f1d0";"81.01.10";"Ikke-normeret personale";"Emnet anvendes ved bl.a. fastlæggelse af antal ikke fast personale, der derfor ikke optræder på normeringsplanen, eksempelvis elever, vikarer, ansatte i jobtræning osv.
        Under emnenummeret placeres også ""kontraktansatte"" uden for normeringsplanen, eksempelvis forpagtere i sportshallers cafeterier samt ansættelser efter det sociale kapitel.";1
"236ebdf6-03e3-4795-85d3-3fc88846c36f";"20.01.02";"Egnsteater";"Staten yder refusion af op til 50 pct. af kommunernes driftstilskud til egnsteatre, som kommunerne har indgået egnsteateraftaler med, og som kan godkendes som professionelt producerende teatre.";1
"23800a24-bd3c-4926-933a-74897467292a";"02.05.07";"Enfamiliehuse, brandforhold";"Ingen beskrivelse";1
"238d9fb1-fa1d-4a39-95d8-c38718dd3de3";"82.25";"Flytninger / lokalefordeling, kommunens ejendomme";"Ingen beskrivelse";1
"23b02edc-9695-4ce2-bb05-c113caa1f454";"01.11.28";"Friarealer";"Emnet dækker sager om friarealer, fx sager om:


    
        støtte til fælles friarealforbedring.
        rydningsarbejder
        bygningsarbejder i form af udbedring af bygningsdele
        møblering af det fælles friareal
        etablering af et affaldssorteringssystem
        afståelse af private bygninger ved etablering af fælles friarealer";1
"23b0d2a2-fd3b-4f44-a4a6-6db7ef6da9a7";"27.69.36";"Kriminalpræventivt tilsyn med udviklingshæmmede";"Emnet dækker sager, hvor kommunalbestyrelsen fører tilsyn med personer med betydeligt og varigt nedsat psykisk funktionsevne, som i henhold til dom eller kendelse eller som vilkår for tiltalefrafald eller prøveløsladelse skal undergives tilsyn af de sociale myndigheder.
        Sager om konkrete kriminalpræventive tilsyn med udviklingshæmmede tilføjes facet K09";1
"23c50045-e063-411b-8c84-999596cc1506";"05.09.02";"Betalingsparkering - parkeringslicenser og betalingsafgifter";"Emnet dækker bl.a. sager om:


    
        Parkeringslicenser og afgifter
        Betaling for at holde på en offentlig parkeringsplads
        Ansøgninger om beboer- og erhvervslicenser
        Klager over afgørelser";1
"23cf1f03-80b0-48ec-9c9b-4ca68a830137";"20.20.00";"Kulturaftaler i almindelighed";"Her journaliseres sager om kulturaftaler. Kulturministeren kan indgå kulturaftaler med en kommune eller en række kommuner, der fremsætter ønske herom.

Kulturaftalen skal indeholde bestemmelser om:


    
        Hvilke opgaver der skal varetages, og hvilke konkrete mål den eller de kommuner, der indgår i kulturaftalen skal opfylde i aftaleperioden
        Hvilke økonomiske vilkår der er knyttet til aftalen
        Hvorledes der i kulturaftalen på det kommunale niveau kan sikres balance mellem det politiske ansvar og den kulturfaglige og kunstneriske sagkundskab og frihed
        Erfaringsudveksling og evaluering i forbindelse med kulturaftalerne
        
    


Henvisning til relevante facetter:


    
        Konkrete kulturaftaler journaliseres med facet P27";1
"23d573b6-be1b-4ead-9d7c-a525a1c4c86c";"24.00.00";"Erhvervsforhold i almindelighed";"Emnet dækker bl.a.:


    
        Generelle sager om erhvervsforhold
        Sager om erhvervsforhold som dækker to eller flere grupper i hovedgruppe 24, eller ikke entydigt kan placeres under et af emnerne i hovedgruppe 24";1
"23db62ed-1f54-4f12-9dcf-f68b5c26aa7e";"83.07";"Informationsmaterialer og programmel";"Ingen beskrivelse";1
"23de38fe-1e35-4c48-b480-4d55c232b0db";"20.10.04";"Andres kulturelle arrangementer";"Ingen beskrivelse";1
"23e3fa40-fbf1-4b52-97b6-1970aed79dd6";"17.35.04";"Betaling fra voksne som deltager i folkeskolens undervisning";"Ingen beskrivelse";1
"23e57c96-73b5-4bcc-b9cf-a3d4935565e4";"00.15.00";"Administrativ organisering i almindelighed";"Ingen beskrivelse";1
"240c03da-47fe-11ea-a0f7-0050c2490048";"32.24.26";"Sammenhængende hjælp efter aktivlovens § 27 b";"Emnet dækker bl.a. sager om:


    
        Hjælp til personer, der tager fast bopæl her i landet, og som modtager førtidspension fra Færøerne eller Grønland";1
"24163c38-1fc8-4c2f-8657-785c3d3d1271";"09.18";"Miljøregulering af visse aktiviteter";"Ingen beskrivelse";1
"241a145f-b35f-441a-92e1-8a88faa9c752";"27.45.00";"Boligtilbud for ældre og personer med handicap i almindelighed";"Ingen beskrivelse";1
"244c5d03-d503-475e-85b5-ce557bfed3a7";"15.21.20";"Varsling af større afskedigelser";"Emnet dækker bl.a. sager om:


    
        varsling af større afskedigelser
        varslingspuljen.";1
"246b1d3b-6db2-44da-aaf6-bade138a25f1";"29.15.00";"Kommunal tandpleje mv. i almindelighed";"Ingen beskrivelse";1
"248eb912-d77e-42a4-8a25-b834adfa6c58";"07.17.18";"Bygge- og anlægsaffald fra erhverv, genanvendelse mv.";"Emnet dækker bl.a. sager om:


    
        Bygherrers anmeldepligt og kortlægningspligt i forbindelse med nedrivning og renovering af byggerier
        Bygherrers identifikation af PCB i bygninger og anlæg og anmeldelse af affald – fra erhverv
        Anmeldelse af asbest, der indgår i anmelde- og kortlægningspligten efter affaldsbekendtgørelsens kap. 13.
        Sortering af bygge- og anlægsaffald med henblik på genanvendelse, herunder anmeldelse om bygge- og anlægsaffald til kommunen";1
"24a325d2-c92a-43cf-9ae4-9178bbc35ed2";"05.02.10";"Overkørsler og overgange - private fællesveje";"Ingen beskrivelse";1
"24a530f6-ffb7-489c-82a9-466d322c8201";"00.03.02";"Internationale organisationers virksomhed";"Emnet dækker bl.a. sager om:


    
        internationale organisationer som fx: FN, UNESCO og Røde Kors, som ikke kan knyttes nærmere til et konkret emne
        organisering og udvikling af hjælpeorganisationer";1
"24a6b121-3fec-4437-8874-848d16269a52";"81.29";"Arbejdsskader / tilskadekomst, personale";"Gruppen dækker bl.a. sager om arbejdsskader/arbejdsulykker, erhvervssygdomme og nærved-ulykker.";1
"24aed901-cb7b-4628-8c25-addcb4925e9a";"03.12";"Almene boliger - tvister mellem lejer og udlejer";"Gruppen dækker sager inden for beboerklagenævnets kompetenceområde.
        Sager vedrørende huslejenævnets kompetenceområde journaliseres i gruppe 03.09.
        Beboerklagenævnets konkrete afgørelser af tvister tilføjes facet G01.";1
"24cf5611-5fa7-4376-96fe-87de835de938";"32.30.00";"Dagpenge ved sygdom og barsel i almindelighed";"Ingen beskrivelse";1
"24d4aa23-d6e1-4283-a2e8-4228d0385975";"14.05.06";"Brandslukningsmateriel";"Ingen beskrivelse";1
"24dd8c7b-e521-41ee-8101-4e024cfea45f";"81.08.00";"Frikøb af medarbejdere i almindelighed";"Ingen beskrivelse";1
"253c783c-d8ff-416c-a813-62cde566da20";"02.05.08";"Etageboligbyggeri, brandforhold";"Ingen beskrivelse";1
"255fde6a-7fd7-47dd-9fe4-78e672a5b6b3";"13.04.00";"Bygasforsyning i almindelighed";"Ingen beskrivelse";1
"2580b7aa-2cac-4dee-bd85-45acd4e39bba";"27.35";"Almene tilbud";"Gruppen dækker bl.a. sager om almene tilbud efter afsnit V i serviceloven.";1
"25a5d0ea-68cf-4224-9a60-63d67184fff3";"81.15.10";"Tillæg af anciennitet";"Ingen beskrivelse";1
"25a6ef52-8853-4a7c-a021-2263378724bb";"29.09.12";"Sundhedsprofiler";"Emnet dækker sager om sundhedsprofiler, fx i forbindelse med kortlægning af sundhedstilstanden hos borgere i kommunen.";1
"25b1f66d-1be2-47c7-97b2-2abf7628af5f";"81.16.00";"Personalegoder (skattefri) i almindelighed";"Emnet dækker bl.a. sager om personalegoder, som er skattefri for medarbejderne jf. SKATs juridiske vejledning.

Henvisning til andre relevante emner:


    
        Bemyndigelse til at godkende udstedelse af betalingskort til medarbejder journaliseres under emnenr. 00.15.15.";1
"25b703c5-8d81-44e5-933c-b72956971971";"18.10";"Ungdomsskoletilbud, ikke-obligatorisk undervisning";"Gruppen indeholder primært sager om ungdomsskoletilbuddene.
        Sager om ""almen undervisning"" (Lbk. om ungdomsskoler § 3, stk. 1, pkt. 1), journaliseres i hovedgruppe 17, primært gruppe 17.02.
        Sager om ""prøveforberedende undervisning"", som afsluttes med folkeskolens afgangsprøve eller udvidede afgangsprøve (Lbk. om ungdomsskoler § 3, stk. 1, pkt. 2), journaliseres i hovedgruppe 17, primært i grupperne 17.02 og 17.05.
        Sager om ""specialundervisning"" (Lbk. om ungdomsskoler § 3, stk. 1, pkt. 3) journaliseres i gruppe 17.03.
        Sager om ungdommens uddannelsesvejledning journaliseres i gruppe 17.27.";1
"25da87d5-d95e-45d7-a200-472901bbdb37";"81.00.15";"Ligestilling og ligebehandling af personale";"Her journaliseres kommunens generelle sager om ligestilling/ligebehandling
        Ligestillingsredegørelse
        Ligestillingsvurdering
        Indberetning og offentliggørelse af måltal og politik
        
    


Henvisning til andre relevante emner:


    
        Hvis ligestilling/ligebehandling er et aspekt af et sagsforløb placeres det under pågældende emne, fx ansættelsessag under emnenr. 81.03.00.";1
"25ec4085-70f5-4736-ab5f-b9fa28b78a34";"00.36";"Pantebreve, obligationer og aktier";"Ingen beskrivelse";1
"26165c04-d83d-4839-83f7-5bea3fb208f9";"81.01.02";"Frigivelse af stillinger";"Emnet anvendes når ledige stillinger frigives. Eksempelvis kan der besluttes ansættelsesstop i løbet af et år, hvilket betyder, at stillingerne ikke fjernes fra normeringsplanen, men blot ikke besættes ved ledighed.
        Når sådanne stillinger igen kan besættes, eksempelvis i forbindelse med nyt budget, anvendes emnenr. 81.01.02.";1
"2631b0c0-9fce-11e4-8d9b-0050c2490048";"01.09.05";"Vilkår om efterbehandling, råstofindvinding";"Regionsrådet skal ved fastsættelsen af vilkår om efterbehandling høre kommunalbestyrelsen. Emnet dækker sager om dette.";1
"2631b0c0-9fce-11e4-8d9c-0050c2490048";"01.09.10";"Råstofkortlægning og råstofplanlægning";"Emnet dækker bl.a. sager om:


    
        Kommunens opgaver ifm regioners råstofplanlægning og råstofkortlægning
        Andre myndigheders planer som kommunen behandler - kan tilføjes facet P17";1
"264f3073-2fd2-4095-86db-948294f38b66";"81.27";"Ferier og fridage, personale";"Gruppen dækker bl.a. sager om ferie og fridage.";1
"266cabd5-bb94-40eb-81e9-92b34449295b";"21.01.14";"Hjemkaldelse af materialer - biblioteker";"Emnet dækker sager om sidste fase af udlånet, nemlig hjemkaldelse hos de lånere, der ikke har afleveret rettidigt. Emnet vil derfor typisk indeholde sager om:


    
        retningslinjer
        rykkerprocedurer
        gebyrer
        erstatninger mv. i forbindelse med for sent afleverede bøger/materialer
        hyppighed mellem hjemkaldelser
        beslutning om formulering af hjemkaldelser
        
    


Emnenummeret kan kombineres med flere forskellige facetter, eksempelvis:


    
        P21 (retningslinjer)
        A26 (rykkerprocedurer)
        S29 (fastsættelse af gebyrer og erstatninger)
        Ø30 (tilbagebetaling til kommunen og opkrævning)
        
    


Såfremt overtrædelserne er så store, at en låner skal udelukkes, anvendes emnenr. 21.00.03.";1
"267607fa-781c-4e12-8621-4ea3400d291a";"81.36.01";"Ansøgt afsked";"Ingen beskrivelse";1
"26892ee4-b8d4-4b64-8132-68bbf3a289aa";"15.00.10";"Organisering af beskæftigelsesindsatsen";"Emnet dækker bl.a. sager om:


    
        organisering af beskæftigelsesindsatsen
        tilrettelæggelse af den sundhedsfaglige rådgivning i sager om førtidspension og fleksjob i samarbejde med regionen
        aftale om lokale rammer for, hvordan den kliniske funktion skal yde rådgivning og afgive vurdering til afklaring af sager på beskæftigelsesområdet
        jobcenterets etablering, opbygning og organisering
        
    


Henvisning til andre relevante emner:


    
        Samling af beskæftigelsesindsatsen i ét stående udvalg, se 00.22.04
        Sager om it-understøttelse af beskæftigelsesindsatsen journaliseres i gruppe 85.11, fx 85.11.04 Fagsystemer og 85.11.06 Administrative systemer (esdh mv.)
        Nedsættelse og organisering af arbejdsmarkedsråd journaliseres under 15.00.05 med facet A30
        
    


Historik:

Emnet hed indtil feb. 2026 ’Jobcenterets opbygning’, og dækkede de tidligere bestemmelser om organisering af jobcenteret som en særskilt del af kommunens forvaltning. Titlen er justeret som følge af ophævelsen af kravet til bl.a. organisering af beskæftigelsesindsatsen i jobcentre jf. L 1750 2025";1
"26a0f360-870b-11e7-bb31-be2e44b06b34";"27.35.20";"Individuel tidsbegrænset socialpædagogisk hjælp og støtte";"Emnet dækker sager om individuelle tilbud om tidsbegrænset socialpædagogisk hjælp og støtte til personer, der har nedsat fysisk eller psykisk funktionsevne eller sociale problemer, og personer, der er i risiko for at udvikle funktionsnedsættelse eller sociale problemer.
        Kommunalbestyrelsen kan tilbyde støtten i samarbejde med frivillige sociale organisationer og foreninger. Det er en forudsætning herfor, at kommunalbestyrelsen vurderer, at deltagelse i sådanne tilbud vil kunne forbedre det aktuelle funktionsniveau eller forebygge, at funktionsnedsættelsen eller de sociale problemer forværres.";1
"26a79f7a-2959-4ed7-9988-a3855018e8e3";"27.63";"Pasning af nærtstående med handicap";"Ingen beskrivelse";1
"26c97997-7e97-47f1-92b4-eb7ab7fdf52e";"28.06.04";"Mål og rammer for dagtilbud, fritidstilbud og klubtilbud";"Emnet dækker bl.a. sager om:


    
        Kommunens mål og rammer for henholdsvis dag-, fritids- og klubtilbud m.v., som kommunalbestyrelsen skal fastsætte og offentliggøre.
        Fastsættelse af retningslinjer, fx samarbejdet mellem dagtilbud, fritidstilbud og skolen.
        Politisk drøftelse om prioriterede indsatser på dagtilbudsområdet.
        Medvirken til kommunens sammenhængende børnepolitik.
        
    


Henvisning til andre relevante emner:


    
        Kommunens sammenhængende børnepolitik, se emnenr. 34.05.10.";1
"26ca98e7-a613-4f9c-a091-a8f0dc586e15";"06.00.05";"Spildevandsplanlægning";"Emnet dækker bl.a. sager om:


    
        spildevandsplanlægning
        kommunalbestyrelsens plan for bortskaffelse af spildevand
        årlig drøftelse af forsyningsforholdene i kommunen med alle spildevandsforsyningsselskaber, som er omfattet af § 2, stk. 1, i vandsektorloven
    


Henvisning til relevante facetter


    
        Konkrete planer tilføjes facet P15";1
"26d06a5e-489e-40f0-9614-8f7222a66800";"28.12.28";"Optagelse i fritidshjem / plads i anden kommune / opsigelse";"Emnet dækker bl.a. sager om optagelse i fritidshjem, plads i anden kommune, samt opsigelse.
        Sager om retningslinjer for optagelse/udmeldelse i fritidshjem journaliseres med facet P21.";1
"26d7d5f2-8679-496e-897e-7bfa10702ca3";"09.17";"Husdyrbrug";"Gruppe 09.17 dækker sager om husdyrbrug, husdyrgødning, husdyrgodkendelser og anmeldelsesordninger";1
"26dbed3e-5087-472b-8381-d4082ee99708";"13.11.00";"Naturgasforsyning i almindelighed";"Energiselskabernes styrende organer består af repræsentanter for interessenter og andelshavere, herunder kommuner, og fremgår af de enkelte selskabers vedtægter.
        Her kan journaliseres sager om udpegning af kommunale repræsentanter til bestyrelser i naturgasselskaber med facet A30.";1
"26fc64c3-fb9d-4125-b419-4b7500014719";"21.00.00";"Biblioteker i almindelighed";"Henvisning til andre relevante emner:


    
        Generelle sager om biblioteker
        Sager om biblioteker som dækker to eller flere grupper i hovedgruppe 21, eller ikke entydigt kan placeres under et af emnerne i hovedgruppe 21";1
"275cc400-350d-43b8-aba6-ef1c5573b438";"28.09.04";"Pædagogiske læreplaner";"Emnet dækker bl.a. sager om:


    
        Pædagogiske læreplaner i dagtilbud.
        Sager om pædagogiske læreplaner kombineres med facet P16.
        Løbende pædagogisk dokumentation.
        Evaluering, pædagogiske læreplaner.";1
"2767d9bd-33d8-4104-a364-4e40fb04fa94";"54.06.00";"Specialundervisning for voksne i almindelighed";"Ingen beskrivelse";1
"2773deb2-a71c-40fa-a3f7-9dd9349b05af";"19.03.15";"Ind- og udlånsvirksomhed";"Emnet dækker bl.a. sager om ind- og udlån af kunstgenstande.";1
"27a0973b-84d4-411c-8e0d-db406b6708e9";"17.03.00";"Specialundervisning og specialpædagogisk bistand i almindelighed";"Ingen beskrivelse";1
"27b7f73a-5d4f-498e-a56b-40be930bdf48";"02.05.00";"Brandforhold i almindelighed";"Ingen beskrivelse";1
"27d545f8-3c61-4656-a4e8-4af08384dd60";"14.00.14";"Stedligt beredskab";"Ingen beskrivelse";1
"27d8a4a0-ee6e-4013-8b96-88e22388f818";"27.35.00";"Almene tilbud i almindelighed";"Emnet dækker bl.a. sager (om):


    
        Der med lige god ret kan placeres under to eller flere emner i gruppen / går på tværs af flere grupper
        Forsøg med borgerstyrede budgetter";1
"283d0ce2-17e9-4ac5-bb8c-6224aac54e95";"03.12.02";"Lejefastsættelse og lejeregulering";"Emnet dækker bl.a. sager om:


    
        lejefastsættelse og lejeregulering ifm. leje almene boliger.
        Konkrete afgørelser tilføjes facet G01.";1
"2853adaa-eacd-4fba-a146-13624030c87b";"04.01.14";"Udlån / benyttelse af parker og anlæg";"Ingen beskrivelse";1
"2880ac98-cec7-4491-bf96-5a2d4403f2de";"54.24.00";"Mødepligt, aktiv deltagelse, oprykning m.v., gymnasier i almindelighed";"Ingen beskrivelse";1
"2891b929-22f0-11e9-a070-0050c2490048";"85.10.18";"Risikovurdering vedrørende databeskyttelse";"Emnet dækker bl.a. sager om:


    
        Risikovurdering.
        Kortlægning over risikoen for de registreredes rettigheder.
        Risici forbundet med behandling af personoplysninger.
        kategorisering af risiko (scoring, sandsynlighed og alvorlighed).
        Præambelbetragtning nr. 75 og 76.
        Procedure for regelmæssig afprøvning, vurdering og evaluering af effektiviteten af de tekniske og organisatoriske foranstaltninger til sikring af behandlingssikkerhed, (artikel 32, stk. 1, litra d).
        
    


Henvisning til relevante facetter:


    
        Procedurer om risikovurdering tilføjes A26.
        Konkrete risikovurderinger tilføjes facet P30.
        
    


Henvisning til andre relevante emner:


    
        Konsekvensanalyse, se emnenr. 85.10.14.";1
"28aa8795-e491-4329-96c9-f0efc2b1e0c8";"88.16.08";"Vand - forsyningsvirksomhedskontrakter";"Ingen beskrivelse";1
"28e5405b-341c-470a-8bb7-77e716abef59";"03.10.02";"Erhvervelse, afhændelse, forandringer og nedlæggelse af ejendomme";"Emnet dækker bl.a. sager om:


    
        godkendelse af erhvervelse, forandring, pantebrevsudstedelse og afhændelse for en almen boligorganisations ejendomme
        sammenlægning af boliger uden for udsatte boligområder for at afhjælpe udlejningsvanskeligheder";1
"28f3b4d6-42c0-4959-9172-ed7e3bd2fa57";"06.11.05";"Forureninger, beskyttelse af overfladevand";"Nummeret er til sager om akutte uheld, hvor der utilsigtet sker en udledning af stoffer.";1
"29186a85-8b1c-44e1-95e8-6b6fe41357a3";"32.42.04";"Undtagelsesvis hjælp til supplering af ydelser";"Ingen beskrivelse";1
"292b6798-19a3-4ece-9ee3-a710ad1184ef";"82.09.01";"Energibesparende foranstaltninger, kommunens ejendomme og lokaler";"Ingen beskrivelse";1
"292d582f-0e6b-4c69-b774-80a620012c38";"20.02.02";"Filmklubber";"Ingen beskrivelse";1
"2952fcaf-5dd6-11e4-8dde-0050c2490048";"17.05.08";"Elevevaluering, test og elevens faglig udvikling";"Emnet dækker sager om elevevaluering, eksempelvis:


    
        Evaluering af elevernes udbytte
        Meddelelsesbog om den enkelte elevs faglige og alsidige udvikling
        Underretning til eleverne og forældrene om elevernes udbytte af skolegangen
        Test i folkeskolen";1
"29703326-1d99-4a0b-b603-b90999454ec7";"05.03";"Broer og tunneler mv.";"Ingen beskrivelse";1
"29965c75-e99d-11e8-b4db-0050c2490048";"09.17.13";"Anmeldelse - gødningsopbevaringsanlæg";"Emnet dækker bl.a. sager efter husdyrgodkendelsesbekendtgørelsen om:
        Afgørelse om etablering af gødningsopbevaringsanlæg
        Udvidelse eller ændring af samme
        Konkrete afgørelser tilføjes facet G01
        
    


Henvisning til andre relevante emner:


    
        Anmeldelse af fast placerede gødningsopbevaringsanlæg, se emnenr. 09.17.15.";1
"299ed046-c6f3-4ca3-a8b4-d9d37a5ebd45";"81.36.00";"Afsked i almindelighed";"Ingen beskrivelse";1
"29ac51d4-d8ee-45ae-a6c5-ca64aa97729a";"25.45.10";"Opkrævning af fordringer";"Emnet dækker bl.a. sager om:


    
        Opkrævning af fordringer
        Restancemeddelelser
        Fordringshaveraftale";1
"29b490aa-a0a1-42b5-8e92-f5c80667e8bb";"81.03.00";"Ansættelse i almindelighed";"Emnet dækker bl.a.:


    
        Ansættelsessagen for den enkelte medarbejder. Sagen fungerer som den grundlæggende personalesag og kan indeholde stillingsopslaget, ansøgningen, eksamensbeviser og ansættelseskontrakten og lignende dokumenter, der er relevante for selve ansættelsen. Tilføjes facet G01.
        Sager om en medarbejders andre forhold (fx løn, orlov, arbejdsskade, disciplinære foranstaltninger) journaliseres under relevant emne i hovedgruppe 81
        
    


Henvisning til andre relevante emner:


    
        Sager om aktindsigt i personalesager, se emnenr. 81.00.00";1
"29ba1744-9de4-4af5-88dc-49812776981d";"32.15.04";"Børnebidrag, normalbidrag";"Udbetaling Danmark myndighedsopgave pr. 1. oktober 2012.


    
        Her journaliseres sager om forskudsvis udbetaling af børnebidrag, efter kap. 3 i børnetilskudsloven.
        Sager om børnebidrag, der ikke er forskudsvis udbetalt (fx hvis barnet har indtægt) journaliseres ligeledes her.
        Kommuner sender kopier af akter i sager med opbevaringspligt, på Udbetaling Danmarks anmodning";1
"29ba772a-b23f-4a05-8f29-e36e7b29bdc4";"17.03.04";"Pædagogisk-psykologisk vurdering (PPV)";"Emnet dækker sager om pædagogisk-psykologisk vurdering (PPV).
        Konkret vil der være tale om indstilling, henvisning eller gennemførelse af vurdering.
        Skolen og PPR opretter hver deres sag. Den efterfølgende indsats journaliseres under relevant emne i gruppe 17.03.";1
"29e58255-f4c9-455c-9c3d-5d11316be0d8";"08.03.08";"Belysning, havne";"Ingen beskrivelse";1
"29ec110e-c51c-4eca-970e-d622c89a3c25";"01.09.00";"Råstofindvinding i almindelighed";"Emnet dækker bl.a. sager om indvindingstilladelse
        Sager hvor kommunen bliver hørt vedr. regionens vilkår om efterbehandling, se emnenr. 01.09.05";1
"2a2e6062-821b-4f3c-95d0-cf04dd400ed7";"09.17.09";"Anvendelse af husdyrgødning og ensilagesaft";"Emnet dækker bl.a. sager om:


    
        Anvendelsen af husdyrgødning, ensilagesaft mv.
        
    


Henvisning til relevante facetter:


    
        Påbud tilføjes facet K08";1
"2a3a7332-3960-11e7-a919-92ebcb67fe33";"88.08.20";"Offentlige indkøb under tærskelværdierne med klar grænseoverskridende interesse";"Emnet dækker bl.a. sager om:


    
        Indkøb under tærskelværdierne med klar grænseoverskridende interesse
        Annoncering af offentlige indkøb efter afsnit IV";1
"2a3a75ee-3960-11e7-a919-92ebcb67fe33";"88.08.25";"Offentlige indkøb under tærskelværdierne uden klar grænseoverskridende interesse";"Emnet dækker bl.a. sager om:


    
        Indkøb under tærskelværdierne uden klar grænseoverskridende interesse
        Samhandelsaftaler
        Konkrete aftaler tilføjes facet P27
        Forespørgsler tilføjes facet G01";1
"2a524d2c-f95f-4f00-9879-859163850c8b";"27.69.48";"Handicapråd";"Emnet er til sager om handicapråd, der er lovpligtige
        
    


Henvisning til relevante facetter:


    
        Sager om kommunalbestyrelsens udpegning af medlemmer til handicapråd tilføjes facet A30
        Sager om forretningsorden for handicapråd tilføjes facet A26
        Sager om diæter til medlemmer af handicapråd tilføjes facet G01";1
"2a5266cd-4735-4120-9f6d-a14261609b07";"81.23.04";"Arbejdsløshedsforsikring";"Ingen beskrivelse";1
"2a690140-bcde-48ea-88fc-ecaa9c68593f";"02.05.12";"Undervisningslokaler mv., brandforhold";"Ingen beskrivelse";1
"2a6af095-19c9-4e4c-a26d-cfa4950af6a0";"15.27";"Servicejob";"Ingen beskrivelse";1
"2a71d1f5-14eb-43a0-9c99-69b2996bb961";"05.18.00";"Vejbidrag i almindelighed";"Emnet dækker bl.a. sager om:


    
        Betaling af vejbidrag.
        Pålæg af grundejere om betaling af vejbidrag.
        Administration af vejbidrag for statsveje.";1
"2a7cd79e-9bb5-4f41-8be0-312e88e05c05";"14.12.20";"Tvangsruter";"Ingen beskrivelse";1
"2a8a6770-6f17-4277-8608-4a67e6a4cdc8";"15.22";"Kompensation til handicappede i erhverv mv.";"Gruppen er til sager omkring jobcentrenes kompensation til handicappede efter følgende lovgivning:


    
        Lov om kompensation til handicappede i erhverv m.v.
        Bek. om kompensation til handicappede i erhverv m.v.";1
"2ac54856-a395-433d-a64c-cec911ba0c14";"07.15";"Affald af elektriske og elektroniske produkter";"Tilsynssager og klagesager på området journaliseres på det pågældende emnenummer kombineret med henholdsvis facet K08 og K02.

Bekendtgørelsens §§ 1-3 vedrører bekendtgørelsens anvendelsesområde og definitioner. Eventuelle sager i henhold til disse paragraffer journaliseres på journalnummer 07.15.00. I henhold til bekendtgørelsens § 7 skal kommunalbestyrelsen fastsætte et regulativ med nærmere bestemmelser om indsamling og den videre håndtering af affald af elektriske og elektroniske produkter. Dette regulativ journaliseres under nummer 07.00.03, således at samtlige regulativer på affaldsområdet er samlet i samme gruppe.";1
"2acc35b9-7ae3-490b-a081-8b7d3c3c47b2";"13.05.10";"Trafikselskabers etablering og organisering";"Emnet dækker bl.a. sager om:


    
        Trafikselskabers etablering og organisering, herunder vedtægter
        Aftaler ml kommune og selskab om at varetage opgaver vedrørende trafik, som kommunen eller regionen skal varetage efter anden lovgivning
         

    


Henvisning til relevante facetter:


    
        Konkrete aftaler tilføjes facet P27
        Konkrete aftaler tilføjes facet P27";1
"2ad17e0a-d6f9-42f5-a13f-46167753e7dc";"32.03.14";"Bistandstillæg og plejetillæg";"Emnet dækker sager om bistandstillæg og plejetillæg efter førtidspensionsloven.";1
"2af221f7-7b1e-11ef-b8b7-0050c2490048";"32.30.30";"Sygedagpengeforsikring for selvstændige erhvervsdrivende";"Emnet dækker sager om sygedagpengeforsikring for selvstændige erhvervsdrivende
        Udbetaling Danmark myndighedsopgave";1
"2af221f7-7b1e-11ef-b8b8-0050c2490048";"32.30.34";"Sygedagpengeforsikring for private arbejdsgivere";"Emnet dækker sager om sygedagpengeforsikring for private arbejdsgivere
        Udbetaling Danmark myndighedsopgave";1
"2b0ed604-c72f-40e7-872b-6be2a96b3bfd";"14.06.12";"Vagtcentral";"Emnet dækker sager om beredskabslokaliteter i form af vagtcentraler";1
"2b11b2f4-492c-48c5-9649-cbf7cfe476a3";"02.05.14";"Butikker og lignende salgslokaler, brandforhold";"Ingen beskrivelse";1
"2b175356-a128-4fb3-9160-708eae53312b";"03.12.06";"Udlejerens adgang til det lejede, almene boliger";"Emnet dækker bl.a. sager om udlejerens adgang til det lejede, herunder med hvilket varsel arbejder kan iværksættes
        Konkrete afgørelser tilføjes facet G01.";1
"2b1d644b-afcb-471b-b9c1-da1ecb80259d";"21.02.10";"Læringscentre på biblioteker";"Emnet dækker sager om læringscentre på bibliotekerne. Fx sager om:


    
        projekter om læringscentre - tilføjes facet P20
        enkelte konkrete aktiviteter - vil ofte tilføjes facet G01.";1
"2b227654-4dee-4df1-8390-5bc4230cc731";"09.10.00";"Luftforurening i almindelighed";"Emnet dækker bl.a. sager om:


    
        Kommunale forskrifter der fastsætter bestemmelser om forureningsbegrænsende foranstaltninger, over for fyringsanlæg til fyring med fast brændsel, i nærmere klart angivne områder i kommunen - tilføjes facet P21
        Dispensation fra grænseværdier i forbindelse med halmfyr - tilføjes facet P25";1
"2b275c13-aa46-45ea-a279-33de74ed4c15";"81.30.05";"Værnepligtsorlov / FN-tjeneste";"Ingen beskrivelse";1
"2b4ad7f9-f515-491c-9c79-c8112932b90f";"17.11.24";"Kommunale tilskud til folkehøjskoler, efterskoler mv.";"Emnet dækker sager om kommunale tilskud til folkehøjskoler, ungdomshøjskoler, efterskoler og frie fagskoler. Fx


    
        tilskud til anlægsudgifter
        tilskud til specialundervisning
        tilskud til nedsættelse af en elevs elevbetaling";1
"2b4fdb6e-94be-4163-aff6-7f1f6a328b27";"00.05.09";"Indsamlinger";"Ingen beskrivelse";1
"2b527ca7-2a38-4372-b13d-4b9ece1a0f6a";"09.04.05";"Kortlægning mv. af husdyrgødningsmængde";"Ingen beskrivelse";1
"2b66a403-886f-4738-93d2-136650f7af22";"02.04.01";"Modulprojektering";"Ingen beskrivelse";1
"2b674a07-30b3-444d-b9bf-027235159b50";"06.02.00";"Vandløb og søer i almindelighed";"Emnet dækker bl.a. sager om udarbejdelse af vandløbsregulativer.
        De konkrete regulativer journaliseres ligeledes her og tilføjes facet P24.
        Kommunale handleplaner efter miljømålsloven journaliseres under emnenr. 09.00.06";1
"2b911777-fd1b-11f0-8924-0050c2490048";"27.34.05";"Generel forebyggende indsats";"Emnet dækker bl.a. sager om:


    
        opsøgende indsatser
        tidlig, forebyggende og helhedsorienteret indsats
        kontakt til ældre, som ikke tidligere har benyttet kommunale tilbud";1
"2bac6849-91a8-4e60-90f9-a00e65c7e5d1";"09.05.10";"Modtageordninger i havne";"Ingen beskrivelse";1
"2bb5ffd9-cc01-4569-ab3b-1efa3ca323a1";"84.10.00";"Valg til skolebestyrelser og ungdomsskolebestyrelser i almindelighed";"Ingen beskrivelse";1
"2bba436d-b5ec-46ce-9cea-b8d441d9f0b4";"82.02";"Salg af kommunal ejendom";"Ingen beskrivelse";1
"2bc65b8c-5603-4848-87b7-d18e122896b8";"28.12.04";"Børnemiljøvurdering m.v., fritidshjem";"Ingen beskrivelse";1
"2bcb302d-9d2b-4ec7-9723-1307b314eeda";"19.00";"Kulturhistoriske institutioner";"Ingen beskrivelse";1
"2bf437cf-6120-49cd-8e81-45e041da377c";"82.06.00";"Nybyggeri, kommunens ejendomme i almindelighed";"Sager om anlæg, herunder nyanlæg, kan inddeles i en række faser, der adskilles sagsmæssigt. Følgende facetter kan anvendes ifm. anlægsprojekter:


    
        anlægsplan og facet P16
        anlægsprojekter og facet P20
        anlægsbevilling under emnenr. 00.30.08 med facet P19
        aflevering af byggeregnskab under emnenr. 00.32.04 med facet G01
        godkendelse af anlægsregnskab under emnenr. 00.32.04 med facet P19
        byggemøder og facet P35";1
"2c077231-0f04-46b7-b97d-e327feb64006";"18.10.01";"Færdselslære, knallertkørsel, traktorteori mv.";"Kommunen skal efter færdselslovgivningen tilbyde undervisning i færdselsreglerne og i kørsel med lille knallert (ikke registreringspligtig knallert).
        Kommunalbestyrelsen kan beslutte, at dette skal ske i regi af det eksisterende ungdomsskoletilbud.
        Kommunen sørger også for afviklingen af prøver for personer under 18 år.
        Ud over knallertundervisning tilbyder mange ungdomsskoler undervisning i traktorteori.
        
    


Henvisning til andre relevante emner:


    
        Udstedelse af knallertbevis, se emnenr. 23.09.15";1
"2c17dd6e-138c-42d2-abf0-873be38f0e00";"08.08.10";"Fjernelse / nedlæggelse, færgelejer";"Ingen beskrivelse";1
"2c41acbe-7386-452d-8b86-cc8cee00a1ba";"18.12";"Klubvirksomhed";"Kommunalbestyrelsen kan efter indhentet udtalelse fra folkeoplysningsudvalget beslutte, at ungdomsskoletilbuddet skal omfatte klubvirksomhed (gruppe 18.12) og anden fritidsvirksomhed (gruppe 18.13). Virksomheden skal gennemføres på samme økonomiske vilkår som tilsvarende virksomhed efter lov om støtte til folkeoplysning, hvilket bl.a. indebærer, at der opkræves kontingent/egenbetaling for klubvirksomheden (emnenr. 18.12.03 og facet S29). Herudover er der specifikke emnenumre til sager om klubsamarbejder (emnenr. 18.12.01), medlemslister/-fortegnelser (emnenr. 18.12.02) samt til de konkrete aktiviteter i klubben (emnenr. 18.12.05).";1
"2c48f1e1-6c7f-49c9-a971-a8d1dcd34d58";"32.26.00";"Specifikke kontante ydelser i almindelighed";"Ingen beskrivelse";1
"2ccc9193-ed5b-4c56-81ec-36044a3b2274";"17.05.28";"Bedømmerne (censorer og eksaminatorer)";"Emnet dækker bl.a. sager, hvor censoropgaver pålægges af censors institution ved de afsluttende mundtlige og praktiske prøver i folkeskolen og ved de mundtlige prøver inden for almen voksenuddannelse.";1
"2cd3cde6-b306-4286-b6a3-75f54ab90f6b";"84.02.00";"Regionsvalg i almindelighed";"Ingen beskrivelse";1
"2d0e1231-8fdf-4636-a3f0-0f3c692fb4bc";"87.00";"Kommunens arbejdsmiljø";"Ingen beskrivelse";1
"2d2357d7-5860-4154-9edb-3fe7f4a8c2c6";"22.11.14";"Tilladelser til sygetransport";"Her journaliseres sager om tilladelser til sygetransport.
        Det gælder både dem der bevilges og hvor der gives afslag.
        De konkrete ansøgninger tilføjes facet G01.
        
    


Emnet udgik august 2018 da administrationen af taxiområdet er flyttet til Trafik-, Bygge- og Boligstyrelsen. Genåbnet februar 2019, da kommuner fortsat får henvendelser, bl.a. om ombytning af tilladelser.";1
"2d26788c-2161-454e-9a40-7ba57995cba9";"17.13.00";"Skolens fritidsforanstaltninger i almindelighed";"Ingen beskrivelse";1
"2d31f389-d94a-4370-ba51-34310f7e7ca3";"28.06";"Rammer for dag-, fritids- og klubtilbud";"Gruppen dækker sager om rammer for dag-, fritids- og klubtilbud. I gruppen er desuden placeret opgaver, som i dagtilbudsloven dækker både dag-, fritids- og klubtilbud, også selv om den konkrete opgave løses i forhold til enten et dagtilbud, eller klubtilbud.

Sager hvor kommunalbestyrelsen fastlægger mål og rammer for en opgave journaliseres under den relevante gruppe, hvis det enten hører til dagtilbud, fritidshjem, eller klubtilbud, , fx mål og rammer for sprogvurdering og sprogstimulering i dagtilbud (emnenr. 28.09.08).";1
"2d74f31d-9c4a-4fcb-ab74-b4c5e457581c";"81.05";"Introduktion af nye medarbejdere";"Ingen beskrivelse";1
"2d7bdaed-ce80-4aa2-94e5-f4a01c6e974b";"03.03.01";"Ansøgninger og tilsagn om støtte";"Ingen beskrivelse";1
"2dfce442-8298-4236-8d0e-303262bbd1c0";"83.02.00";"Telefoner, kommunikationsapparater, av-udstyr mv. i almindelighed";"Her journaliseres også sager om kommunikationsapparaters virkemåde, fx dårlig lydkvalitet, modtageforhold etc.";1
"2e0243c0-5153-47db-9eab-54e7bce57238";"54.28";"Samarbejder mellem institutioner, gymnasier";"Ingen beskrivelse";1
"2e250a6a-f289-41ec-b7e3-c099e8ce6a6e";"54.30.00";"Institutionernes ledelse, gymnasier i almindelighed";"Ingen beskrivelse";1
"2e26dbec-0b1b-11f1-bc96-0050c2490048";"15.35.10";"Skade forvoldt på andre personer eller andres ejendele";"Emnet dækker bl.a. sager om:


    
        skade forvoldt på andre personer
        skade forvoldt på andres ejendele
        erstatning efter reglerne i lov om erstatningsansvar
        
    
    


Henvisning til relevante facetter:


    
        Konkrete erstatningssager tilføjes Ø61";1
"2e4bdebb-312b-4a85-a9b8-f35dc6310fdf";"82.13.05";"Kriminalpræventiv sikring i kommunale ejendomme";"Emnet er til sager om kriminalpræventiv sikring i kommunale ejendomme, eksempelvis sager om:


    
        installation af diverse former for tyverialarmer, isætning af mere sikre låse, hasper o.l.
        risikostyring ifm kriminalpræventiv sikring - kombineres med facet P30
        
    


Henvisning til andre relevante emner:


    
        Konkrete tilfælde af tyveri/hærværk, se emnenr. 82.00.03
        TV-overvågning i kommunale ejendomme, se 82.13.15";1
"2e6dafc2-4600-4829-839c-cee5cf7e0d4c";"22.01.01";"Alkoholbevillinger";"Her journaliseres sager om alkoholbevillinger med facet G01.";1
"2e7a85b7-58ef-43a8-a57f-5ee950de191b";"03.12.15";"Lejerens fraflytning";"Emnet dækker bl.a. sager om gennemførsel af syn ved fraflytningen";1
"2e87504a-a30b-4efa-aa91-b8358c003bd6";"81.13.05";"Udstationering";"Ingen beskrivelse";1
"2e8b9b03-99ae-4274-ad86-9e4e66ea9962";"82.08.00";"Rengøring i almindelighed, kommunens ejendomme";"Ingen beskrivelse";1
"2e9e193b-6f76-4a60-9ec2-e2c560ba3b49";"24.15.05";"Salg af reklameplads";"Emnet dækker sager, hvor kommunen sælger reklameplads fx til virksomheder
        
    


Henvisning til andre relevante emner:


    
        Sager om konkret opsætning af reklameskilte på kommunale ejendomme, se emnenr. 82.00.00";1
"2e9e29de-8b37-421c-8141-23a2dec9d0bd";"13.07";"Udlejning af kommunens ejendomme";"Gruppen anvendes til sager om længerevarende udlejning af beboelseslejligheder og erhvervslejemål, herunder erhvervslejligheder. Udlejning af lokaler og ejendomme af kortere varighed, som ikke er efter folkeoplysningsloven, se gruppe 82.16.

Øvrige forhold vedr. kommunens ejendomme, se hovedgruppe 82.

Arkivmæssigt kan sagerne i gruppe 13.07 placeres i forhold til adresse, BBR-nummer eller lignende.";1
"2e9fcaae-4bc3-42be-8404-7be3d156771e";"17.20";"Opfyldelse af undervisningspligten";"Gruppen dækker alle sager omkring opfyldelse af undervisningspligten, uanset om det sker i det kommunale skolevæsen eller uden for, eksempelvis på private skoler. Gruppen dækker hele forløbet fra indskrivning til afslutning.";1
"2ec7fd6f-e833-47b5-a30d-4524e087c356";"82.01.00";"Køb af areal og ejendom til kommunens eget brug i almindelighed";"Emnet omfatter sager, hvor kommunen køber jord­areal og/eller ejendomme til egen anvendelse, eksempelvis til institutionsformål.
        Når kommunen køber jordareal med henblik på udstykning til eksempelvis boligbyggeri og/eller erhvervsbyggeri betragtes det som forsyning af borgere, og skal derfor journaliseres i gruppe 13.06.";1
"2ef2674d-aaec-4577-bd7d-123e25ed8bdb";"05.02";"Private fællesveje / stier";"Gruppen dækker sager om private fællesveje og stier.";1
"2f250e20-21f2-4a35-86d1-c4c8f614511b";"83.15.13";"Vejrtjenester";"Emnet dækker sager om køb af vejrtjenesteydelser hos eksempelvis Danmarks Meteorologiske institut.
        Tjenesteydelsen bruges primært i forbindelse med vintertjeneste, men kan også bruges i forbindelse med pleje og pasning af grønne områder.";1
"2f3596ba-0640-4897-bca6-89aba786247c";"32.45.00";"Tilbagebetaling i almindelighed";"Emnet dækker bl.a. sager om:


    
        Tilbagebetalingssager, der ikke kan placeres under specifikt emne i gruppe 32.45.
        Gældssanering.
        Refusionskrav efter arbejdsskadesikringsloven, herunder forespørgsler om refusionskrav.
        Procedurer for helhedsorienteret sagsbehandling.
        Overdragelse til restancemyndighed.";1
"2fc24a83-bde2-4b93-b366-79dd83a1670c";"21.01.20";"Selvbetjening på biblioteker";"Emnet dækker bl.a. sager om publikums muligheder o.l. i forbindelse med selvbetjening/egenbetjening.
        Der kan eksempelvis være tale om reservationer over internet og brug af udlånsautomater.
        Emnet dækker også sager om ubemandet og selvbetjent åbningstid på biblioteker, herunder vejledning i brug af bibliotekerne udenfor den bemandede åbningstid
        
    


Henvisning til andre relevante emner:


    
        Sager om bibliotekernes åbningstider generelt, se emnenr. 00.14.10
        Sager om reglement for brug af bibliotekerne i den selvbetjente åbningstid, se emnenr. 21.00.02";1
"2fcc343a-3915-4d29-a55d-1b94fab5406a";"14.00.06";"Fælles beredskabskommission, opbygning af";"Hvis to eller flere kommunalbestyrelser vælger at samordne deres redningsberedskab, skal de nedsætte en fælles beredskabskommission.
        Emnet dækker sager om opbygning og organisering af beredskabskommissionen.
        De konkrete sager, som kommissionen behandler, journaliseres under relevant emne.
        Sager om kommunalbestyrelsens udpegelse af medlemmer journaliseres her med facet A30.
        Mødereferater fra møder i den fælles beredskabskommission journaliseres her med facet P35.";1
"301b6098-b53f-4088-af19-b7e87fa2027d";"09.20.08";"Støj fra vindmøller";"Emnet dækker bl.a. sager om anmeldelse i forbindelse med etablering, ændring og drift af vindmøller efter vindmøllebekendtgørelsen.
        Anmeldelsen skal indeholde dokumentation for, at vindmøllerne kan overholde støjgrænserne.
        Anmeldelse om byggearbejde i forbindelse med opførelsen af vindmøller journaliseres under emnenr. 02.34.02. Sager om miljøvurdering journaliseres under relevant emnenr. i gruppe 09.40.";1
"30207db6-e2a9-444b-8175-90262df33f14";"17.04.23";"Udvekslinger, folkeskoleaktiviteter";"Sager om udvekslinger af elever mellem skoler, kommuner og andre lande placeres her.
        Der er tale om frivillige udvekslinger, mens eventuelle overflytninger af elever til andre skoler placeres i gruppe 17.20.
        Udvekslinger af personale placeres i gruppe 81.06.";1
"30261a14-f51e-482d-a290-b8f9f1afa0ac";"15.00.05";"Beskæftigelsesindsats, regionale beskæftigelsesråd";"Emnet dækker bl.a. sager om samarbejdet med de regionale beskæftigelsesråd. Fx


    
        om udvikling af beskæftigelsesindsatsen
        beskæftigelsesindsatsen på tværs af kommuner";1
"3037a4d4-f401-4c86-97a3-9795d06a80d9";"27.54.08";"Aktivitets- og samværstilbud (væresteder, daghjem m.v.)";"Emnet dækker sager om:


    
        aktivitets- og samværstilbud til personer med betydelig nedsat fysisk eller psykisk funktionsevne eller med særlige sociale problemer til opretholdelse eller forbedring af personlige færdigheder eller af livsvilkårene.
        aflønning og befordringsudgifter i forbindelse med aktivitets- og samværstilbud.";1
"305655cb-1578-4b11-8a16-ffcdafbdfaa8";"14.06.05";"Kommandocentraler / kommandostationer";"Emnet dækker bl.a. sager om:


    
        drift af lokale kommandocentraler
        depotleje
        vedligeholdelse";1
"306aef0c-3ecd-45cc-95bb-4e7b73bdd0d1";"09.25";"Genteknologi";"Ingen beskrivelse";1
"3082bf7d-478e-11e3-b2ea-0050c2490048";"27.69.64";"Anonyme henvendelser til socialtilsynet";"Emnet dækker sager om anonyme henvendelser til socialtilsynet om bekymrende forhold i tilbuddet.
        Eksempler er konkrete henvendelser, procedurefastlæggelse og arbejdsgange.
        
    


Henvisning til relevante facetter:


    
        Konkrete indberetninger tilføjes G01
        Statistik over indberetninger tilføjes P05
        
    


Henvisning til andre relevante emner:


    
        Kommunens whistleblowerordning, se emnenr. 00.07.45";1
"30839dab-da28-401d-b415-b579fa7ad44b";"82.11.01";"Legepladser, kommunens ejendomme";"Emnet dækker bl.a. sager om:


    
        Indhegnede legepladser uden offentlig adgang
        
    


Henvisning til andre relevante emner:


    
        Offentlige legepladser, se emnenr. 04.03.00
        Udendørsanlæg, se relevant emne i gruppe 04.08";1
"308cdfe7-68b6-4d4a-818c-9ab6af99495d";"13.06.00";"Jordforsyning (byggemodning) i almindelighed";"Ingen beskrivelse";1
"309649d8-936d-4cb4-a8a6-5aab7aa7e5c6";"54.30.06";"Elevråd og kursistråd, gymnasier";"Ingen beskrivelse";1
"30c92fe4-f625-4dd4-a383-c4474614f016";"05.04.09";"Belægning, stier";"Ingen beskrivelse";1
"310ca89a-0aba-4c0a-b61d-30e82864f58d";"54.24";"Mødepligt, aktiv deltagelse, oprykning m.v., gymnasier";"Ingen beskrivelse";1
"312b74a9-f068-11ef-a075-0050c2490048";"01.18";"Grøn trepart";"Gruppen er til bl.a. til sager om:


    
        grøn trepart
        kystvandrådenes sager";1
"312b74a9-f068-11ef-a076-0050c2490048";"01.18.00";"Grøn trepart i almindelighed";"Emnet dækker bl.a. sager om:


    
        lokale treparter
        evaluering af kystvandrådsarbejdet og organiseringen
        repræsentanter i lokal trepart
        tilskud til kystvandrådsarbejdet
        kystvandråd
        
    


Henvisning til andre relevante emner:


    
        Oprettelse og sammensætning af kystvandråd, se KLE 09.00.07 Vandområdeplanlægning";1
"312b74a9-f068-11ef-a077-0050c2490048";"01.18.10";"Omlægningsplaner";"Emnet dækker bl.a. sager om:


    
        omlægningsplaner
        planer for indfrielse af kvælstofindsatsbehovet via arealomlægning
        udarbejdning af omlægningsplaner
        kystvandrådenes rådgivning af de lokale treparter i udarbejdelsen af omlægningsplanerne
        principvedtagelse af omlægningsplaner
        vedtagelse af omlægningsplaner
        foranstaltninger til forbedring af vandmiljøets tilstand
        udtagning af lavbundsjorde
        rejsning af ny skov
        etablering af ny natur i omlægningsplaanerne i gældende kystvandsopland
        implementering af arealomlægning
        status på samarbejdet med de lokale treparter om omlægningsplaner, afrapportering til Styrelsen for Grøn Arealomlægning og Vandmiljø
        årlig afrapportering";1
"31326fbd-2733-4bd1-88e3-eda0580e94aa";"02.08";"Installationer m.m.";"Ingen beskrivelse";1
"3136365e-025b-40d6-a982-aedb1c36d847";"83.25.00";"Skilte- og afmærkningsmateriel i almindelighed";"Ingen beskrivelse";1
"3138bff7-4bae-4c57-b45a-a8c7c5a01a4e";"04.31.00";"Kommunale kirkegårde i almindelighed";"Kirkeministeren kan tillade, at begravelsesvæsenet udskilles fra kirkens bestyrelse og undergives særskilt bestyrelse (kommunalbestyrelsen eller en blandet kirkelig-kommunal kommission).
        Sager om udpegelser til kirkegårdsudvalget tilføjes facet A30.";1
"314e4b70-e045-402e-82fe-c5235f4ca9ae";"04.14.11";"Pleje og vedligeholdelse af camping- og lejrpladser";"Emnet dækker sager om pleje/vedligeholdelse af campingpladser og lejrpladser, der ejes af kommunen.";1
"31697a9d-8321-42d8-ac0a-04b8ef356f8d";"02.34";"Byggetilladelse og anmeldelse om byggearbejde";"Ingen beskrivelse";1
"31a75aad-a7d1-4425-815f-bd9d66b6dc98";"84.04.00";"Valg til særlige organer i almindelighed";"Ingen beskrivelse";1
"31a9f984-ecdb-4be7-9949-496952a7557d";"01.06.01";"Fikspunkter";"Ingen beskrivelse";1
"31acbb6e-0972-4bc5-9f1b-832d185d692e";"03.12.07";"Lejerens ret til at foretage installationer i og forbedringer af det lejede";"Emnet dækker bl.a. sager om lejers ret til at foretage installationer i og forbedringer af det lejede
        Konkrete afgørelser tilføjes facet G01.";1
"31cd76fb-cfb3-4c47-b915-d25888ca517a";"86.02";"Vask";"Ingen beskrivelse";1
"31dd2ee0-3b72-11ee-9216-0050c2490048";"05.23.15";"Kommunale tryghedsvagter";"Emnet dækker bl.a. sager om:


    
        Midlertidig forsøgsordning, hvor kommunen kan ansætte egne tryghedsvagter eller indgå kontrakt med private vagtvirksomheder om tryghedsvagter med henblik på at sikre den offentlige orden på offentlige områder i kommunen.
        
    


Henvisning til relevante facetter:


    
        Kontrakt med private vagtvirksomheder tilføjes facet Ø54.
        Procedurer vedr. tryghedsvagter tilføjes facet A26.
        Klager over tryghedsvagter tilføjes facet K02.
        
    


Henvisning til andre relevante emner:


    
        Sager om ansættelse af kommunale tryghedsvagter, se emnenr. 81.03.00.";1
"31f000b7-7f83-4899-846d-67a6ab69aca1";"84.07.00";"Valg til Europa-Parlamentet i almindelighed";"Ingen beskrivelse";1
"3211c0c5-74f5-46ae-9ae9-d70270870c1f";"54.06.04";"Tilbud om specialundervisning, optagelse og henvisning";"Kommunalbestyrelsen skal sørge for, at personer med fysiske eller psykiske handicap, der bor eller længerevarende opholder sig i kommunen, efter undervisningspligtens ophør kan få specialundervisning og specialpædagogisk bistand, der tager sigte på at afhjælpe eller begrænse virkningerne af disse handicap (kompenserende specialundervisning).";1
"3219d1ae-cb40-459c-a8ef-ad45ed8fa27c";"29.30.08";"Sundhedsaftaler - samarbejde på sundhedsområdet [udgår 2027]";"Emnet udgår feb 2027, da bestemmelserne om sundhedsaftaler efter § 205 er ophævet med LOV nr 719 af 20/06/2025

Oprindelig servicetekst:

Emner dækker sager om sundhedsaftaler ml. regionsrådet og kommunalbestyrelserne i regionen. Fx:


    
        Sundhedsaftaler om forebyggelse og sundhedsfremme
        Sundhedsaftaler om indlæggelsesforløb
        
    
    


Henvisning til relevante facetter


    
        Konkrete aftaler tilføjes facet P27";1
"321fab5f-aa1a-4398-b6ae-f6965e5bfe95";"09.35.00";"Paragraf 42-virksomheder i almindelighed";"Ingen beskrivelse";1
"32501421-9477-41f4-a9f7-dd1cd36830b5";"01.02.15";"Tillæg til kommuneplanen";"Emnet dækker sager om tillæg til kommuneplanen.
        Enkeltanlæg, der må antages at påvirke miljøet væsentligt, må ikke påbegyndes, før der er tilvejebragt retningslinjer i kommuneplanen om beliggenheden og udformningen af anlægget med tilhørende redegørelse (VVM-pligt).
        
    


Henvisning til relevante facetter:


    
        Konkrete tillæg til kommuneplanen journaliseres med facet P15.
        Høringer tilføjes facet K04.
        
    


Henvisning til andre relevante emner:


    
        Sager om VVM-screening og redegørelse i gruppe 09.15.";1
"325271c6-28f5-4e9a-8e42-9925ccb03084";"05.04.12";"Belysning, stier";"Ingen beskrivelse";1
"32897a9b-05b8-4df2-b02e-e352a6ab5a84";"08.10.00";"Sikring af havnefaciliteter i almindelighed";"Emnet dækker bl.a. sager om:


    
        sikring af havnefaciliteter
        sårbarhedsvurderinger
        sikringsplaner";1
"328b3ece-59dc-11e8-bfb6-0050c2490048";"32.26.10";"Danskbonus til selvforsørgende udlændinge";"Emnet dækker bl.a. sager om det engangsbeløb, som kommunen kan udbetale til selvforsørgende udlændinge, der ikke har ret til danskbonus efter aktivloven.";1
"3292f10c-3b3c-4fbd-aafb-6d288765cac5";"15.23";"Information og vejledning - beskæftigelsesindsats";"Gruppen dækker sager om information og vejledning i beskæftigelsesindsatsen, herunder virksomhedsservice.";1
"32a720e4-52e1-4ff1-8a61-d0800e7624ec";"28.00.00";"Dag-, fritids- og klubtilbud i almindelighed";"Emnet dækker bl.a. sager om:


    
        dagtilbud, fritidstilbud, klubtilbud af generel karakter
        dagtilbudspolitik (tilføjes facet P22)
        dag-, fritids- og klubtilbud som dækker to eller flere grupper i hovedgruppe 28, eller ikke entydigt kan placeres under et af emnerne i hovedgruppe 28";1
"32b2eca2-ef03-4aeb-9fa7-1b34b79522e2";"18.10.07";"Arbejdsmarkedsområdet, ungdomsskoletilbud";"Kommunalbestyrelsen kan beslutte, at ungdomsskoletilbuddet også skal omfatte andre aktiviteter, som i overensstemmelse med ungdomsskolens formål kan indgå i kommunens samlede ungdomspolitik.
        Disse andre aktiviteter kan indgå i et samspil med eksempelvis uddannelses- og oplysningsområdet (emnenr. 18.10.05), fritidsområdet (emnenr. 18.10.06), arbejdsmarkedsområdet (emnenr. 18.10.07) og socialområdet (emnenr. 18.10.08).";1
"32b7c994-015b-4044-9a76-82db113b23c3";"14.07.09";"Forsikrings- og erstatningsforhold, redningsberedskab";"Emnet dækker bl.a. sager om anmeldelse af ulykkestilfælde og/eller sygdom, der kan henregnes til tjenesten for frivillige i redningsberedskabet";1
"331ee66a-7ee0-4feb-b26a-5fb61ffd4ff2";"04.03";"Offentlige legepladser";"Ingen beskrivelse";1
"333a9eda-4444-4ae1-add9-7b6ed6cd8480";"21.06.00";"Skolebiblioteker i almindelighed";"Emnet dækker sager om skolebiblioteker, (tidl. kaldet pædagogiske læringscentre), som efter folkeskoleloven skal oprettes ved alle kommunens skoler.";1
"333ac6c4-1e0a-48dd-81f8-763b71c3817a";"00.32.00";"Regnskab - kommunens økonomiske forvaltning i almindelighed";"Her journaliseres bl.a. sager om:


    
        revision af kommunens samlede regnskab samt kasseeftersyn(tilføjes facet K01)
        afstemning af regnskab (tilføjes facet K01)";1
"335d7c25-207f-4aa4-b41e-097bd3200cb0";"07.22.00";"Anvendelse af bioaske til jordbrugsformål i almindelighed";"Ingen beskrivelse";1
"3361431f-4f97-4291-ba22-9cf6faffe23d";"82.19";"Miljømæssige bygningsforbedringer, kommunens ejendomme";"Ingen beskrivelse";1
"339ed74a-b3e5-11e7-80ed-0050c2490048";"23.02";"Indfødsret";"Gruppen er genoprettet i 01-02-2019 efter at være udgået i 01-02-2001. Genprettet pga. ny opgave i indfødsretsloven.";1
"339ed74a-b3e5-11e7-80ee-0050c2490048";"23.02.00";"Indfødsret i almindelighed";"Emnet er genoprettet i 01-02-2019 efter at være udgået i 01-02-2001. Genoprettet pga. ny opgave i indfødsretsloven.";1
"33bfbb8f-6372-4b8d-aa6c-5ca79fc3709c";"83.11.01";"Anskaffelse / overtagelse af køretøjer";"Ingen beskrivelse";1
"33cace5b-7272-40fc-88df-0b7be1bc82c2";"21.00.05";"Rådgivning og vejledning af bibliotekspublikum";"Her journaliseres sager om bibliotekets generelle betjening, rådgivning og vejledning af publikum.
        Der kan eksempelvis være tale om direkte at hjælpe publikum med opslag, søgning, henvisning o.l.
        Når publikum betjener sig selv, anvendes emnenr. 21.01.20.";1
"33e7c503-4aab-42e6-a764-5b1b67d990d5";"29.03.12";"Valg af læge og indplacering i sikringsgruppe";"Ingen beskrivelse";1
"340eb959-4b9f-45f0-b62c-f35557ebfacb";"07.18.14";"Papir, indsamlingsordning";"Her journaliseres sager om indsamlingsordninger for papir
        Sager om regulativer journaliseres under emnenr. 07.00.03";1
"341144ac-8b26-4e73-8acf-f5ae049ff7b0";"14.07";"Personel, redningsberedskab";"Med ""redningsberedskabets personel"" menes frivillige og værnepligtige, som ikke betragtes som fastansat personale. Sager om redningsberedskabets personel skal derfor ikke journaliseres i hovedgruppe 81.";1
"3419e643-e0a8-47d6-8194-a9dcd704eaf1";"03.03.05";"Vedtægter, private andelsboliger";"Ingen beskrivelse";1
"343974b1-6931-4ab6-8d89-c8a880d8638e";"18.15.01";"Folkeoplysende voksenundervisning";"Emnet dækker bl.a. sager om:


    
        tilskud til folkeoplysende foreninger, der tilbyder folkeoplysende voksenundervisning. Den folkeoplysende voksenundervisning omfatter undervisning, studiekredse, foredragsvirksomhed, debatskabende aktiviteter og aktiviteter tilrettelagt som fleksible tilrettelæggelsesformer for voksne og for børn og voksne sammen, hvortil der er knyttet deltagerbetaling.
        tilskud til daghøjskoler";1
"3453a810-1179-4bfc-97f3-0518a293f924";"15.21.05";"Jobrotation [udgår 2027]";"Emnet udgår februar 2027, da jobrotation er afskaffet 1. feb. 2026 med L 1750 2025. Emnet opretholdes i en overgangsperiode af hensyn til eksisterende bevillinger. Oprindelig servicetekst:

Emnet omfatter bl.a. sager om:


    
        Jobrotation
        Jobrotationsydelse";1
"348d7b18-151c-4ed7-8747-9509abf18fd9";"83.15.01";"Landinspektører";"Emnet dækker bl.a. sager om køb af serviceydelser fra landinspektører. 

Emnet anvendes til sager, hvor det faglige genstandsfelt/emne for landinspektørernes serviceydelser ikke er kendt eller fastlagt, og hvor man derfor ikke kan vælge et fagligt specifikt KLE-emne til sagen.";1
"354162ac-f566-4ccf-b726-c0414c2a3cea";"19.01";"Særlige udstillinger og arrangementer uden for museums- / arkivsammenhæng";"Ingen beskrivelse";1
"3552b0f3-239b-4a63-8b92-443e21a345ce";"15.22.03";"Fortrinsadgang til ledige stillinger mv. - handicappede";"Her journaliseres sager om handicappedes fortrinsadgang ved:


    
        ansættelse hos offentlige arbejdsgivere
        bevilling til stadepladser mv.
        taxikørsel
        
    


Henvisning til andre relevante emner:


    
        Konkrete sager om bevilling af stadepladser journaliseres under emnenr. 05.14.05
        Konkrete sager om bevilling til taxakørsel journaliseres under emnenr. 22.11.02
        Konkrete sager om fortrinsadgang hos offentlige arbejdsgivere journaliseres under emnenr. 81.02.00.";1
"356e5f68-e0af-4a80-ae13-6e1393a581ce";"15.20.01";"Min Plan - beskæftigelsesindsats";"Emnet dækker sager om planer for indsatsen, ”Min Plan”
        
    


Henvisning til andre relevante emner:


    
        Vejledning og opkvalificering, se emnenr. 15.18.20";1
"35760c95-a3db-4c32-9f6c-7444e9fa392a";"01.05";"Naturbeskyttelse";"Gruppen er til sager om naturbeskyttelse, der bl.a. reguleres af naturbeskyttelsesloven, museumsloven og kommunalfuldmagtsopgaver.

Sager om naturvejledning og information, fx offentlige ture/ture for bestemte målgrupper, turfoldere/-guider, hjemmesider, pressearbejde, evt. kampagner om oplevelsesmuligheder på egnen og informationsskilte, placeres under relevante emne i denne gruppe. Publicering af information og lign. journaliseres med facet A50.

Bestemmelserne i lovens kap. 10-12 (§§ 65-88) dækkes journalmæssigt via relevante journalnumre, kombineret med relevante facetter fx P25 Dispensation (§§ 65-66), S29 Gebyr (§ 72), K07 Tilsyn (§§ 73-76), K02/K03 Klager (§§ 78-88).";1
"358a1824-ef62-4119-8fb3-c47670e6c32c";"03.09.03";"Forbedringer mv. i private boliger";"Emnet dækker bl.a. sager om:


    
        Tvister om lejeforhøjelser efter reglerne om forbedringer
        Ej iværksættelse - forbedring uhensigtsmæssig
        Ej iværksættelse - forbedring medfører ikke forøgelse af brugsværdien
        Forhåndsgodkendelse - forbedring 
        Forhåndsgodkendelse - ombygning fra erhverv til bolig m.v.
        Forhåndsgodkendelse - tagetage 
        Forhåndsgodkendelse - udlejning af ejer- og andelsboliger
        Forhåndsgodkendelse - aftalt grøn byfornyelse
        Erstatningsboliger
        Forbedringsarbejder m.v. i lejligheden mod godtgørelse
        Varsling af iværksættelse af arbejder
        
    


Henvisning til relevante facetter:


    
        Konkrete sager om tvister tilføjes G01
        
    


Tidligere lovreference:


    
        Lejeloven § 106, stk. 1, nr. 5 (LBK 2019-09-04 nr. 927)
        Lejeloven § 59a (LBK 2019-09-04 nr. 927)
        Lejeloven § 62a (LBK 2019-09-04 nr. 927)
        Lejeloven § 85a (LBK 2019-09-04 nr. 927)
        Boligreguleringsloven § 23-29a (LBK 2019-09-04 nr 929)
        
    


Historik:


    
        Udlejers adgang til det lejede er pr. feb 2025 udskilt i et nyt emne: 03.09.58
        Forbedringer i ejendomme med omkostningsbestemt leje lå tidligere under emnenr. 03.09.13";1
"35a09370-b0bc-4302-b40c-9016d65ae2b5";"20.07.03";"Musikskolers udstyr og materialer";"Dækker administration af udstyr og materialer, fx instrumentleje.";1
"35aa3ab3-a667-4936-b4ce-84518203a994";"03.02.12";"Tilsagn om ydelsesstøtte mv. - almene boliger";"Konkrete sager om tilsagn om ydelsesstøtte tilføjes facet G01.";1
"35c17172-47b4-4cd8-96b5-dd93f70ff4cc";"02.05";"Brandforhold";"I gruppen journaliseres også sager om brandteknisk tilsyn udført af kommunen som brandmyndighed (jf. beredskabsloven), fx på skoler 02.05.12 (Undervisningslokaler mv., brandforhold ) kombineret med facet K08.";1
"363edfc0-d34c-4caf-8222-452b4ae015a5";"06";"Spildevand og vandløb";"Hovedgruppe 06 omfatter bl.a. sager, der administreres/behandles i henhold til følgende lovgivning:


    
        LBK om afgift af spildevand  (Spildevandsafgiftsloven)
        LBK om betalingsregler for spildevandsforsyningsselskaber m.v. (Betalingsloven)
        LBK om en Cityring
        LBK om miljøbeskyttelse (Miljøbeskyttelsesloven)
        LBK om offentlige veje m.v.  (Vejloven)
        LBK om okker (Okkerloven)
        LBK om privat bortskaffelse af spildevand på Sejerø og andre småøer og i områder med spredt bebyggelse
        LBK om vandløb (Vandløbsloven)
        LBK om vurdering og styring af oversvømmelsesrisikoen fra vandløb og søer
        BEK om afdragsordninger, fristfastsættelse for spildevandshåndtering og tilslutningsbidragets forfaldstidspunkt
        BEK om anlæg, der forbrænder affald (Affaldsforbrændingsbekendtgørelsen)
        BEK om fastsættelse af serviceniveau m.v. for håndtering af tag- og overfladevand
        BEK om fastsættelse af variabelt vandafledningsbidrag og pristalskorrektion
        BEK om godkendelse til udgrøftning og dræning samt støtte til bekæmpelse af okkergener
        BEK om klassifikation og registrering af vandløb
        BEK om krav til udledning af visse forurenende stoffer til vandløb, søer, overgangsvande, kystvande og havområder
        BEK om kriterier for vurdering af kommunale projekter vedrørende vandløbsrestaurering (Kriteriebekendtgørelsen)
        BEK om regulativer for offentlige vandløb
        BEK om spildevandstilladelser m.v. efter miljøbeskyttelseslovens kapitel 3 og 4 (Spildevandsbekendtgørelsen)
        BEK om tilskud til kommunale projekter vedrørende vandløbsrestaurering
        BEK om vandløbsregulering og -restaurering mv.";1
"363f1dd5-3a7a-4797-af14-ae73d29c2ed1";"14.14.00";"Redningsberedskabets opgaver for eksterne i almindelighed";"Ingen beskrivelse";1
"364d56d6-1fa8-11ed-a76f-0050c2490048";"15.40.17";"Helbredsmæssig vurdering";"Emnet dækker sager om:


    
        Helbredsmæssig vurdering
        
    


Historik:


    
        Helbredsmæssig vurdering har før maj 2022 henvist til KLE 15.40.15 som en del af integrationsplanerne";1
"3676cea8-0270-423c-9882-c9da0b787211";"04.30";"Kommunale begravelser";"Gruppen dækker bl.a. sager om kommunale begravelser i de kommuner, der udfører denne opgave.";1
"36ab34c8-3abd-4497-ab0b-c400e3bc7324";"81.37.00";"Retræte- / seniorordninger i almindelighed";"Ingen beskrivelse";1
"36f4e646-f1fe-45cd-8d2d-7ca5b81ae14b";"81.10.00";"Arbejdstid i almindelighed";"Ingen beskrivelse";1
"373d5686-b0da-4013-a82e-e99ff335db67";"32.06.12";"Boligsikring, førtidspensionister";"Udbetaling Danmark myndighedsopgave pr. 1. marts 2013";1
"3764177d-2f8f-4edb-98f5-c24ac25b421b";"07.18.16";"Pap, indsamlingsordning";"Her journaliseres sager om indsamlingsordninger for pap
        Sager om regulativer journaliseres under emnenr. 07.00.03";1
"378ae991-ba00-420b-a612-c7bba1af85fc";"08.03.00";"Havnearealer og -anlæg i almindelighed";"Ingen beskrivelse";1
"37a3db1d-6b64-4ed4-ac22-3dff2d9e8f41";"21.02";"Benyttelse på stedet";"Ingen beskrivelse";1
"37ab7489-e4e8-4f77-98a7-1c31d8d54f61";"85.10.09";"Dataansvarlig, kommunen som";"Emnet dækker bl.a. sager om:


    
        Behandlingssikkerhed efter databeskyttelsesforordningen artikel 28.
        Instruks om behandling af oplysninger fra den dataansvarlige.
        Databehandleraftaler med databehandler.
        Instrukser tilføjes facet A26 og aftaler facet P27.
        Revisorerklæring/revisionserklæring ifm. databehandlere tilføjes facet K01
        Databeskyttelse gennem design og databeskyttelse gennem standardindstillinger.
        Databeskyttelsespolitikker.
        Fælles dataansvar.
        
    


Henvisning til andre relevante emner:


    
        Efter feb. 2019 er der oprettet selvstændigt emne til kommunen som databehandler, se emnenr. 85.10.08.";1
"37bc38c9-a91e-4f47-824e-8b8bfb18449a";"14.09.00";"Øvelser og arrangementer, redningsberedskab i almindelighed";"Ingen beskrivelse";1
"37c8f201-d59b-42b4-b432-282c3516dcad";"09.13.06";"Ræve - skadedyrsbekæmpelse";"Ingen beskrivelse";1
"37dc1415-0e1d-4452-a1da-b760058e6608";"27.57.04";"Midlertidige botilbud efter servicelovens § 107";"Emnet dækker bl.a. sager om:


    
        Midlertidige ophold i boformer til socialt udsatte borgere, mennesker med sindslidelser, stofmisbrugere i efterbehandlingsfasen
        Tilbageholdelse af stofmisbrugere i behandling efter lbk. om tilbageholdelse af stofmisbrugere i behandling
        Kontrakt med stofmisbrugere
        Anvisning til udslusningsbolig
        Huslejetilskud i udslusningsboliger (SEL § 163a)
        Betaling for ophold i boformer efter SEL § 107 jf. SEL § 163 stk. 2-3
        
    


Henvisning til andre relevante emner:


    
        Sager om opbygning, struktur og tilrettelæggelse, fastlæggelse af egenbetaling, se gruppe 27.03
        
    


Emnet dækker desuden:


    
        Socialtilsynets godkendelser og tilsyn
        Ansøgning til socialtilsynet om godkendelse";1
"38190f87-fa8c-4c47-a546-12978a8430c1";"27.42.08";"Plejebolig, plejehjem eller beskyttet bolig (visitation og anvisning)";"Emnet er bl.a. til sager om:


    
        Visitation til plejehjem, beskyttet bolig eller plejebolig
        Optagelse indenfor to-måneders fristen og frit valg af botilbud
        Afgørelse om flytning (ud af plejehjem m.v. eller inden for plejehjemmet m.v.)
        Beløb til dækning af beboerindskud
        Afholdelse af udgifter til istandsættelse ved fraflytning
        
    


Henvisning til andre relevante emner:


    
        Sager om anvisning til ældrebolig/handicapbolig (visitation), se emnenr. 27.45.04";1
"3819b989-1253-48dd-a738-c303223dcd45";"82.09.05";"Energiforsyning (el, vand, varme), kommunens ejendomme";"Ingen beskrivelse";1
"381b5321-0d44-47f3-b7db-71a9354dae5c";"82.20";"Til- og ombygning, kommunens ejendomme";"Herunder journaliseres sager om til- og ombygning af kommunale bygninger.

Sager der vedrører nybyggeri journaliseres i gruppe 82.06, og sager vedrørende renoveringer kan journaliseres under gruppe 82.18.

Gruppen dækker også sager om handicaptilgængelighed i offentlige lokaler og ejendomme. Det kan fx være sager om en ekstrabevilling til at gøre rådhuset tilgængeligt vha. en rampe eller til en specifik daginstitution, der skal rumme et handicappet barn.

Gruppen her er specifikt beregnet på sager, der vedrører de kommunale ejendomme og lokaler. Sager, hvor kommunen fx vedtager en overordnet politik for handicaptilgængelighed i kommunen journaliseres under emnenr. 00.01.10 og facet P22";1
"384340dd-25f6-434d-8b77-715dc020a52f";"18.20";"Idræt";"Ingen beskrivelse";1
"386a8bb5-34b1-487d-9b99-0cb9d05fe901";"20.08.04";"Sæsontilrettelæggelse på billedskoler";"Ingen beskrivelse";1
"386c1be5-3408-41c0-bcc2-e01d3469b39c";"88.16.12";"Transporttjenester - forsyningsvirksomhedskontrakter";"Ingen beskrivelse";1
"38a1122d-3d92-4890-9752-54b45653b9c5";"00.18.04";"Kommunale opgaveændringer, overordnet";"Emnet dækker bl.a. sager om:


    
        overførsel af opgaver fra kommunerne til regionerne
        ny sundhedsstruktur
        nye opgaver, der overføres til kommunerne, eller afgivelse af opgaver til andre myndigheder
        etablering af Socialtilsyn
        delegation af opgaver vedrørende registrering af indrejse og udstedelse af sundhedskort m.v. i forbindelse med arbejdet i et International Citizen Service
        kommunernes og regionernes medvirken ved forberedelsen af den nye sundhedsstruktur
        overførsel af aktiver, passiver, rettigheder og pligter fra en kommune til en region
        overførsel af ansatte fra en kommune til en region
        fremgangsmåde for overførslen af aktiver, passiver, rettigheder, pligter og ansatte";1
"38bd18af-17b5-4b69-98b2-b8287376ebd4";"04.10.10";"Nyanlæg og tilplantninger i skove";"Ingen beskrivelse";1
"38da8720-62a6-4192-a0d7-6fe731578a68";"01.05.00";"Naturbeskyttelse i almindelighed";"Ingen beskrivelse";1
"38f5dfbe-2860-11e4-8505-0050c2490048";"30.18";"Regioners opgaver og organisering";"Ingen beskrivelse";1
"38f5dfbe-2860-11e4-8506-0050c2490048";"30.18.00";"Regioners opgaver og organisering i almindelighed";"Emnet dækker sager vedrørende regionernes opgaver og organisering.
        Emnet er ikke detaljeret ud med regionernes opgaveområder, men refererer alene til parten.
        Sager hvor kommunen har myndighedsopgaver og samarbejder med regionerne, findes der dedikerede emner bl.a. i hovedgruppe 27 og 54.";1
"397687cc-ca49-47c0-9667-fee0aeb39b0f";"03.09.02";"Vedligeholdelse og mangler ved lejeforholdets begyndelse";"Emnet dækker bl.a. sager om:


    
        Pålæg af vedligeholdelse
        Lejenedsættelse, manglende vedligeholdelse
        Fradrag på kontoen for udvendig vedligeholdelse
        Reduktion hensættelsesbeløb
        Udlejers manglende vedligeholdelse
        Tvister om opfyldelse af udlejerens pligt til at føre en indvendig vedligeholdelseskonto
        
    


Tidligere lovreference:


    
        Lejeloven § 106, stk. 1, nr. 3 (LBK 2019-09-04 nr. 927)
        Lejeloven § 19 (LBK 2019-09-04 nr. 927)
        Boligreguleringsloven § 18-22 (LBK 2019-09-04 nr 929)
        Lejeloven § 112-114 (LOV 2022-22-03 nr 341)
        Lejeloven § 119-120 (LOV 2022-22-03 nr 341)
        Lejeloven § 123-124 (LOV 2022-22-03 nr 341)
        
    


Historik:


    
        Vedligeholdelsesplaner er pr. feb 2025 udskilt i et nyt emne: 03.09.54
        Mangler ved lejeforholdets begyndelse lå tidligere under emnenr. 03.09.52.";1
"397affb9-0375-416a-a092-738fd4d98b5e";"05.13.01";"Færdsels- og vejafmærkninger";"Her placeres bl.a. sager om:
        færdsels- og vejafmærkninger.
        Ansøgning fra pulje til cykelbokse. Konkrete ansøgninger tilføjes facet Ø34.";1
"399b7854-0145-448c-9cf3-d79b0926b7cc";"09.30.05";"(E) Oparbejdning af vegetabilske råvarer, foderstofproduktion og trykkerier";"Emnet dækker bl.a. sager om kommunens tilsyn med brugerbetalingsbekendtgørelsens bilag 1-virksomheder, under pkt. E.
        De konkrete sager om tilsyn journaliseres med facet K08.";1
"39a615de-da67-4b5f-ba19-72583501075c";"03.12.04";"Mangler ved boligen";"Emnet dækker bl.a. sager om:


    
        Mangler ved boligen.
        Erstatning og/eller nedslag i lejen, såfremt det lejede senere lider skade som følge af udlejerens forsømmelse eller brugen af det lejede er i strid med lovgivning eller andre offentlige forskrifter.
        Konkrete afgørelser tilføjes facet G01.";1
"39b19f87-7587-44f4-9f2c-f60c739f6169";"13.04";"Bygasforsyning";"Ingen beskrivelse";1
"39be3e27-2d6f-4ea2-a364-3e73aa45de9d";"83.15.00";"Køb af serviceydelser i almindelighed";"Ingen beskrivelse";1
"39f9c56a-d863-42a5-90ea-d0a9c91b5c7c";"19.02.02";"Registrering af arkivalier";"Ingen beskrivelse";1
"3a00b633-9d52-4569-8ec3-31a4956a9560";"83.37.00";"Rør og fittings i almindelighed";"Ingen beskrivelse";1
"3a2a8e23-d0b5-41c3-8f13-eed58fc15626";"06.11.01";"Udledning af spildevand til vandløb, søer eller havet";"Emnet dækker bl.a. sager om:


    
        Udledningstilladelse af spildevand til vandløb, søer eller havet
        
    


Henvisning til andre relevante emner:


    
        Tilslutning til spildevandsanlæg, se emnenr. 06.01.15.";1
"3a2cf374-8744-44ec-9e6e-2021ce6955a7";"18.20.04";"Idrætsarrangementer";"Emnet dækker sager om idrætsarrangementer både fra indland og udland.
        Fx hvor kommunen ansøges om tilskud til idrætsarrangementet eller igangsætter et kommuneprojekt i tilknytning til arrangementet.
        Eksempler er stævner, mesterskaber, eventidræt og atletikstævner.
        
    


Henvisning til andre relevante emner:


    
        Tilskud, der gives efter eliteidrætsloven, se emnenr. 18.20.02.";1
"3a2f7d1b-4c25-4628-ad52-1ff47d0bd2f9";"09.30.16";"(K) Affaldsoplagring, omlastning og kompostering";"Emnet dækker bl.a. sager om kommunens tilsyn med brugerbetalingsbekendtgørelsens bilag 1-virksomheder, under pkt. K.
        De konkrete sager om tilsyn journaliseres med facet K08";1
"3aa92688-3039-11e9-8ebf-0050c2490048";"00.16.10";"Udvidet udfordringsret";"Emnet dækker bl.a. sager om:


    
        Udvidet udfordringsret.
        Forenklingsforslag i regi af udfordringsret.
        Ændringsforslag, udfordringsret.
        Udfordring af statslige regler.
        
    


Bemærkninger til emnet:


    
        Den tidligere ordning af udfordringsret (2008-2015) henviste til facet P08 ’Forsøgsordninger’.
        Da den udvidede udfordringsret også åbner for forslag til regelændringer, samles opgaven under dette emne.";1
"3abfee85-037f-4574-b133-db7816d98bc9";"05.14.01";"Bænke - genstande på vejareal";"Emnet dækker sager om opstilling af bænke, eksempelvis på en gågade eller foran butikker
        
    


Henvisning til relevante facetter:


    
        Konkrete tilladelser / rådighedstilladelser  tilføjes G01.";1
"3ac2d7c6-a6d2-11e8-b41c-0050c2490048";"02.34.18";"Byggemyndighedens kontrol";"Emnet dækker bl.a. sager om:


    
        Ulovlige forhold efter byggeloven, der søges lovliggjort
        Ejendommes vedligeholdelsestilstand
        Henlæggelse af afgørelseskompetencer vedrørende brandmæssige forhold
        Adgang til en privat ejendom efter byggelovens §19
        Påbud om foranstaltninger til at sikre, at ejendommen ikke tages i besiddelse af uvedkommende
        
    


Henvisning til relevante facetter:


    
        Sager om påbud eller forbud tilføjes facet K08
        Sager om henlæggelser af beføjelser tilføjes facet A21 og hvis del af vedtægterne, bruges P24";1
"3ac2d7c6-a6d2-11e8-b41d-0050c2490048";"02.34.24";"Byggearbejder der kan udføres uden byggetilladelse";"Emnet dækker sager om:


    
        Byggearbejder der kan udføres uden byggetilladelse
        Sekundær bebyggelse under 50m2
        Nedrivning, der ikke kræver tilladelse";1
"3ac2d7c6-a6d2-11e8-b41e-0050c2490048";"02.34.30";"Nedrivning af bebyggelse";"Emnet dækker sager om:


    
        Nedrivning af bebyggelse der kræver tilladelse";1
"3ace0d75-01df-4410-8f11-0047612477b6";"88.12";"Varer og tjenesteydelser over tærskelværdi";"Gruppen dækker sager om udbud af varer og tjenesteydelser

Ved udbudspligtige varer og tjenesteydelser forstås kommunens udbud af varer og tjenesteydelser, som overstiger EU´s tærskelværdi. Vejledning til brug:


    
        Formålet med opbygningen af udbudsgruppen er, at den understøtter dokumentationen ifm. de forskellige typer af indkøb, og de trin kommunen skal igennem i en udbudsproces. 
        Genstanden for udbuddet (hvad udbuddet omhandler) tilføjes i sagstitlen.
        Konkrete udbudssager tilføjes facet G01.
        Når kontrakt indgås med leverandøren, og udbudsprocessen er gennemført, journaliseres selve kontrakten/driftssagen på relevant emne i KLE.
        Kontrakten/driftssagen tilføjes facet Ø54.
        (Hovedgruppe 88-emnerne erstatter tidligere facet Ø22).";1
"3ae12d25-479a-4238-a81d-45ff5b482fb6";"04.14.20";"Brandværnsforanstaltninger på campingpladser";"Emnet dækker sager om brandværnsforanstaltninger på campingpladser efter campingreglementet. Kommunalbestyrelsen kan stille brandsikkerhedsmæssige krav, som fx skærpet krav til afstanden mellem håndsprøjtebatterier eller trykvandslukkere.";1
"3b375e04-f400-4c74-9d24-d4ae1c1d260a";"09.08.35";"Genanvendelse af restprodukter og jord til bygge og anlægsarbejder";"Her journaliseres sager om genanvendelse af restprodukter og jord til bygge og anlægsarbejder.";1
"3b45bc18-cb6b-493f-89d3-fc0a1a585e93";"09.18.12";"Nedknusning på stedet, anmeldeordning for midlertidige miljøaktiviteter mv.";"Emnet dækker sager om lokal nedknusning af fx beton på stedet.
        Øvrige sager om anmeldeordning for midlertidige miljøaktiviteter, journaliseres under emnenr. 09.18.14";1
"3b463ef9-c5fb-47b8-b51d-727b004dec60";"01.07.04";"Helårsbeboelse og -overnatning";"Emnet dækker bl.a. sager om:


    
        Boliger i sommerhusområders anvendelse til beboelse og overnatning
        De særlige pensionistregler
        
    


Henvisning til relevante facetter:


    
        Dispensationer vedrørende helårsbeboelse af sommerhuse på småøer tilføjes facet P25
        Påbud om fraflytning af sommerhus, der uretmæssigt anvendes til helårsbeboelse, tilføjes facet K08";1
"3b47932c-a7e7-479e-818c-90f4d3b749aa";"08.00.00";"Havne og lufthavne i almindelighed";"Emnet dækker bl.a.:


    
        Generelle sager om havne og lufthavne
        Sager om havne og lufthavne som dækker to eller flere grupper i hovedgruppe 08, eller ikke kan placeres entydigt under et af emnerne i hovedgruppe 08
        
    


Henvisning til relevante facetter:


    
        Sager om kommunalbestyrelsens valg af medlemmer til havneråd for statshavne tilføjes facet A30.";1
"3b51f666-1e64-4d89-8f12-cc8a05060c2b";"17.20.19";"Undervisning i hjemmet mv.";"Emnet er til sager, hvor forældre selv søger for undervisning af deres børn i den skolepligtige alder. For eksempel sager om:


    
        kommunalbestyrelsens tilsyn med undervisningen i hjemmet – tilføjes facet K09 
        kommunalbestyrelsens mulighed for at afholde prøver i forbindelse med undervisning i hjemmet";1
"3b68d012-ee44-48f8-bcd2-005437c19394";"13.02.02";"Vandkvalitet";"Emnet dækker bl.a. sager om:


    
        Kontrol og tilsyn med kvaliteten af vandet i vandforsyningssystemer
        Krav om at vandforsyningen foretager risikovurdering og risikostyring af forsyningssystemet
        Påbud om ophør af drift grundet dårlig vandkvalitet
        Udbedrende foranstaltninger til genoprettelse af drikkevandets kvalitet
        
    


Henvisning til relevante facetter:


    
        Sager om tilsyn og påbud med vandkvaliteten tilføjes facet K08
        Afgørelser / sager om dispensationer tilføjes facet P25";1
"3b70b347-c9e1-4726-9662-1d567a5513b7";"17.05";"Folkeskolens prøver";"Gruppen dækker alle sager vedrørende folkeskolens afsluttende prøver samt karaktergivning. Som udgangspunkt dækker gruppen således bestemmelserne i folkeskolelovens §§ 13 stk. 5-9 og 14, men da undervisningsministeren i § 14, bemyndiges til at fastsætte regler om krav, indstilling, afholdelse og bedømmelse, og da området omfatter mange sager/papirer, er der i skolejournalplanen valgt at tage udgangspunkt i de detaljerede regler. Disse er udsendt som Prøvebekendtgørelsen. Gruppe 17.05 er specificeret med udgangspunkt i inddelingen i ovenstående bekendtgørelse suppleret med enkelte andre bestemmelser fra Prøvebekendtgørelse.";1
"3b863cb5-13f6-44bb-a564-2548ff5c7655";"08";"Havne og lufthavne";"Hovedgruppe 08 omfatter bl.a. sager, der administreres/behandles i henhold til følgende lovgivning:


    
        LBK om havne (Havneloven)
        LBK om luftfart (Luftfartsloven)
        Lodsloven
        BEK om anvendelse af lods
        BEK om forebyggelse af forbrydelser mod luftfartens sikkerhed (security)
        BEK om meddelelsespligt med hensyn til flyvehavarier og flyvehændelser
        BEK om sikring af havnefaciliteter
        BEK om standardreglement for overholdelse af orden i danske erhvervshavne
        Bestemmelser om betaling for benyttelse af lufthavne (lufthavnstakster)
        Bestemmelser om lufttrafikregler
        
    
    


08-gruppen anvendes ved samtlige kategorier af kommunale havne, idet emnerne beskriver havnerelaterede opgaver, uanset de enkelte havnes betegnelser.


    
        Arkiveringsmæssigt kan de enkelte havne holdes adskilt ved at påføre anden identifikation (fx »lystbådehavnen«, »trafikhavnen« osv.)
        Modtageordninger i havne journaliseres med nummer 09.05.10. Begrundelsen for en placering i 09-hovedgruppen er, at hovedproblemstillingen er miljømæssig, idet ordningen skal medvirke til at beskytte havmiljøet.
        Statshavne journaliseres med nummer 30.10.40.";1
"3b86ce20-d65f-4758-873a-0d3070649f30";"81.22.05";"Kapitalpension og kapitalforsikring";"Ingen beskrivelse";1
"3b872b69-4490-4ca3-9dbe-d53711df8a5b";"27.42.24";"Betaling for bolig";"Emnet dækker sager om: 


    
        beboernes betaling for plejebolig og plejehjem
        kommunens fastsættelse af beløb";1
"3b924bd9-f844-4e25-bb8b-52cb203bf08d";"17.03.22";"Specialklasser";"Emnet dækker sager om specialklasser, specialskoler o.l, Fx sager om:


    
        funktioner
        målsætninger
        principper";1
"3ba6fc86-40de-41be-906b-73ccf0740131";"88.04.04";"Indledende markedsundersøgelser - udbud";"En ordregiver kan, inden der iværksættes en udbudsprocedure, gennemføre markedsundersøgelser med henblik på at udforme udbuddet og informere økonomiske aktører om ordregiverens udbudsplaner og krav i forbindelse med udbuddet.";1
"3be341db-99a0-4347-acd2-bc639c9f4ea2";"86.04.00";"Reparationsvirksomhed i almindelighed";"Har kommunen etableret central reparationsvirksomhed, journaliseres sager om driften af dette her.";1
"3c14baa3-e5b0-48cc-bdf4-55dd1fd6663b";"19.02.12";"Arkivpublikationer og formidlingsvirksomhed";"Her journaliseres sager om arkivpublikationer og formidlingsvirksomhed generelt, fx:


    
        artikler
        kronikker
        lokalhistorisk leksikon
        internetpublikationer
        film
        
    


Bemærk at der er selvstændige emnenumre til arkivforedrag (19.02.09), udstillingsvirksomhed (19.02.10) og omvisninger (19.02.11).";1
"3c157d75-12b9-43c3-a003-3ce683f648df";"18.20.00";"Idræt i almindelighed";"Ingen beskrivelse";1
"3c15a6a6-0520-480a-913f-6931cd67a6ad";"01.05.16";"Anlæg i det åbne land";"Emnet dækker sager om godkendelse af offentlige vejanlæg og ledningsanlæg i det åbne land, samt skiltning i det åbne land (friluftsreklamer).
        Tilsyn med skiltning i det åbne land journaliseres med facet K08.";1
"3c162a45-c178-4b4d-bba3-9aba5c3c7f03";"83.27.00";"El-materiel, el-ledninger i almindelighed";"Ingen beskrivelse";1
"3c321b95-c9ac-4120-b347-e4ef17563cfb";"25.02.08";"Fritagelse for grundskyld";"Emnet dækker bl.a. sager om:


    
        hel eller delvis fritagelse for grundskyld for skoler, hospitaler, sygehuse, institutioner godkendt i henhold til den sociale lovgivning, biblioteker under offentligt tilsyn og offentligt tilgængelige museer
        fritagelse for grundskyld på objektivt grundlag
        hel eller delvis fritagelse for stigning i grundskylden til ejere af ejendomme, hvor grundværdien er steget med mere end 20 pct. som følge af en ændret lokalplan
        
    


Henvisning til relevante facetter:


    
        Ansøgning om fritagelse for grundskyld tilføjes facet Ø47
        Meddelelse om fritagelse tilføjes G01
        Fritagelse for grundskyld på objektivt grundlag tilføjes G01";1
"3c345a88-02ad-4305-8dcb-040de733b374";"09.13.02";"Muldvarpe - skadedyrsbekæmpelse";"Emnet dækker bl.a. sager om:


    
        bekæmpelse af muldvarpe
        betaling for bekæmpelsen af muldvarpe";1
"3c8c866b-df68-40fc-8197-50e646fab11f";"09.17.38";"Anmeldelse - ensilageopbevaringsanlæg";"Emnet dækker bl.a. sager om:


    
        Anmeldelse - ensilageopbevaringsanlæg
        konkrete anmeldelser tilføjes facet G01";1
"3c99bda9-7d2f-11e3-9327-0050c2490048";"13.03.24";"Ekspropriation til varmeforsyning";"Her journaliseres sager om ekspropriation i forbindelse med varmeforsyning.
        Sager om ekspropriationserstatning tilføjes facet Ø61.";1
"3cb6b2c1-0f4f-4903-b4c2-5e245d373f9c";"83.28";"Rengøringsmaterialer og -maskiner";"Ingen beskrivelse";1
"3cbbd747-f762-482c-8f4c-7ccd40047ac4";"15.28.00";"Seniorjob i almindelighed";"Emnet er til sager om seniorjob.
        Ifølge lov om seniorjob har et ledigt medlem af en arbejdsløshedskasse, hvis dagpengeperiode udløber tidligst 5 år før efterlønsalderen ret til ansættelse i et seniorjob i bopælskommunen, når dagpengeperioden er udløbet.";1
"3cf87926-fd40-4884-9321-c31d0c4eb996";"24.02.00";"Handel, håndværk, industri i almindelighed";"Ingen beskrivelse";1
"3d0820be-702d-4df7-ae98-087d2640c6d7";"82.06.01";"Byggeprogram / anlægsprogram, nybyggeri";"Ingen beskrivelse";1
"3d0ba3b4-bc77-4068-a601-ed3fb4f41242";"81.13.01";"Transport / befordring";"Ingen beskrivelse";1
"3d13b7d6-fecf-4479-86d5-61f47c44183b";"00.16.02";"Tværsektorielle udviklingsprojekter";"Emnet dækker sager om udviklingsprojekter der går på tværs af flere opgaveområder eller ressourcer. Fx 


    
        Tværgående udviklingsprojekter vedr. 0-18 årige
        Dogme2000
        Velfærdsteknologi, tværsektorielle udviklingsprojekter
        
    


Henvisning til andre relevante emner:


    
        Tværsektorielle aktiviteter og samarbejder, se emnenr. 00.17.25";1
"3d27b52a-36dc-11e6-b870-0050c2490048";"00.15.25";"Grundlaget for effektivisering";"Emnet dækker bl.a. sager om:


    
        Arbejdet med effektivisering
        Den forberedende del af arbejdet med effektivisering
        Effektiviseringsinitiativer
        Effektiviseringsanalyser / beregninger
        
    


Henvisning til relevante facetter/emner:


    
        analyser tilføjes P05
        strategier tilføjes P15
        projekter tilføjes P20
        forarbejder om effektivisering tilføjes G01
        Effektiviseringsprojekter på specifikke emner kan journaliseres med facet P20 kombineret med relevante emne.
        Der kan arbejdes med effektivisering på mange emneområder ( = forskellige emner), hvor ordet effektivisering journalmæssigt ikke optræder. Det er derfor et valg, om man enten vil bruge emnet ’effektivisering’, eller konkrete emneområder kombineret med facet P20.";1
"3d337bab-8d19-4190-8c7e-1695301be6e9";"29.24";"Behandlingstilbud efter sundhedsloven";"Sager om behandlingstilbud i denne gruppe er efter sundhedsloven. Sager om behandlingstilbud efter serviceloven, se gruppe 27.51.";1
"3d43760e-9986-4eb8-8a25-0430780f0c1b";"85.10";"Databeskyttelse";"Gruppen er til sager om databeskyttelse, bl.a. efter databeskyttelsesforordningen og databeskyttelsesloven.
        
    


Henvisning til andre relevante grupper:


    
        Sager om registreredes rettigheder efter databeskyttelsesforordningen, se gruppe 23.25";1
"3d505ade-577e-4a86-abbf-059aed8b8cd8";"27.51.08";"Behandlingstilbud efter servicelovens § 102";"Emnet dækker bl.a. sager om:


    
        Tilbud efter servicelovens § 102 af behandlingsmæssig karakter til borgere med betydelig og varigt nedsat fysisk eller psykisk funktionsevne eller med særlige sociale problemer. Det drejer sig om tilbud som ligger ud over den bistand af socialpædagogisk karakter, som er omfattet af § 85.
        
    


Henvisning til andre relevante emner:


    
        Sager om socialpædagogisk bistand efter § 85 i serviceloven, se emnenr. 27.36.12
        
    


Emnet dækker desuden:


    
        Ansøgning til socialtilsynet om godkendelse
        Socialtilsynets godkendelser og tilsyn";1
"3d8c1ff6-d0fa-48d6-b6af-865b72296608";"81.38.01";"Kommunernes samarbejdsnævn";"Ingen beskrivelse";1
"3daa2353-01c2-44a1-8b73-b913dec7b537";"15.17";"Opfølgning og vurdering - beskæftigelsesindsats";"Ingen beskrivelse";1
"3dbe43e7-f338-4c75-bfca-74ee6f84d6e9";"81.19.00";"Personalegoder (skattepligtige) i almindelighed";"Emnet dækker bl.a. sager om personalegoder, som er skattepligtige for medarbejderne jf. SKATs juridiske vejledning.

Henvisning til andre relevante emner:


    
        Bemyndigelse til at godkende udstedelse af betalingskort til medarbejder journaliseres under emnenr. 00.15.15.";1
"3e142d4d-68fe-434a-b022-ee4bbd67f701";"07.18.18";"PVC-affald, indsamlingsordning";"Emnet er til sager om etablering af indsamlingsordninger for PVC-affald.
        Ordningen skal tilrettelægges på en sådan måde, at væsentlige dele af både genanvendeligt og ikke-genanvendeligt PVC-affald indsamles.";1
"3e3f441c-fb86-41d4-8b56-89427b5029db";"14.05.09";"Rydningsmateriel";"Ingen beskrivelse";1
"3e62a602-e232-11e6-bf01-fe55135034f3";"06.00.07";"Klimatilpasning, spildevand";"Emnet dækker bl.a. sager om:


    
        Klimatilpasning efter spildevandsbekendtgørelsen
        Oversvømmelseskort fra spildevandsforsyningsselskaber";1
"3e62a85a-e232-11e6-bf01-fe55135034f3";"06.01.26";"Nedsivningsanlæg mindre end 25 meter fra vandløb";"Emnet dækker sager om etablering af nedsivningsanlæg, hvor afstanden fra nedsivningsanlæg til vandløb, søer eller havet er mindre end 25 meter.
        Tilladelser tilføjes G01.";1
"3e62ac42-e232-11e6-bf01-fe55135034f3";"06.01.29";"Spildevandsafledning fra spredt bebyggelse";"Emnet dækker bl.a. sager om:


    
        Tilladelse til spildevandsafledning fra spredt bebyggelse
        Påbudet om forbedret rensning
        Tilladelser tilføjes facet G01 og påbud tilføjes facet K08";1
"3e62ad32-e232-11e6-bf01-fe55135034f3";"06.01.32";"Afledning af spildevand til jorden (nedsivning)";"Emnet dækker bl.a. sager om:


    
        Etablering af nedsivningsanlæg med husspildevand 
        Afledning af spildevand til jorden
        Tilladelser til etablering af nedsivningsanlæg med en anlægskapacitet op til 30 PE
        Konkrete tilladelser tilføjes facet G01";1
"3e62ae04-e232-11e6-bf01-fe55135034f3";"06.01.35";"Afledning af tag- og overfladevand til nedsivningsanlæg";"Emnet dækker bl.a. sager om:


    
        Afledning af tag- og overfladevand til nedsivningsanlæg 
        Faskiner og regnbed uden tilførsel af husspildevand og procesvand
        Tilladelse til etablering af nedsivningsanlæg, tagvand
        Konkrete tilladelser tilføjes G01";1
"3e62aecc-e232-11e6-bf01-fe55135034f3";"06.01.38";"Nedsivning af overfladevand - befæstede arealer";"Emnet dækker bl.a. sager om:


    
        Tilladelser til nedsivning
        af overfladevand fx fra befæstede arealer (parkeringspladser, veje)";1
"3e62af94-e232-11e6-bf01-fe55135034f3";"06.01.41";"Udledning af spildevand på jordoverfladen";"Emnet dækker sager om udledning og udsprøjtning af spildevand uden jordbrugsmæssig værdi på jordoverfladen";1
"3e62b048-e232-11e6-bf01-fe55135034f3";"06.01.44";"Afledning af spildevand til samletanke";"Emnet dækker bl.a. sager om:


    
        Tilladelse til at etablere en samletank ved kolonihave
        Opsamling af spildevand i samletank
        Tilladelse til at etablere en samletank
        Anmeldelse af opsamling af tag- og overfladevand";1
"3e62b3b8-e232-11e6-bf01-fe55135034f3";"06.01.47";"Afledning af spildevand til pileanlæg - opsamling";"Emnet dækker bl.a. følgende sager:


    
        Tilladelse til afledning af spildevand til pileanlæg
        Ansøgning om etablering af anlæg
        Konkrete ansøgninger tilføjes facet G01";1
"3e62b494-e232-11e6-bf01-fe55135034f3";"17.02.24";"Åben skole";"Emnet dækker sager om åben skole, fx:


    
        Aftaler og partnerskaber med foreninger, kultur, fritidstilbud mv.
        Tilrettelæggelse og planlægning af tilbud i åben skole regi
        
    


Henvisning til andre relevante emner:


    
        Skolebestyrelsens målsætninger for åben skole, se emnenr. 17.01.11";1
"3eb3f23d-1718-443a-9419-0dbd2177a473";"15.00.00";"Organisering og understøttelse af beskæftigelsesindsatsen i almindelighed";"Emnet dækker bl.a.:


    
        Generelle sager om organisering og understøttelse af beskæftigelsesindsatsen
        Sager om det fælles datagrundlag for beskæftigelsesindsatsen
        Sager om organisering og understøttelse af beskæftigelsesindsatsen som dækker to eller flere grupper i hovedgruppe 15, eller ikke entydigt kan placeres under et af emnerne i hovedgruppe 15
        
    


Henvisning til relevante facetter:


    
        Beskæftigelsespolitikker tilføjes facet P22
        Ledelsestilsyn på beskæftigelsesområdet tilføjes facet K09";1
"3ebd270b-bfcd-4f5c-9544-75b47fd691df";"23.09.02";"Pas";"Her journaliseres bl.a. sager i forbindelse med ansøgning om pas.";1
"3eeba5fd-7d0e-11e3-968f-0050c2490048";"13.03.18";"Varmeforsyningsplanlægning";"Her journaliseres sager om kommunens varmeforsyningsplanlægning.
        En samlet plan for kommunens varmeforsyning
        Konkrete varmeforsyningsplaner tilføjes facet P15.";1
"3eeeb02d-df45-4090-ba5e-b593aff53314";"88.00.00";"Kommunens indkøb og udbud i almindelighed";"Emnet dækker bl.a.:


    
        Generelle sager om udbud og indkøb.
        Sager om sociale klausuler (fx rammer, regler, principper og vejledninger). De konkrete klausuler følger selve udbudssagen
        Følg-eller-forklar”-princippet, der forpligter myndigheden til enten at bruge sociale klausuler i relevante udbud eller forklare, hvorfor de ikke gør det.
        
    


Henvisning til relevante facetter:


    
        Udbudspolitik tilføjes facet P15";1
"3ef1b91f-7f31-11e6-8ba4-0050c2490048";"32.10.00";"Børnetilskud i almindelighed";"Udbetaling Danmark myndighedsopgave.";1
"3ef1b91f-7f31-11e6-8ba5-0050c2490048";"32.10.04";"Ordinært børnetilskud til enlige forsørgere";"Udbetaling Danmark myndighedsopgave.";1
"3ef1b91f-7f31-11e6-8ba6-0050c2490048";"32.10.08";"Ordinært børnetilskud til pensionister";"Udbetaling Danmark myndighedsopgave.";1
"3ef1b91f-7f31-11e6-8ba7-0050c2490048";"32.10.12";"Ekstra børnetilskud til enlige forsørgere";"Udbetaling Danmark myndighedsopgave.";1
"3ef1b91f-7f31-11e6-8ba8-0050c2490048";"32.10.16";"Særligt børnetilskud ved ingen forældre";"Udbetaling Danmark myndighedsopgave.";1
"3ef1b91f-7f31-11e6-8ba9-0050c2490048";"32.10.20";"Særligt børnetilskud når faderskab ikke er fastslået";"Udbetaling Danmark myndighedsopgave.";1
"3ef1b91f-7f31-11e6-8baa-0050c2490048";"32.10.24";"Særligt børnetilskud ved verserende faderskabssag";"Udbetaling Danmark myndighedsopgave.";1
"3ef1b91f-7f31-11e6-8bab-0050c2490048";"32.10.28";"Særligt børnetilskud ved assisteret reproduktion";"Udbetaling Danmark myndighedsopgave.";1
"3ef1b91f-7f31-11e6-8bac-0050c2490048";"32.10.32";"Særligt børnetilskud ved kun én forælder";"Udbetaling Danmark myndighedsopgave.";1
"3ef1b91f-7f31-11e6-8bad-0050c2490048";"32.10.36";"Særligt børnetilskud til eneadoptanter";"Udbetaling Danmark myndighedsopgave.";1
"3ef1b91f-7f31-11e6-8bae-0050c2490048";"32.10.40";"Særligt børnetilskud til pensionister med tillæg";"Udbetaling Danmark myndighedsopgave.";1
"3ef1b91f-7f31-11e6-8baf-0050c2490048";"32.10.44";"Særligt børnetilskud til pensionister uden tillæg";"Udbetaling Danmark myndighedsopgave.";1
"3ef1b91f-7f31-11e6-8bb0-0050c2490048";"32.10.48";"Særligt børnetilskud til bidragsbetalende pensionister";"Udbetaling Danmark myndighedsopgave.";1
"3ef1b91f-7f31-11e6-8bb1-0050c2490048";"32.10.52";"Særligt børnetilskud ifbm. bidragsresolution";"Udbetaling Danmark myndighedsopgave.";1
"3ef1b91f-7f31-11e6-8bb2-0050c2490048";"32.10.56";"Flerbørnstilskud";"Udbetaling Danmark myndighedsopgave.";1
"3ef1b91f-7f31-11e6-8bb3-0050c2490048";"32.10.60";"Adoptionstilskud";"Udbetaling Danmark myndighedsopgave.";1
"3ef1b91f-7f31-11e6-8bb4-0050c2490048";"32.10.64";"Særligt børnetilskud til uddannelsessøgende forældre";"Udbetaling Danmark myndighedsopgave.";1
"3ef1b91f-7f31-11e6-8bb5-0050c2490048";"32.10.68";"Supplerende børnetilskud i visse praktik- og skoleperioder";"Udbetaling Danmark myndighedsopgave.";1
"3ef1b91f-7f31-11e6-8bb6-0050c2490048";"32.12.04";"Børneydelse";"Udbetaling Danmark myndighedsopgave pr. 1. oktober 2012";1
"3ef1b91f-7f31-11e6-8bb7-0050c2490048";"32.12.08";"Ungeydelse";"Udbetaling Danmark myndighedsopgave pr. 1. oktober 2012";1
"3ef1b91f-7f31-11e6-8bb8-0050c2490048";"32.15.20";"Fødselsbidrag";"Udbetaling Danmark myndighedsopgave.";1
"3ef1b91f-7f31-11e6-8bb9-0050c2490048";"32.15.24";"Bidrag til mors underhold omkring fødsel";"Udbetaling Danmark myndighedsopgave.";1
"3ef1b91f-7f31-11e6-8bba-0050c2490048";"32.15.28";"Navngivningsbidrag, herunder dåb";"Udbetaling Danmark myndighedsopgave.";1
"3ef1b91f-7f31-11e6-8bbb-0050c2490048";"32.15.30";"Konfirmationsbidrag";"Udbetaling Danmark myndighedsopgave.";1
"3ef1b91f-7f31-11e6-8bbc-0050c2490048";"32.15.34";"Beklædningsbidrag";"Udbetaling Danmark myndighedsopgave.";1
"3ef1b91f-7f31-11e6-8bbd-0050c2490048";"32.15.40";"Bidrag i forbindelse med sygdom";"Udbetaling Danmark myndighedsopgave.";1
"3ef1b91f-7f31-11e6-8bbe-0050c2490048";"32.15.50";"Bidrag i forbindelse med begravelse";"Udbetaling Danmark myndighedsopgave.";1
"3ef1b91f-7f31-11e6-8bbf-0050c2490048";"32.15.60";"Bidrag i særlig anledning";"Udbetaling Danmark myndighedsopgave.";1
"3ef1b91f-7f31-11e6-8bc0-0050c2490048";"32.16.00";"Underholdsbidrag, bidragsbetaler i almindelighed";"Udbetaling Danmark myndighedsopgave.";1
"3ef1b91f-7f31-11e6-8bc1-0050c2490048";"32.16.04";"Børnebidrag, normalbidrag, bidragsbetaler";"Udbetaling Danmark myndighedsopgave.";1
"3ef1b91f-7f31-11e6-8bc2-0050c2490050";"32.16.06";"Børnebidrag, procenttillæg til normalbidrag, bidragsbetaler";"Udbetaling Danmark myndighedsopgave.";1
"3ef1b91f-7f31-11e6-8bc3-0050c2490051";"32.16.08";"Ægtefællebidrag, bidragsbetaler";"Udbetaling Danmark myndighedsopgave.";1
"3ef1b91f-7f31-11e6-8bc4-0050c2490052";"32.16.12";"Uddannelsesbidrag, bidragsbetaler";"Udbetaling Danmark myndighedsopgave.";1
"3ef1b91f-7f31-11e6-8bc5-0050c2490053";"32.16.20";"Fødselsbidrag, bidragsbetaler";"Udbetaling Danmark myndighedsopgave.";1
"3ef1b91f-7f31-11e6-8bc6-0050c2490054";"32.16.24";"Bidrag til mors underhold omkring fødsel, bidragsbetaler";"Udbetaling Danmark myndighedsopgave.";1
"3ef1b91f-7f31-11e6-8bc7-0050c2490055";"32.16.28";"Navngivningsbidrag, herunder dåb, bidragsbetaler";"Udbetaling Danmark myndighedsopgave.";1
"3ef1b91f-7f31-11e6-8bc8-0050c2490056";"32.16.30";"Konfirmationsbidrag, bidragsbetaler";"Udbetaling Danmark myndighedsopgave.";1
"3ef1b91f-7f31-11e6-8bc9-0050c2490057";"32.16.34";"Beklædningsbidrag, bidragsbetaler";"Udbetaling Danmark myndighedsopgave.";1
"3ef1b91f-7f31-11e6-8bca-0050c2490058";"32.16.40";"Bidrag i forbindelse med sygdom, bidragsbetaler";"Udbetaling Danmark myndighedsopgave.";1
"3ef1b91f-7f31-11e6-8bcb-0050c2490059";"32.16.50";"Bidrag i forbindelse med begravelse, bidragsbetaler";"Udbetaling Danmark myndighedsopgave.";1
"3ef1b91f-7f31-11e6-8bcc-0050c2490060";"32.16.60";"Bidrag i særlig anledning, bidragsbetaler";"Udbetaling Danmark myndighedsopgave.";1
"3efa1ec1-37b2-42a6-a214-6b6df4707b7f";"83.05.02";"Frugt og grønt";"Ingen beskrivelse";1
"3f1b8fb4-9744-46c0-be51-eaa0b52a682e";"22.11.02";"Tilladelser til taxikørsel (taxibevillinger) mv.";"Her journaliseres sager om tilladelser til taxikørsel (taxibevillinger).
        Det gælder både dem der bevilges og hvor der gives afslag.
        De konkrete ansøgninger tilføjes facet G01.
        Tilladelser til limousine og sygetransport journaliseres under hhv. emnenr. 22.11.00 og emnenr. 22.11.14.
        
    


Emnet udgik august 2018 da administrationen af taxiområdet er flyttet til Trafik-, Bygge- og Boligstyrelsen. Genåbnet februar 2019, da kommuner fortsat får henvendelser, bl.a. om ombytning af tilladelser.";1
"3f2ba538-a965-40fa-a77b-58e4a9fd8835";"04.12";"Vandrerhjem";"Ingen beskrivelse";1
"3f4bef46-efa0-11ef-a204-0050c2490048";"25.29";"Ejendomsbidrag";"Gruppen er til sager om ejendomsbidrag efter gebyrloven og LBK om lån til betaling af kommunale ejendomsbidrag";1
"3f4bef46-efa0-11ef-a205-0050c2490048";"25.29.00";"Ejendomsbidrag i almindelighed";"Emnet dækker tværgående sager, der vedrører to eller flere emner i gruppen, eller som ikke entydigt kan placeres under et af emnerne.";1
"3f4bef46-efa0-11ef-a206-0050c2490048";"25.29.10";"Opkrævning af ejendomsbidrag";"Emnet dækker bl.a. sager om 


    
        opkrævning af ejendomsbidrag
        
    


Som ejendomsbidrag anses følgende krav:


    
        Gebyr for lovpligtigt skorstensfejerarbejde og for brandpræventivt tilsyn.
        Gebyr vedrørende affaldsordninger m.v. (renovation) og vedrørende forebyggelse og bekæmpelse af jordforurening (husholdninger).
        Gebyr til dækning af omkostningerne ved den kommunale rottebekæmpelse.
        Bidrag til regulering og vedligeholdelse af offentlige vandløb og bidrag til offentlige pumpelag og landvindingslag.
        Bidrag vedrørende digelag, kystsikringslag og kystbeskyttelseslag.
        Vejbidrag efter lov om offentlige veje m.v. og gebyrer efter lov om private fællesveje for kommunens opgave vedrørende vedligeholdelse af private fællesarealer, vejbelysning, snerydning og saltning.";1
"3f4bef46-efa0-11ef-a207-0050c2490048";"25.29.20";"Lån til betaling af kommunale ejendomsbidrag";"Emnet dækker bl.a. sager om:


    
        lån til betaling af kommunale ejendomsbidrag m.v. for pensionister
        beslutning om at låneordning også skal omfatte vej- og kloakudgifter og lign, der påhviler ejendommene og lån til udgifter til tilslutning af de pågældende ejendomme til kollektive anlæg i tilfælde, hvor der er tilslutningspligt";1
"3f64d610-183b-49b4-bdcb-12b67f256281";"81.10";"Arbejdstid";"Ingen beskrivelse";1
"3f6b770c-66aa-4090-9830-826c0a4338be";"81.06.02";"Ekstern jobrotation";"Ingen beskrivelse";1
"3f738d99-09ac-4896-a82a-f901692e1571";"07.17.14";"Oplysningspligt - affald fra virksomheder";"Emnet er til sager om virksomheders oplysningspligt iht. affaldsbekendtgørelsen, fx ved væsentlige ændringer i affaldets mængde, sammensætning eller efter anmodning fra kommunalbestyrelsen eller Miljøstyrelsen.";1
"3f9e6be9-d15f-11ee-a79c-0050c2490048";"81.16.04";"Personaleforeninger / -klubber";"Emnet dækker bl.a. sager om personaleforeninger og personaleklubber, som oprettes og drives af kommunens medarbejdere.";1
"3fb6adba-6d89-4af0-af0b-728b51947a1f";"85.11.06";"Administrative systemer";"Her journaliseres sager om udvikling og etablering af kommunens administrative systemer, fx esdh (elektronisk sags- og dokumenthåndteringssystemer).
        Se også gruppe 85.13, der dækker den forberedende del af arbejdet med digitalisering.";1
"3fb8c62c-b5f0-41e2-84dc-9e566c7b7012";"02.01.02";"Parkeringsarealer";"Emnet dækker bl.a. sager om:


    
        Parkeringsarealer
        Parkeringsfonde, som tilføjes facet G01 (sager om fonde fik tidligere facet Ø 24).";1
"3fd2b0dc-acb1-41dd-9dfa-c870b00e3c94";"27.03.12";"Omkostningsbaserede takster for kommunale tilbud";"Emnet dækker bl.a. sager om omkostningsbaserede takster for kommunale tilbud.
        Fastsættelse af takster for det enkelte tilbud kan journaliseres under det konkrete tilbud (emne), kombineret med facet S29, eller samlet på dette emne.
        Generelle sager, fx procedurer for beregning af omkostningsbaserede takster, journaliseres her.
        Socialtilsynets fastlæggelse af takster journaliseres her.";1
"3fd6524c-1233-4018-95fb-e39ea392d37a";"22.01";"Restaurations- og hotelvirksomhed";"Ingen beskrivelse";1
"3fd8085b-394f-11e7-a8c9-0050c2490048";"17.03.07";"Tilbud om ordblindetest";"Emnet dækker bl.a. sager om:


    
        test for ordblindhed for elever i folkeskolen
        handleplaner ved konstateret ordblindhed
        
    


Sager om efterfølgende foranstaltninger for enkelte elever journaliseres under emnenr. 17.03.20.";1
"3fd8085b-394f-11e7-a8ca-0050c2490048";"83.05.10";"Fisk og skaldyr";"Ingen beskrivelse";1
"3fd8085b-394f-11e7-a8cb-0050c2490048";"83.05.15";"Brød, kager og andet bagværk";"Ingen beskrivelse";1
"3fe3c607-df32-4a06-94d6-98c5b6f1610c";"85.02.01";"Informationshåndtering / journalisering";"Emnet dækker sager om de informationsstrukturer, som kommunen anvender til registrering, klassifikation og journalisering af sager og dokumentation i esdh, fagsystemer og CMS (web) - eksempelvis emnesystematikker, taksonomier og kontoplan.
        Emnet bruges også til retningslinjer om det administrative sagsforløb fra ""vugge til grav"" med de forskellige faser, fx modtagelse, registrering, oprettelse og styring af informationer (journaliseres med facet A26).
        Journalføring, se emnenr. 85.02.08
        
    


Henvisning til andre relevante emner:


    
        Tilrettelæggelse af journalføring, se 85.02.08";1
"4035722d-cdfc-406d-9504-4095e9349c21";"09.18.10";"Regulering af støjgener";"For at forebygge unødvendig luftforurening eller støjgener kan kommunalbestyrelsen påbyde eller fastsætte bestemmelser om, at adgangen til at lade motoren i holdende motorkøretøjer være i gang skal begrænses
        For at forebygge støjgener kan kommunalbestyrelsen meddele påbud eller fastsætte bestemmelser, som begrænser ikke-erhvervsmæssig anvendelse af støjende, motordrevne redskaber, værktøj og lignende samt generende knallertkørsel eller lignende på privat grund uden for godkendte baner
        Ligeledes kan kommunalbestyrelsen give påbud om, at støjgener fra ventilationsanlæg på private eller kommunale ejendomme skal begrænses";1
"404ae8d5-2223-4f9b-957e-5e5c24cee881";"84.03.01";"Valgret og valgbarhed";"Ingen beskrivelse";1
"407a84c9-5347-4871-9842-fa7a5f8fe607";"27.12";"Forebyggelse og rådgivning, social service";"Gruppen er til om forebyggelse og rådgivning, handleplaner for voksne, og den generelle tilsynsforpligtelse iht. serviceloven";1
"40a63008-b34f-4e35-bd4e-7d14eb95d503";"09.08.08";"Påbud til forurenere mv., jordforurening";"Emnet dækker bl.a. sager om:


    
        Påbud om undersøgelse af forurening, jævnfør Jordforureningslovens § 40
        Afgørelse om påbud vedrørende forureninger, 
der stammer fra ejendomme eller anlæg i kommunen
        Påbud om prøveudtagning, analyser og måling af stoffer
        
    


Henvisning til relevante facetter:



    
        Påbud tilføjes facet K08
        Tinglysning tilføjes facet G14
        
    


Henvisning til andre relevante emner:


    
        Sager om påbud ifm. olieforurening fra olietanke journaliseres under emnenr. 09.08.03";1
"40a77dfb-42c8-451a-920b-2a86c581c546";"04.08.14";"Udlån / benyttelse af udendørsanlæg";"Ingen beskrivelse";1
"40c3e57c-2a88-493d-a8c9-52f3ed4c90b4";"25.20";"Skattegrundlag";"Ingen beskrivelse";1
"40dbb171-84b6-4c64-b7ac-413c47880b52";"29.12.24";"Sundhedsmæssig oplysning og vejledning til børn og forældre";"Emnet dækker sager om den kommunale sundhedstjenestes oplysning og vejledning til børn og forældre, der har til formål at fremme børnenes legemlige og psykiske sundhed og trivsel.";1
"410ecaba-14f2-4613-b7ab-584b62da6c86";"27.35.04";"Forebyggende hjemmebesøg [udgår 2026]";"Emnet udgår maj 2026, da servicelovens § 79 a om forebyggende hjemmebesøg er ophævet. I stedet henvises til emnenr. 27.34.05 om forebyggende indsatser efter ældrelovens § 4.

Oprindelig servicetekst:


    
        Emnet er til sager om forebyggende hjemmebesøg.";1
"411d70a4-66bc-4b34-87e1-535677997819";"04.01.16";"Vildtpleje";"Ingen beskrivelse";1
"41271f54-c03b-47fb-9595-7e980bb73c82";"02.25";"Brandværnsforanstaltninger for skorstene og ildsteder";"Ingen beskrivelse";1
"41359f78-5385-11f1-a005-0050c2490048";"06.11.10";"Håndtering af terrænnært grundvand";"Emnet dækker bl.a. sager om:


    
        beregning af samfundsøkonomisk hensigtsmæssighed ved forsyning af områder med grundvandssænkende foranstaltninger
        aftale om opfyldelse af forsyningspligten vedrørende håndtering af terrænnært grundvand
        kommunernes og spildevandsforsyningsselskabernes kollektive håndtering af terrænnært grundvand
        forsyning med grundvandssænkende foranstaltninger, hvis det er samfundsøkonomisk hensigtsmæssigt";1
"414d14aa-0fd9-4472-a7e6-3593a5c2c394";"15.03.10";"AMU-kurser";"Emnet dækker sager om AMU-kurser, som er korterevarende erhvervsrettede kurser på voksen- og efteruddannelsesområdet.";1
"41bc3054-6ef5-4a44-b302-0e14b1e00890";"27.39.08";"Privat hjælper til personlig og praktisk hjælp";"Emnet er til sager efter servicelovens § 94, hvor en person, som er berettiget til personlig pleje og/eller praktisk bistand, vælger en privat hjælper til at udføre opgaverne. Det kan fx dreje sig om sager omkring:


    
        godkendelse af den udpegede person
        indgåelse af kontrakt med den pågældende
        omfang og indhold af opgaverne
        leverancesikkerhed, jf. § 90, stk. 1
        betaling
        
    


Sager omkring frit valg af leverandør journaliseres under emnenr. 27.39.04.";1
"41ce9a51-d4e3-4d3d-87ac-bba2aebc852c";"81.30.06";"Tjenestefrihed, faglige repræsentanter";"Ingen beskrivelse";1
"41e3aa6f-cd5b-423b-819e-22bd0c54cd99";"17.13.02";"Ferieaktiviteter";"Emnet dækker bl.a. sager om skolens aktiviteter i sommerferien.
        Sager om andre institutioners arrangementer i sommerferien placeres på emnenr. 18.16.00";1
"41e58959-02de-455d-9f90-8be54067044b";"09.13";"Skadedyrsbekæmpelse";"Kommunalbestyrelsen kan påbyde, at der træffes de nødvendige foranstaltninger til udryddelse af skadedyr. I gruppe 09.13 journaliseres sager om skadedyrsbekæmpelse.";1
"41fe3620-9896-4476-8ee5-a3b393ea922c";"07.13.02";"Anmeldelse af farligt affald";"Emnet dækker bl.a. sager om:


    
        anmeldelser af farligt affald fra virksomheder, offentlige eller private institutioner, der frembringer farligt affald
        registeroplysninger, fra virksomheder der frembringer farligt affald";1
"42018b82-2991-11f0-ae71-0050c2490048";"17.02.44";"Juniormesterlære";"Emnet dækker sager om:


    
        juniormesterlære
        praktiske undervisningsforløb til elever, som ikke har en godkendt praktikplads";1
"42022366-2866-11e4-bfe7-0050c2490048";"17.02.16";"Lektiehjælp og faglig fordybelse inden for undervisningstiden";"Emnet dækker sager om lektiehjælp og faglig fordybelse. Eksempelvis planlægning, indhold, organisering.
        Udarbejder skolebestyrelsen principper er disse samlet under emnenr. 17.01.11.";1
"42022366-2866-11e4-bfe8-0050c2490048";"17.02.18";"Understøttende undervisning";"Emnet dækker bl.a. sager om:


    
        Understøttende undervisning
        Planlægning, indhold, og organisering af understøttende undervisning
        Ansøgning til kommunalbestyrelsen om at fravige reglerne om en mindstevarighed af undervisningstiden i understøttende undervisning på alle klassetrin i skoleåret";1
"421fff0d-5e00-4aa5-8313-ec65f0159620";"13.05.20";"Privatbaner";"Ingen beskrivelse";1
"42326906-536a-4142-8ad8-5cc4879bdb85";"88.16.04";"Gas, varme og elektricitet - forsyningsvirksomhedskontrakter";"Emnet dækker bl.a. sager om:


    
        Udbud inden for vand- og energiforsyning
        
    


Henvisning til andre relevante emner


    
        Den efterfølgende kontakt (efter udbudsprocessen) om behandling af forbrændingsegnet affald, se emnenr. 07.04.04";1
"4235562f-4029-47f6-a449-cf123e68bcbf";"04.01.00";"Parker, anlæg og grønne områder i almindelighed";"Ingen beskrivelse";1
"424b67d4-d540-4e75-ab7c-865695f0adaf";"09.02.06";"(F) Oparbejdning af animalske råvarer";"Emnet dækker bl.a. sager om:


    
        godkendelse og godkendelsespligt af listevirksomhed vedrørende (F) Oparbejdning af animalske råvarer
        tilsyn med listevirksomhed
        
    


Henvisning til relevante facetter:


    
        Sager om tilsyn tilføjes K08
        Sager om godkendelser tilføjes P19
        
    


Navngivningen af emnerne følger listen af godkendelsespligtige listevirksomheder i bilag 1 og 2 til godkendelsesbekendtgørelsen";1
"424e0381-45b7-419c-9b4d-17f895e120cb";"03.02.20";"Eftersyn, almene boliger";"Konkrete sager om eftersyn tilføjes facet G01.";1
"427d35fc-e2ce-4ed6-99bc-9625cf409d5f";"87.06.00";"Arbejdets udførelse i almindelighed";"Emnet dækker bl.a. sager om:


    
        arbejdsforhold, der efter arbejdsmiljøloven skal være sikkerheds- og sundhedsmæssigt fuldt forsvarlige, her specifikt i forhold til arbejdets udførelse";1
"427fd656-4010-4059-a852-e4a9a3d71f7f";"09.20.04";"Slagteribranchen";"Ingen beskrivelse";1
"428246dd-937b-42ae-b7ae-fd4f29b8d34f";"32.15.08";"Ægtefællebidrag";"Udbetaling Danmark myndighedsopgave pr. 1. oktober 2012";1
"4294b16d-2fa3-4d72-acba-402aa9d04f12";"09.08.13";"Områdeklassificering";"Emnet dækker bl.a. sager om:


    
        klassificering af byzoner og større sammenhængende områder uden for byzoner
        udformning af regulativer i forbindelse med undtagelse af områder fra klassificeringen eller inddragelse af områder i klassificeringen
        
    


Sager om anmeldepligten for flytning af jord efter journaliseres under emnenr. 09.08.15.";1
"42a3c13e-5c2e-11ed-b1ba-0050c2490048";"32.45.30";"Underretning efter hvidvasklovens § 26";"Emnet dækker bl.a. sager om:


    
        Underretninger efter hvidvasklovens § 26
        Oplysninger om underretning
        Henvendelser fra Hvidvasksekretariatet
        
    


Henvisning til relevante facetter:


    
        Konkrete underretninger tilføjes facet G01";1
"42d017f5-e114-42bb-98fb-1a008f304a75";"04.21.00";"Udvikling af landdistrikterne i almindelighed";"Her journaliseres bl.a. sager om


    
        oprettelse af lokale aktionsgrupper (LAG)
        udpegning af bestyrelsesmedlemmer - tilføjes facet A30";1
"42d3972b-ddb1-44fe-84a5-984edf30c891";"00.14";"Borgerbetjening";"Ingen beskrivelse";1
"42d442ed-0bfd-4645-b1a4-354fae71bc13";"17.02.36";"Erhvervsrettet 10. klasse (eud10)";"Emnet dækker bl.a. sager om:


    
        institutioners varetagelse af 10. klasseundervisning.
        erhvervsrettet 10. -klasseforløb
        overenskomst mellem en kommunalbestyrelse og en institution, der udbyder erhvervsuddannelse.
        overenskomster tilføjes facet P27
        sager om brobygning se emnenr. 17.27.25.";1
"42dbfd43-3795-4b05-a2f5-5ba5594b364c";"05.04.05";"Stinumre / stifortegnelse";"Emnet dækker bl.a. sager vedr.:


    
        Nummerering af stier
        Centrale vej- og stifortegnelse – CVF
        
    


Henvisning til andre relevante emner:


    
        Hvis vedligeholdet af CVF sker samlet, bruges emnenr. 05.01.00";1
"42edd0cd-e912-4fea-baab-6a4114b72a0f";"82.16.05";"Udleje af kommunens ejendomme og lokaler";"Emnet dækker bl.a. sager om:


    
        Udleje af kommunens bygninger, ejendomme og lokaler
        Udleje af kommunale ejendomme til midlertidig indkvartering af flygtninge
        Forpagtning af kommunens ejendomme";1
"4300cbec-3ae0-4888-a228-f3dec6541108";"14.05";"Redningsberedskabets materiel / køretøjer til brug for indsats";"Emnet dækker sager om redningsberedskabets materiel/ køretøjer
        Der kan oprettes en sag pr. køretøj";1
"4307b75c-3097-11eb-a4e1-0050c2490048";"27.69.62";"Forældreegnethed ifm. fertilitetsbehandling";"Emnet dækker sager hvor kommunen afgiver oplysninger ifm regionsrådets afgørelse om hvorvidt behandling med assisteret reproduktion kan iværksættes. I vurderingen kan regionsrådet inddrage anden sagkundskab i vurderingen af forældreegnethed, inden der træffes afgørelse. Anden sagkundskab kan være den praktiserende læge, de sociale myndigheder eller andre.";1
"431761ad-692d-4e06-9186-7d3c893c945a";"24.10.01";"Egnsudviklingsstøtte";"Ingen beskrivelse";1
"4321a69a-5aed-11ef-b629-0050c2490048";"29.24.16";"Lettilgængeligt behandlingstilbud til børn og unge";"Emnet dækker bl.a. sager om:


    
        lettilgængeligt behandlingstilbud til børn og unge med psykisk mistrivsel og symptomer på psykisk lidelse
        udredning og behandling
        koordinering med pædagogisk-psykologisk rådgivning";1
"434d1f7e-5bcd-44e3-8343-e9dbee2bcfa6";"14.00.15";"Gade- og vejoplysninger";"Ingen beskrivelse";1
"4363d0c4-5a8d-423f-a3cb-878e108f366f";"83.09.00";"Brændsel, driv- og smøremidler i almindelighed";"Ingen beskrivelse";1
"436fafd8-4c4c-49a9-b855-5204265d6ee9";"24.03";"Skovbrug";"Ingen beskrivelse";1
"43ac0da6-7ea3-11e8-8a7f-0050c2490048";"32.16";"Underholdsbidrag, bidragsbetaler";"Ingen beskrivelse";1
"43d35be4-fbce-4bc6-89a1-4e98a0c53c55";"27.69.60";"Godkendelse som adoptant";"Emnet dækker bl.a. sager hvor:


    
        Familieretshuset indhenter oplysninger fra kommunen ifm. deres sagsbehandling om godkendelse som adoptant.
        Anmodning om frigivelse af barn til adoption. Kommunalbestyrelsens videregivelse af sag til Familieretshuset.";1
"43f16126-6a19-410a-acc5-6817303f8380";"09.02.00";"Godkendelsespligtige listevirksomheder i almindelighed";"Emnet dækker bl.a. sager om fastsættelse af tidsfrister for behandling af ansøgninger om meddelelse af miljøgodkendelse - tilføjes facet A26.";1
"442eb688-baf1-11eb-9357-0050c2490048";"23.15.25";"Digital identitet (MitID) - registrering, udstedelse mv.";"Emnet dækker bl.a. sager om:


    
        Forvaltning af MitID-løsningen og MitID på vegne af Digitaliseringsstyrelsen
        Registrering af digitale identiteter
        Udstedelse, suspension, spærring af MitID";1
"44425bd9-04c4-4f15-bc92-f4e64f3753e4";"14.05.03";"Udskrevne køretøjer / redskaber, redningsberedskab";"Ingen beskrivelse";1
"444cce47-c4b0-4f77-a3ac-26725e6378fd";"82.21.00";"Nedrivning af bygninger, kommunens ejendomme i almindelighed";"Emnet dækker bl.a. sager, hvor bygherren (kommunen) ansøger myndigheden (kommunen) om tilladelse til nedrivning.";1
"44632863-efbd-4d78-980c-6fd68b632ad0";"03.08.02";"Lejegodkendelse - selvejende ungdomsboliger";"Ingen beskrivelse";1
"44994bf7-abc3-42e7-883d-51f38252c5c3";"83.15.04";"Konsulenter";"Emnet dækker bl.a. sager om køb af serviceydelser fra konsulenter.

Emnet anvendes til sager, hvor det faglige genstandsfelt/emne for konsulenternes serviceydelser ikke er kendt eller fastlagt, og hvor man derfor ikke kan vælge et fagligt specifikt KLE-emne til sagen.";1
"44a3a997-cc74-4d21-82d5-1a1eba459c20";"08.02.05";"Oprensning af havnebassiner og sejlløb mv.";"Ingen beskrivelse";1
"44d6a101-244d-4362-9997-248f57d57885";"01.15.10";"Køb af jord, jordfordeling";"Emnet er til sager, hvor et jordkøbsnævn køber fast ejendom i kommunen til opfyldelse af de i § 1, nr. 1-5 i jordfordelingsloven angivne formål.";1
"452ea7d4-7454-411f-ad5c-b7d8f61d36c4";"03.14.06";"Driftsfasen - private ungdomsboliger";"Emnet er bl.a. til sager ifm. driften af støttede private ungdomsboliger. Efter boligernes ibrugtagning påser kommunalbestyrelsen:


    
        at udlejeren til stadighed har en aftale om fælles anvisning af boligerne
        at boligerne udlejes til og til stadighed bebos af den berettigede personkreds";1
"4532e0aa-87d6-4ef3-8bd5-ba68bcb716c3";"81.23.02";"Lønmodtagernes Garantifond";"Ingen beskrivelse";1
"454f3f9c-294f-4bab-ba9c-5e24c02ce16d";"06.11";"Beskyttelse af overfladevand m.v";"Gruppen dækker sager om beskyttelse af overfladevand efter miljøbeskyttelseslovens § 4";1
"456ccf61-1069-45b4-92e2-e47b19aa21c0";"27.42.40";"Regulering af besøgsrestriktioner";"Emnet er til sager om regulering af besøgsrestriktioner for personer, som bor i plejeboliger, plejehjem eller andre boligformer med tilknyttet personale og fællesboligarealer.
        Som hovedregel bestemmer beboeren selv, hvem vedkommende vil have besøg af. Kommunalbestyrelsen kan dog for visse besøgende træffe afgørelse om begrænsning af adgangen til fællesboligarealerne.";1
"457b4b98-56c4-463a-a622-648b0f7910df";"32.18.08";"Merudgiftsydelse og kompensationsydelse til voksne";"Emnet dækker bl.a. sager om:


    
        kompensationsberettigende udgifter til voksne
        kompensationsydelse til voksne
        merudgiftsydelse efter hidtidige gældende regler (til 1. juli 2025) til voksne
        
    


Bemærkninger:


    
        Ifølge loven kan der efter 1. juli 2025 kun træffes afgørelse efter reglerne om kompensationsydelse, mens eksisterende sager efter hidtidige regler fortsat kan gælde frem til 1. juli 2027. Derfor opretholdes termen merudgiftsydelse frem til 2027.";1
"45a1d45f-7848-4c21-a389-b2fef8a0a776";"14.07.08";"Straffesager / disciplinærsager, redningsberedskab";"Ingen beskrivelse";1
"45ae30e6-c363-4ad9-a877-487d4c0ad342";"29.30.16";"Sociallægeligt samarbejde";"Emnet dækker bl.a. sager om:


    
        Samarbejder fastlagt i regi af det sociallægelige samarbejde mellem KL og Lægeforeningen";1
"45b08ba5-0b8d-11ea-88c6-0050c2490048";"29.70";"Digitale sundhedsydelser";"Gruppen er til sager om digitale sundhedsydelser, i form af sundhedsydelser der gives over afstand ved hjælp af digital understøttelse via www, ligesom det kan rumme digitale platforme, apps, sundhedsportaler.";1
"45c007bc-fe87-4688-bf6e-d213c2bbcab3";"21.03.00";"Materialesamlinger i almindelighed";"Emnet dækker fx sager om:


    
        organisering af bibliotekets samlinger - tilføjes facet A26
        principper for opmagasinering - tilføjes facet P21
        indberetning af bogbestand til opgørelse af biblioteksafgift mv.";1
"45c31b68-bcee-4ac6-8e04-dd7257e0ba79";"29.24.04";"Alkoholbehandlingstilbud";"Emnet dækker bl.a. sager om:


    
        Alkoholbehandlingstilbud efter sundhedslovens § 141, herunder de konkrete borgersager
        Tilbageholdelse af gravide alkoholmisbrugere i behandling efter sundhedslovens §§ 141a-g
        Indgåelse af kontrakt
        
    


Henvisning til relevante facetter:


    
        Konkrete tilbud tilføjes facet G01
        Kontrakt om behandling for alkoholmisbrug tilføjes facet G01
        
    


Emnet dækker desuden:


    
        Ansøgning til socialtilsynet om godkendelse
        Socialtilsynets godkendelser og tilsyn";1
"45ddaa32-7b78-45a5-8c65-c65d3ef24ce1";"27.15.12";"Frivilligt socialt arbejde";"Emnet er til sager i henhold til § 18 i serviceloven, hvorefter kommunen skal samarbejde med frivillige sociale organisationer og foreninger.
        Kommunen skal afsætte et årligt beløb til støtte af frivilligt socialt arbejde.
        Det er den enkelte kommune, der fastlægger rammerne for samarbejdet.
        
    


Henvisning til relevante facetter:


    
        sager efter faste regler tilføjes facet G01
        Aftaler med frivillige sociale organisationer og foreninger tilføjes facet P27
        konkrete tilskud til organisationer og foreninger tilføjes facet Ø40
        (årlige) rammer for tilskud S49
        personforsikringer tilføjes S37
        
    


Henvisning til andre relevante emner:


    
        Ansvars- og ulykkesforsikringer for frivillige, se emnenr. 81.50.05.";1
"45ea9c38-b688-48c5-a0da-d4e0af68b682";"23.05.12";"Flytninger til / fra udlandet";"Emnet dækker bl.a. sager om:


    
        Flytninger til og fra udlandet
        Registrering af indrejse fra udlandet i regi af International Citizen Service (ICS)
        Registrering af fremtidig udrejse i regi af ICS
        
    


Henvisning til andre relevante emner:


    
        Orientering af udenlandske borgere om danske forhold i regi af ICS, se emnenr. 00.14.00";1
"461f85ed-f8c8-497a-a431-c847dfa3da70";"05.14.07";"Skilte, plakatsøjler og transparenter - genstande på vejareal";"Emnet dækker bl.a. sager om:


    
        opsætning af private reklameskilte, plakatsøjler, transparenter og udhængsskilte
        
    


Henvisning til relevante facetter:


    
        Konkrete tilladelser / rådighedstilladelser tilføjes G01.
        
    


Henvisning til andre relevante emner:


    
        Sager om skilte til regulering af færdsel placeres i 05.13.01.";1
"4655bf59-01fd-41ae-bb2e-d6ec5e29ad1a";"81.23.09";"Arbejdsmarkedsbidrag";"Ingen beskrivelse";1
"4678aa03-493e-11ec-8513-0050c2490048";"81.60";"Refusion, personale";"Gruppen dækker sager om refusion ift. kommunens personale";1
"4678aa03-493e-11ec-8514-0050c2490048";"81.60.00";"Refusion, personale i almindelighed";"Emnet anvendes til sager om refusion ift. kommunens personale, der ikke kan indplaceres under et af emnerne i gruppen";1
"4678aa03-493e-11ec-8515-0050c2490048";"81.60.05";"Refusion af sygedagpenge";"Emnet dækker bl.a. sager om refusion af sygedagpenge for kommunen som arbejdsgiver";1
"4678aa03-493e-11ec-8516-0050c2490048";"81.60.10";"Refusion af barselsdagpenge";"Emnet dækker bl.a. sager om refusion af barselsdagpenge for kommunen som arbejdsgiver";1
"4678aa03-493e-11ec-8517-0050c2490048";"81.60.15";"Aftale om refusion efter sygedagpengelovens § 56";"Emnet dækker bl.a. sager om refusion af sygedagpenge for kommunen som arbejdsgiver, herunder:


    
        Aftale om refusion efter sygedagpengelovens § 56, hvor kommunen er arbejdsgiver
        § 56 aftale efter sygedagpengeloven";1
"4678aa03-493e-11ec-8518-0050c2490048";"81.60.20";"Lønrefusion under jobafklaringsforløb (refusion af ressourceforløbsydelse)";"Emnet dækker bl.a. sager om:


    
        Refusion af ressourceforløbsydelse";1
"46958e66-6726-40ba-b386-f61da44a06e1";"19.03.17";"Sikring af kultur- og naturarven ifm. den fysiske planlægning mv.";"Emnet dækker sager om sikring af kultur- og naturarven i forbindelse med den fysiske planlægning og forberedelse af jordarbejder. Fx sager om arkæologiske og naturhistoriske undersøgelsesopgaver i tilknytning hertil.";1
"46dca4ba-018f-11ec-b5ec-0050c2490048";"81.14.20";"Godtgørelse / støtte til folkevalgte efter styrelseslovens § 16, stk. 11, pkt. 2";"Emnet dækker bl.a. sager om kommunens godtgørelse / støtte til folkevalgte efter styrelseslovens § 16, stk. 11, pkt. 2, fx:


    
        Sekretærhjælp
        Kopiering
        Pc
        Avisabonnementer
        
    


Emnet dækker også godtgørelse og støtte til folkevalgte, som er blevet udsat for krænkelser, chikane, trusler eller vold, fx udgifter til psykologhjælp eller bistand til politianmeldelse.

Konkrete sager tilføjes facet G01.

Henvisning til andre relevante emner:


    
        Sager om retningslinjer / instruks for håndtering af chikane mod folkevalgte journaliseres under emnenr. 87.15.00.";1
"46f49408-8d78-48bc-af9c-904313c85cb3";"01.05.09";"Beskyttelse af plante- og dyrearter";"Emnet dækker bl.a. sager om beskyttelse af plante og dyrearter efter naturbeskyttelseslovens kap. 5 og habitatdirektivets bilag IV-arter.";1
"46ff08d1-6b13-4c66-8ed9-082e36ee8b52";"13.25";"Færgetrafik";"Ingen beskrivelse";1
"4793e09d-f84e-468b-afa4-399a733fe9c4";"09.00";"Miljøbeskyttelse";"Ingen beskrivelse";1
"4795dac6-6b18-4561-bc2b-4107ed859595";"17.05.26";"Prøveafholdelse";"Emnet dækker sager omkring prøveafholdelse. Fx sager om:


    
        bestemmelser omkring påbegyndelse
        forhold for afholdelse
        udeblivelse
        særlige prøvevilkår til eksaminander med psykisk eller fysisk funktionsnedsættelse eller med andre specifikke vanskeligheder
        afholdelse af prøver i udlandet";1
"47a8dfa9-ece0-463f-b3dc-b40744b59b95";"02.05.16";"Industri- og lagerbygninger i 1 etage, brandforhold";"Ingen beskrivelse";1
"47c331dd-2584-476c-9fc9-7e0641470d91";"29.18";"Kommunal sygepleje";"Ingen beskrivelse";1
"47c461cd-7106-11f0-b878-0050c2490048";"32.03.48";"Tidlig pension, ret til";"Emnet dækker bl.a. sager om:


    
        Ansøgning og afgørelse om ret til tidlig pension*
        
    


(*)Udbetaling Danmark myndighedsopgave";1
"47ecb5cd-6a03-4068-93a9-0d218bd80ed2";"09.20.00";"Særlige brancher og brancheaftaler i almindelighed";"Ingen beskrivelse";1
"47ed090d-e411-11e4-8ea6-0050c2490048";"27.12.26";"Politi, socialforvaltning og psykiatri-samarbejde (PSP)";"Emnet dækker bl.a. sager om:


    
        Politi, Socialforvaltning og Psykiatri-samarbejde (PSP)
        Den formelle organisering og koordinering af PSP-samarbejdet mellem socialforvaltningen, politiet og psykiatrien i regionerne
        
    


Henvisning til andre relevante emner:


    
        Sager om henvendelser fra politi eller psykiatri om individuelle borgere journaliseres med emnenr. 27.12.30";1
"47ef208c-43e3-45f2-8473-400948c20ebe";"01.11.36";"Byfornyelsesnævn, opbygning af";"Emnet er bl.a. til sager om udpegning af medlemmer til byfornyelsesnævn.
        Udpegning af medlemmer til byfornyelsesnævn tilføjes facet A30.
        De konkrete klagesager byfornyelsesnævnet behandler, journaliseres under relevant emne i denne gruppe.";1
"47f06e4a-5174-4365-9ed4-12863e7c0d6c";"14.12.17";"Engangstilladelser, forebyggende foranstaltninger";"Ingen beskrivelse";1
"47f695bf-757e-4af2-94ca-bb27183f8fe1";"13.05.14";"Takster og billetteringssystemer";"Ingen beskrivelse";1
"4821919f-f19a-49a1-bac9-5080fa526998";"17.03.20";"Supplerende undervisning og særlig tilrettelagt undervisning";"Emnet dækker sager om:


    
        Supplerende undervisning eller anden faglig støtte til elever, der har skiftet skole, eller som har været uden undervisning i længere tid.
        Tilsvarende kan der af andre grunde, eksempelvis ordblindhed, tilbydes elever midlertidig faglig støtte, fx lektiehjælp, ekstratimer i enkelte fag.
        Skolens leder beslutter om der skal tilbydes supplerende undervisning.
        Emnet dækker også sager om personlig assistance til elever, som har praktiske vanskeligheder i forbindelse med skolegangen.";1
"482db87e-186e-4412-9ee6-36103e03cc75";"05.23.00";"Tryghedsfremmende foranstaltninger i almindelighed";"Ingen beskrivelse";1
"48412f33-3b00-400f-8877-3ead5c1a08c7";"81.04.04";"Lederudvikling";"Ingen beskrivelse";1
"485ab291-0800-4b15-be46-b8e2e950b4a5";"15.01.00";"Arbejdsløshedsforsikring i almindelighed";"Ingen beskrivelse";1
"485de7b7-8798-11ee-a931-0050c2490048";"32.30.05";"Sygedagpengeregres";"Her journaliseres sager om:


    
        Regres af sygedagpenge/sygedagpengeregres
        Regreskrav over for ansvarlig skadevolder
        
    


Henvisning til relevante facetter:


    
        Konkrete sager om regreskrav tilføjes facet Ø61
        
    


Historik:


    
        Emnet erstatter det tidligere fagsystememne 32.32.00 pr. november 2023.";1
"487a0efb-abd9-4577-b899-2ad84ec80edd";"81.38.06";"Samarbejds- / MED-udvalgets underudvalg";"Ingen beskrivelse";1
"488b15d8-0881-462e-b665-ea75a7db32f8";"17.01.08";"Rådgivende organers opbygning og virksomhed";"Emnet dækker sager om rådgivende organers opbygning og virksomhed. Rådgivende organer er fx pædagogisk råd og elevråd. Eksempler er:


    
        elevrådets sager om vedtægter - tilføjes facet P24
        elevrådets møder og mødereferater - tilføjes facet P35";1
"48c49106-44de-4a9e-9f09-6d72ed6aedbc";"09.11.00";"Ekstern støj i almindelighed";"Emnet dækker bl.a. sager om støjkortlægning og handlingsplaner med henblik på at vurdere og begrænse ekstern støj samt fastsættelse af tidsfrister herfor.
        Ekstern støj er uønsket eller skadelig udendørs lyd fremkommet ved menneskers aktiviteter, herunder støj fra transport, vej-, jernbane- eller flytrafik og fra (i) -mærkede virksomheder, jf. bilag 1 i bekendtgørelse om godkendelse af listevirksomhed";1
"48f3fc2a-ab43-42f7-94ee-99c591f7fab0";"13.02.17";"Bortledning af grundvand";"Emnet dækker bl.a. sager om


    
        bortledning af grundvand eller anden sænkning af grundvandsstanden i forbindelse med bygge- og anlægsarbejder. Herunder sager om kategori A- og B-boringer.
        orientering om ministerens behandling af sager om anden indvinding af vand.";1
"48fb30ab-bd29-41bb-9c95-076bcd26d031";"00.13.10";"Design og layout";"Her journaliseres sager kommunens design og layout.

Henvisning til andre relevante emner:


    
        Sager vedrørende kommunevåben og kommunens historie journaliseres under emnenr. 00.20.00.
        Sager om webtilgængelighed på kommunens hjemmesider journaliseres under emnenr. 85.13.10.";1
"491e05f0-61fd-42ef-9cd6-bde3151016ff";"27.48";"Ledsagelse og kontaktperson";"Ingen beskrivelse";1
"49448da4-3748-44e7-99e7-a1a2b74c80d2";"00.18.02";"Kommunesammenlægning";"Her journaliseres sager om kommunesammenlægning, fx i forbindelse med frivillige sammenlægninger.";1
"49477508-80e8-48c5-8c04-03cf3b40aa8f";"07.22";"Anvendelse af bioaske til jordbrugsformål";"Gruppen bruges til sager om anvendelse af aske fra forgasning og forbrænding af biomasse og biomasseaffald til jordbrugsformål, der administreres i henhold til bioaskebekendtgørelsen.";1
"49655e58-97db-11e4-affe-0050c2490048";"29.03.06";"Udstedelse af EU-sygesikringskort";"Udbetaling Danmark myndighedsopgave pr. 1. maj 2015";1
"4974b4f3-c304-4eb7-8b5a-c0e127da20ec";"27.51.04";"Social behandling for stofmisbrug";"Emnet dækker bl.a. sager om:


    
        social behandling for stofmisbrug efter servicelovens §§ 101-101a, herunder de konkrete borgersager
        garanti for social behandling for stofmisbrug af unge under 18 år i særlige tilfælde
        handleplaner for behandling efter SEL § 140, stk. 2
        socialtilsynets godkendelser og tilsyn
        ansøgning til socialtilsynet om godkendelse
        
    
    


Henvisning til andre relevante emner:


    
        Lægelig behandling for stofmisbrug efter sundhedslovens § 142, se emnenr. 29.24.08
        Sager om tilbuddets opbygning journaliseres i gruppe 27.03";1
"49938b49-cbe5-4fe6-8310-71605256b6a1";"09.18.01";"Miljøregulering af ikke-erhvervsmæssigt dyrehold";"Ingen beskrivelse";1
"499dbfd4-321e-440b-aa20-2b49910dde44";"32.12.00";"Børne- og ungeydelse i almindelighed";"Udbetaling Danmark myndighedsopgave pr. 1. oktober 2012";1
"49b60a8a-2f09-494d-bfde-7830b7b5904c";"00.07.03";"Aktindsigt - forvaltningsprincipper";"Dækker bl.a. sager om:


    
        organisering og procedurer ifm aktindsigtsbehandling
        principper for aktindsigt
        klager over afgørelser om aktindsigt tilføjes facet K02.
        
    


Se facet A53 vedrørende konkrete sager om aktindsigt (anmodninger og afgørelser).";1
"49f80b92-e884-11ef-85f0-0050c2490048";"87.09.10";"Asbestprotokoller";"Emnet dækker bl.a. sager om:


    
        registrering af oplysninger i en asbestprotokol
        registrering af oplysninger om enhver ansat, der udfører arbejde med asbest
        
    


Uddybende bemærkninger:


    
        der er i bekendtgørelsen ikke formkrav til en asbestprotokol. der kan være én eller flere asbestprotokoller for hver ansat. anbefalingen er minimum at oprette en asbestprotokol pr. medarbejder, fremfor på flere medarbejdere i samme protokol
        arbejdsgiveren har pligt til at opbevare oplysningerne i en asbestprotokol i mindst 40 år efter, at udsættelsen for asbest er ophørt. også selv om oplysningerne er udleveret til den ansatte";1
"49fb6b90-2a32-459c-b068-e7bc2c6ce2c1";"03.08";"Drift, tilsyn og støtte til selvejende ungdomsboliger";"Ingen beskrivelse";1
"49fca6d5-23aa-11e9-8463-0050c2490048";"27.29";"Bekæmpelse af ungdomskriminalitet";"Gruppen dækker sager om bekæmpelse af ungdomskriminalitet, herunder kommunens sagsbehandling i forbindelse med ungdomskriminalitetsnævnets myndighed, bl.a. indstilling til nævnet.";1
"4a062e5b-0a1d-4540-9a25-6169270c18d8";"84.05.00";"Menighedsrådsvalg i almindelighed";"Ingen beskrivelse";1
"4a59bc89-69a7-4ef9-9491-117f0dd9067f";"03.12.17";"Tvister om beslutninger";"Emnet dækker beboerklagenævnets sager, vedrørende tvister om lovligheden af beslutninger truffet af de beboerdemokratiske organer.";1
"4a969e34-1967-41dd-9d5e-652f37906811";"03.12.11";"Brugsrettens overgang til andre";"Emnet dækker bl.a. sager om:


    
        lejerens ret og muligheder for at fremleje boligen
        bytte af boliger
        fortsættelse af lejemålet ved ægtefælles dødsfald, separation og skilsmisse eller ophør af samliv
        konkrete afgørelser tilføjes facet G01.";1
"4aae8572-ab61-4752-bce6-226f89701c47";"54.06.06";"Specialundervisningens struktur og tilrettelæggelse";"Ingen beskrivelse";1
"4ab0a7ca-a0b1-45ca-a892-29e222bb6a82";"81.00.05";"Jobbank, kommunens personale";"Her placeres bl.a. sager efter Lov om organisering og understøttelse af beskæftigelsesindsatsen m.v., hvor offentlige arbejdsgivere skal indlægge alle ledige stillinger i Jobnet.
        Sager om Jobnet i forhold til beskæftigelsesindsatsen journaliseres under emnenr. 15.23.07.";1
"4ac5517f-8c67-49e3-ace6-7c1fdd32dd84";"01.05.15";"Offentlighedens adgang til naturen";"Emnet dækker bl.a. sager om:


    
        offentlighedens adgang til naturen, bl.a. på strande, i skove og udyrkede arealer, samt stier i det åbne land
        forskrifter om sejlads med vandscootere og speedbåde
        
    


Henvisning til relevante facetter:

Forskrifter tilføjes facet P21";1
"4b45cfc2-01b0-47f8-9271-d65d59383933";"22.11.04";"Førere af køretøjer, godkendelse";"Emnet udgik august 2018 da administrationen af taxiområdet er flyttet til Trafik-, Bygge- og Boligstyrelsen. Genåbnet februar 2019, da kommuner fortsat får henvendelser, bl.a. om ombytning af tilladelser.";1
"4b5486b4-d7ea-4923-910e-743a18eccc90";"00.17.15";"Kommunale samarbejder";"Emnet dækker sager om:


    
        Kommunale samarbejder, der ikke er omfattet af § 60 i kommunestyrelsesloven. 
        Forpligtende kommunale samarbejder
        Organisering og tilrettelæggelse af tværkommunale samarbejder
        Sager om den konkrete opgaveløsning journaliseres under det relevante emne. 
        Sager efter § 60 i kommunestyrelsesloven, se emnenr 00.17.20.
        Oprettelse af fælleskommunalt callcenter, se emnenr 00.15.01";1
"4b5f5a4c-2127-4068-80a2-126566694046";"21.07";"Bibliotekssamarbejde";"Ingen beskrivelse";1
"4b93386b-e26a-42cc-8374-f60d7a9a4256";"87.11";"Arbejdsmiljø - unge under 18 år";"Ingen beskrivelse";1
"4b9c5fd8-bd9a-46ba-a100-7bced36190b5";"05.01.02";"Anlæg af nye kommuneveje";"Emnet dækker bl.a. sager om:


    
        Anlæg af nye veje og stier, parkeringsfaciliteter, rundkørsler, tilkørsler og helleanlæg, samt vejudstyr og afstribning
        Ombygning af kommuneveje
        
    


Henvisning til relevante facetter:


    
        Anlægsprojekter, tilføjes P20
        Byggemøder, tilføjes P35
        
    


Henvisning til andre relevante emner:


    
        Broer og tunneler, se gruppe 05.03
        Sager om nedlæggelse af kommuneveje, se 05.01.22
        Anlægsbevilling 00.30.08 med P19
        Aflevering af byggeregnskab 00.32.04 med G01
        Godkendelse af anlægsregnskab 00.32.04 med P19";1
"4bcf66e0-d622-11ea-a616-0050c2490048";"23.25";"Den registreredes rettigheder";"Gruppen dækker bl.a. sager ifm. sagsbehandling af den registreredes rettigheder efter databeskyttelsesforordningen.
        De registreredes rettigheder vil typisk indgå som rettigheder i den konkrete sagsbehandling.
        Gruppen er en mulighed for at udskille sager om registreredes rettigheder, hvor der er tale om en selvstændig sagsbehandling, der ønskes dokumenteret selvstændigt.
        
    


Historik


    
        Gruppen er pr. 1. august 2020 flyttet fra gruppe 85.09, da hovedgruppe 85 vedrører kommunens ressourcer (og HG 80-89 i øvrigt). Sager om registreredes rettigheder er primært borgerrettede og flyttes derfor.
        Når der træffes afgørelser om undtagelser på Udbetaling Danmarks sagsområder, skal kommunen give besked om hvilken gruppe (sagsområde) afgørelsen vedrører. Der er oprettet emner til hvert sagsområde af hensyn til advisløsningen.";1
"4bcf66e0-d622-11ea-a617-0050c2490048";"23.25.00";"Den registreredes rettigheder i almindelighed";"Emnet dækker bl.a.:


    
        Generelle sager om den registreredes rettigheder.
        Generelle henvendelser til kommunens DPO fra borgere (ved henvendelser om specifikke emner i gruppen, anvendes disse).
        Sager der med lige god ret kan placeres under to eller flere emner i gruppen.
        
    


Historik


    
        Emnet er flyttet fra 85.09.00 pr. august 2020.";1
"4bdaa134-399e-45cd-8b97-52058297ebef";"09.02.05";"(E) Oparbejdning af vegetabilske råvarer mv.";"Emnet dækker bl.a. sager om:


    
        godkendelse og godkendelsespligt af listevirksomhed vedrørende (E) Oparbejdning af vegetabilske råvarer mv.
        tilsyn med listevirksomhed
        
    


Henvisning til relevante facetter:


    
        Sager om tilsyn tilføjes K08
        Sager om godkendelser tilføjes P19
        
    


Navngivningen af emnerne følger listen af godkendelsespligtige listevirksomheder i bilag 1 og 2 til godkendelsesbekendtgørelsen";1
"4bdb99e6-ae0e-462e-871a-aafa08ff9321";"32.24.20";"Bidrag til Arbejdsmarkedets Tillægspension";"Emnet dækker bl.a. sager om:


    
        den kommunale indbetaling til ATP – fx i forbindelse med personer, der modtager hjælp til forsørgelse eller er i aktivering
        bidrag til den supplerende arbejdsmarkedspension for førtidspensionister og seniorpensionister (SUPP)";1
"4bdbd06a-aa7c-4d09-838f-e45ed3e9ca8d";"05.04.23";"Klassificering af stier";"Ingen beskrivelse";1
"4be9d03c-3c41-44d0-876c-2efcf4e7c2c7";"07.03";"Anlæg for deponering af affald mv.";"Ingen beskrivelse";1
"4beaaeb4-7239-46ab-be75-e51158c23a7a";"05.01.30";"Almindelige bestemmelser om vejenes administration";"Dette nummer dækker primært sager om vejenes inddeling i hovedlandeveje og kommuneveje og eventuelle ændringer/justeringer i denne inddeling.
        Det bestemmes ved lov, hvilke veje der skal være hovedlandeveje, mens det er kommunalbestyrelsen, der er myndighed i forhold til kommunevejene.
        Dette betyder, at sager i forbindelse med nye love, der handler om anlæg/nedlæggelse af hovedlandeveje, placeres på dette nummer.";1
"4bed1500-4c86-4cb2-aa3d-b261eaf3bd33";"83.30.02";"Kantineudstyr";"Ingen beskrivelse";1
"4bf41aa3-12a5-46b5-ab1f-15754b69d380";"02.01.05";"Gårdrydning";"Ingen beskrivelse";1
"4bfb9af6-ba33-4e0c-8eba-390b1036c078";"83.26.00";"Brand- og redningsmateriel i almindelighed";"Ingen beskrivelse";1
"4c144288-1c7d-11ed-bce1-0050c2490048";"23.30";"Delegation";"Gruppen dækker sager om overdragelse af beføjelse eller myndighed til andre ifm. betalinger, samtykke mv. overfor borgere.

Historik


    
        Gruppen er pr. august 2022 flyttet fra gruppe 27.37, da gruppens emner ikke er begrænset til opgaver vedr. social service, men drejer sig om tværgående borgerbetjening.";1
"4c144288-1c7d-11ed-bce2-0050c2490048";"23.30.00";"Delegation i almindelighed";"Emnet dækker sager om:


    
        generelle sager om overdragelse af beføjelse eller myndighed til andre ifm. betalinger, samtykke mv. overfor borgere
        sager der med lige god ret kan placeres under to eller flere emner i gruppen
        
    


Historik


    
        Emnet er flyttet fra 27.37.00 pr. august 2022.";1
"4c144288-1c7d-11ed-bce3-0050c2490048";"23.30.05";"Administrationsaftaler - pensionister";"Emnet dækker bl.a. sager om:


    
        administrationsaftaler
        betalingsaftaler
        aftale om træk af beløb til betaling af ydelser
        afgørelse om på hvilken måde pensionen skal udbetales
        
    


Henvisning til relevante facetter:


    
        Konkrete administrationsaftaler tilføjes facet G01
        
    


Historik


    
        Emnet er flyttet fra 27.37.04 pr. august 2022.
        Emnet har tidligere ligget i 16.16.13.";1
"4c144288-1c7d-11ed-bce4-0050c2490048";"23.30.10";"Bisidder";"Emnet dækker bl.a. sager om:


    
        bisiddere - i de tilfælde, hvor man ønsker udskille sagen som selvstændig sag, eller hvis kommunen laver generelle retningslinjer for området
        normalt vil dokumentationen ifm bisiddere dog være en delmængde af en anden sag
        
    


Henvisning til andre relevante emner:


    
        Bisidder til børn og unge ved anbringelser efter barnets lov, se emnenr. 34.24.39.
        Bisidder til børn og unge ved børnefaglige undersøgelser, se emnenr. 34.10.10.
        
    


Historik:


    
        Emnet er flyttet fra 27.37.08 pr. august 2022.";1
"4c144288-1c7d-11ed-bce5-0050c2490048";"23.30.15";"Fuldmagter";"Emnet dækker sager om fuldmagter og er en mulighed for at håndtere fuldmagter som selvstændig sag. Fuldmagtssagen kan med fordel tilknyttes som sagsreference til den eller de sager, fuldmagten vedrører. Eksempler på fuldmagter er:


    
        Generalfuldmagt
        Kørselsfuldmagt
        Udlevering af medicin prokura
        Dispositionsfuldmagt
        Fremtidsfuldmagter
        Digitale fuldmagter
        
    


Henvisning til relevante facetter:


    
        Konkrete fuldmagtssager tilføjes facet G01
        
    


Historik:


    
        Emnet er flyttet fra 27.37.12 pr. august 2022.";1
"4c7d4a57-9f0d-44d2-83c0-51fb49e26326";"82.13.00";"Sikring af kommunale ejendomme i almindelighed";"Ingen beskrivelse";1
"4cc80a88-b11e-441a-8457-2ef064c8e661";"18.15.05";"Frivilligt folkeoplysende foreningsarbejde / aktivitetstilskud";"Emnet dækker tilskud til frivilligt folkeoplysende foreningsarbejde, herunder aktivitetstilskud
        Konkrete ansøgninger om tilskud tilføjes facet Ø40";1
"4d215656-2303-4bc4-9dee-e7b6e69d7eeb";"14.12.18";"Sikkerhedsvagter / brandvagter";"Ingen beskrivelse";1
"4d325481-00a0-11e6-8e9e-0050c2490048";"03.25.16";"Erhvervelse, indretning eller leje af boliger til udlændinge";"Emnet dækker bl.a. sager om:


    
        Erhvervelse, indretning eller leje af ejendomme i kommunen med henblik på udlejning til beboelse
        Låneadgang for udgifter, boliger til udlændinge
        
    


Henvisning til andre relevante emner:


    
        Selve boliganvisningen og udlejning af boliger til flygtninge journaliseres under emnenr. 03.25.15.";1
"4d480538-83ed-11e7-bb31-be2e44b06b34";"09.17.53";"Anmeldelse - skift i dyretyper, staldsystemer og miljøteknologi";"Emnet dækker bl.a. sager om:


    
        Anmeldelse af skift mellem dyretyper, staldsystemer og miljøteknologi
        Konkrete sager om anmeldelser tilføjes facet G01.";1
"4d4a459d-848d-4d04-9aef-a0cd3bd52e09";"81.29.00";"Arbejdsskader / tilskadekomst, personale i almindelighed";"Emnet dækker bl.a. erstatningssager/krav om erstatning fra personale.
        Konkrete erstatningssager tilføjes facet Ø61.";1
"4d7538d6-2c11-4a56-9a79-17ba673aeca3";"87.05";"Arbejdsmiljøpligter";"Ingen beskrivelse";1
"4d95007a-b291-11ed-bdd6-0050c2490048";"83.11.12";"Flådestyring af køretøjer";"Emnet dækker bl.a. sager om flådestyring, dvs. den centrale styring af kommunens køretøjer, herunder GPS-styring. Her journaliseres fx sager om:


    
        Lokationssporing af køretøjer ved hjælp af GPS-data
        Ruteplanlægning ved hjælp af GPS-data
        Analyse af internt forbrug af kommunens køretøjer med henblik på intern fakturering mellem kommunens organisatoriske enheder";1
"4da28ac8-fbb4-4f04-a81d-0af336eab752";"00.01";"Kommunens styrelse";"Ingen beskrivelse";1
"4dbca3f2-0c10-11e8-b25e-0050c2490048";"88.04.30";"Offentligt udbud, bygge- og anlægsarbejder";"Emnet dækker udbudssager om:


    
        Offentligt udbud ved bygge- og anlægsarbejder.
        Ved offentligt udbud kan enhver økonomisk aktør afgive tilbud som svar på udbudsbekendtgørelsen";1
"4dd67118-0b1b-11f1-bf9a-0050c2490048";"29.06.10";"Udviklingsbidrag til finansiering af de regionale udviklingsopgaver";"Emnet dækker bl.a. sager om:


    
        udviklingsbidrag fra kommunerne til finansiering af de regionale udviklingsopgaver, som regionerne modtager";1
"4df3e3b0-8c05-46a5-8110-c5251498bb99";"00.15.12";"Kvalitetsstyringssystem, sagsbehandling";"Emnet dækker sager om kvalitetsstyringssystemer for sagsbehandlingen, bl.a. på natur- og miljøområdet. Da natur- og miljøområdet dækker flere hovedgrupper er emnet placeret i hovedgruppe 00.


    
        Kvalitetspolitik og -mål tilføjes facet P22
        Procedurer tilføjes facet A26
        Certificering af kvalitetsstyringssystemet tilføjes facet P23
        
    


Emnet har oprindelig være gældende i perioden august 2006 til november 2014. Oprettet efter lov om et kvalitetsstyringssystem for den kommunale sagsbehandling på natur- og miljøområdet.
Det er genoprettet i maj 2017 efter ønske fra brugere.";1
"4e190e25-8359-4bec-97b8-bc8f52d1cf7e";"82.03.00";"Leje af areal, ejendomme og lokaler til kommunens egen brug i almindelighed";"Emnet dækker bl.a. sager om:


    
        leje til kommunens egen brug
        ""Sale and lease back""-aftaler - tilføjes facet Ø54
        
    


Sager om udlejning af kommunale beboelseslejligheder journaliseres i gruppe 13.07, idet kommunen forsyner borgerne med boliger.

Sager om udleje af kommunens lokaler til borgere, foreninger mv. journaliseres under emnenr. 82.16.05.";1
"4e1ea432-292a-4ac6-ace0-dbea39dbd7b9";"29.15.20";"Økonomisk støtte til tandproteser ved ulykkesbetingede tandskader";"Kommunalbestyrelsen yder støtte til tandproteser til personer i tilfælde af funktionelt ødelæggende eller vansirende følger af ulykkesbetingede skader på tænder, mund eller kæber.
        Støtten ydes kun i det omfang tandskaden ikke er dækket af en forsikring.";1
"4e4bde8b-0bff-4365-ac12-de675a0d117d";"83.05.06";"Vin og spiritus";"Ingen beskrivelse";1
"4e5e79f7-4d2c-4797-b4f8-f0b355a3f8eb";"87.09";"Arbejdsmiljø - stoffer og materialer";"Ingen beskrivelse";1
"4e69387b-4920-4c51-aa3b-23b359095833";"30.10.30";"Postbetjening";"Emnet dækker bl.a. sager om:


    
        Emnet dækker bl.a. sager om levering af forsendelser direkte til boligen, efter afgørelse for kommunen. Postmodtagere, som er ude af stand til selv at hente post i brevkassen eller brevkasseanlægget efter afgørelse fra de pågældendes kommune, har krav på at få adresserede forsendelser afleveret direkte til boligen.
        Sager om virksomheders og foreningers fritagelse for tilslutning til Offentlig Digital Post journaliseres under emnenr. 24.00.15.";1
"4ea97916-b5ad-46e7-a0fc-ab12b8e2e05b";"17.35";"Betaling på folkeskoleområdet";"Ingen beskrivelse";1
"4eadb051-edd8-4cda-9941-652aad9b9726";"14.12.00";"Forebyggende beredskabsforanstaltninger i almindelighed";"Emnet dækker sager om forebyggende foranstaltninger efter beredskabsloven.
        Sager om forbud mod afbrænding i det fri i perioder journaliseres her.";1
"4eba8818-da19-4e37-b3e1-b9b6be2f2f13";"00";"Kommunens styrelse";"Hovedgruppe 00 'Kommunens styrelse' dækker sager der vedrører styrelsen af kommunen som kommune jf. kommunestyrelsesloven. Det gælder bl.a. kommunalbestyrelsens konstituering, nedsættelse af politiske udvalg, forretningsorden, styrelsesvedtægt, kommunens organisation og økonomiske forvaltning.

Hovedgruppe 00 indeholder også grupper, som ikke naturligt kan indplaceres under de øvrige hovedgrupper. Fx 00.03 'International virksomhed og EU', 00.05 'Besøg, repræsentation'.

Sager der går på tværs af flere hovedgrupper, indplaceres under 00.01.10 'Opgaver der dækker flere hovedgrupper', oprettet konkret til dette formål.

Hovedgruppe 00 omfatter bl.a. sager, der administreres/behandles i henhold til følgende lovgivning:


    
        LBK af forvaltningsloven (Forvaltningsloven)
        LBK om biblioteksvirksomhed (Biblioteksloven)
        LBK om Det Centrale Personregister
        LBK om en satsreguleringsprocent
        LBK om folkeskolen (Folkeskoleloven)
        LBK om Folketingets Ombudsmand (Ombudsmandsloven)
        LBK om fonde og visse foreninger (Fondsloven)
        LBK om forpligtende kommunale samarbejder
        LBK om fremgangsmåden ved ekspropriation vedrørende fast ejendom
        LBK om kommunal udligning og generelle tilskud til kommuner (Udligningsloven)
        LBK om kommunale borgerservicecentre og fælleskommunale callcentre (Borgerservicecenterloven)
        LBK om kommunernes styrelse (Kommunestyrelsesloven)
        LBK om merværdiafgift (momsloven)
        LBK om offentlighed i forvaltningen (Offentlighedsloven)
        LBK om regionernes finansiering
        LBK om rettens pleje
        LBK om revision af den kommunale inddeling
        LBK om socialtilsyn (Socialtilsynsloven)
        LBK om statsgaranti til lån til forsøgsbyggeri (Støttet boligbyggeri)
        LBK om Udbetaling Danmark (Udbetaling Danmark-loven)
        LBK om ungdomsskoler (Ungdomsskoleloven)
        Lov om nedsættelse af statstilskuddet til kommuner som følge af indtægter fra parkering
        Lov om regionale kulturforsøg
        Lov om videreanvendelse af den offentlige sektors informationer (PSI-loven)
        Lov om ændringer af landets inddeling i kommuner og regioner og om opløsning og udpegelse af forpligtende kommunale samarbejder
        BEK om aktindsigt i visse interne kommunale og regionale dokumenter
        BEK om beregning af satsreguleringsprocenten m.v.
        BEK om deling af kommuner
        BEK om forretningsorden for børn og unge-udvalgene
        BEK om kommuners låntagning og meddelelse af garantier mv.
        BEK om kommunernes mellemværender med de kommunale forsyningsvirksomheder
        BEK om Udbetaling Danmarks kontoplan m.v.
        BEK om kommunernes budget- og regnskabsvæsen, revision m.v.
        BEK om organisering og understøttelse af beskæftigelsesindsatsen m.v.
        BEK om regionernes budget- og regnskabsvæsen, revision m.v.
        BEK om regnskaber m.v. for Udbetaling Danmark";1
"4ecd8f7f-2d25-4353-aa48-bf6611318882";"06.02.04";"Tørlægning af eller sænkning af vandstanden i søer";"Emnet er til sager, hvor kommunen som vandløbsmyndighed fastsætter bestemmelse omkring tørlægning af eller sænkning af vandstanden i søer.";1
"4ef5119e-041d-490b-832f-3418aaa5dfc8";"20.05.15";"Reklamer";"Ingen beskrivelse";1
"4f2c3534-b1fe-11ed-baf3-0050c2490048";"13.03.35";"Drivhusgasreduktion";"Emnet dækker bl.a. sager om:


    
        CO2-fangst som tilknyttet virksomhed til kollektiv varmeforsyning, jf. lov om varmeforsyning, eller elproduktion, herunder ved forbrænding af affald
        Kontraktindgåelse med staten om tildeling af støtte efter § 7 a til fangst, transport, anvendelse og lagring af CO2
        
    


Henvisning til relevante facetter:


    
        Projekter tilføjes P20
        Projektgodkendelser tilføjes facet P19";1
"4f7fe9e0-f87a-4abc-8087-2a3b215a5d34";"81.16";"Personalegoder (skattefri)";"Gruppen dækker bl.a. sager om:


    
        personalegoder, som er skattefri for medarbejderne jf. SKATs juridiske vejledning
        personaleforeninger";1
"4f8dcca0-d6d7-4f76-987a-2f193339bef1";"04.11.09";"Renovering af strande";"Ingen beskrivelse";1
"4f9b7298-2574-460a-b9f7-3c945c33180e";"32.03.34";"Mellemste førtidspension";"Her journaliseres sager om mellemste førtidspension, der består af grundbeløb, invaliditetsbeløb og pensionstillæg
        Gælder for førtidspension tilkendt før 1. januar 2003
        Beregning og udbetaling efter gammelførtidspensionsloven varetages af Udbetaling Danmark
        Tilkendelse og frakendelse efter gammelførtidspensionsloven varetages af kommunalbestyrelsen";1
"4fa2f7f2-cb34-4573-98a6-aa0d0dc63718";"06.03.10";"Forbedring / fornyelse, rensningsanlæg, pumpestationer mv.";"Sager om anlæg, herunder nyanlæg, kan inddeles i en række faser, der adskilles sagsmæssigt. Følgende facetter kan anvendes ifm. anlægsprojekter:


    
        Anlægsplan P16
        Anlægsprojekter P20
        Anlægsbevilling 00.30.08 med P19
        Aflevering af byggeregnskab 00.32.04 med G01
        Godkendelse af anlægsregnskab 00.32.04 med P19
        Byggemøder P35";1
"4fb86c46-6ec8-4bb6-872f-0b8f43c926cd";"25.20.00";"Skattegrundlag i almindelighed";"Her journaliseres bl.a. sager, hvor


    
        kommunalbestyrelsen fastsætter udskrivningsprocent
        kommunalbestyrelsen vælger at budgettere med eget skøn over udskrivningsgrundlaget for kommunal indkomstskat eller med et statsgaranteret udskrivningsgrundlag
        kommunalbestyrelsen vælger at budgettere med eget skøn over udskrivningsgrundlaget for kirkeskat eller med et statsgaranteret udskrivningsgrundlag";1
"4fc1d801-23c2-11e9-82e1-0050c2490048";"27.29.30";"Ungefaglig undersøgelse";"Emnet dækker bl.a. sager om:


    
        ungefaglig undersøgelse (redegørelse om barnets eller den unges personlige forhold).
        Anmodning fra Ungdomskriminalitetsnævnets sekretariat om, ungefaglig undersøgelse.
        Egen drift, iværksættelse af ungefaglig undersøgelse.
        Orientering af ungekriminalforsorgen om fremsendelsen af sagen til nævnet.";1
"4fc9e2dc-59b6-4aa6-9a27-deb96df62dc1";"00.20.05";"Navngivning af institutioner, skoler mv.";"Nummeret er til sager om navngivning af kommunale daginstitutioner, skoler, plejehjem mv.";1
"4fcf5134-465f-4be9-8b6e-b1235c00dc1e";"14.02.01";"Bedriftværn";"Her journaliseres sager om bedriftværnet. Et bedriftværn er et brand- og redningsberedskab på større eller brandfarlige virksomheder, som med eget udstyr skal redde tilskadekomne og begrænse og slukke brande indtil, der kommer hjælp. Bedriftværnet har til opgave:


    
        at befri fastklemte og indespærrede
        at yde førstehjælp til personer, der er kommet til skade, og bringe dem i sikkerhed
        at påbegynde et slukningsarbejde, herunder begrænse udbredelse af opståede brande
        at indlede bekæmpelse af uheld med farlige stoffer";1
"4ff2bc21-514e-4cd3-a1c6-d4a28df358aa";"86.04";"Reparationsvirksomhed";"Ingen beskrivelse";1
"5047a1b6-d42b-4653-b785-877c907bbe2d";"17.15.00";"Undervisning af tosprogede elever i almindelighed";"Ingen beskrivelse";1
"50564e1d-6870-46e7-a4d7-0b052f80c3b7";"17.04.06";"Featureuger, folkeskoleaktiviteter";"Sager om planlægning, afvikling og opfølgning/evaluering af featureuger placeres her.";1
"5059fb7d-d7bb-4916-adb0-9ad70139a9ad";"15.20.30";"Jobrettet uddannelse";"Her journaliseres om:


    
        Jobrettet uddannelse
        Befordringsgodtgørelse, kost og logi i forbindelse med uddannelsen
        Rådighedsforpligtigelsesafgørelser
        Information fra den ledige/fleksjob-visiterede omkring deltagelse i undervisning
        
    


Henvisning til andre relevante emner:

Sager der vedrører kommunens betaling for uddannelsen til uddannelsesstedet journaliseres under 15.20.25.";1
"5064515a-d09a-11ee-9198-0050c2490048";"03.24.10";"Drift og tilsyn med lette kollektivboliger ejet af selvejende institutioner";"Lette kollektivboliger kan kun ejes og drives af selvejende institutioner
        Den selvejende institution, der ejer de lette kollektivboliger, udlejer selv boligerne til de ældre, men kommunalbestyrelsen fører tilsyn med, at boligerne udlejes til ældre, syge og svagelige.
        Kommunalbestyrelsen fører tilsyn med lette kollektivboliger og påser at driften af boligerne er forsvarlig.
        Emnet dækker sager om ovenstående.";1
"50716224-95ee-4513-8564-6f5621e1ba7b";"17.00";"Folkeskoleundervisning";"Ingen beskrivelse";1
"509832b0-0aef-4712-a130-780b9d31216a";"19.03.11";"Formidling - museer";"Emnet dækker bl.a. sager om formidling, fx i form af omvisninger, faglige forespørgsler, foredrag, arrangementer, publikationer.
        Udstillinger i museer placeres under emnenr. 19.03.10.
        Skoletjenesten har selvstændigt emne under emnenr. 20.30.00.";1
"509d75c9-64c2-40ea-b7a5-0704194aaa85";"30.10.25";"Kirkelige forhold";"Ingen beskrivelse";1
"50a28b59-b044-4d68-a333-678bc301f837";"14.01.09";"Vandforsyning, redningsberedskab";"Ingen beskrivelse";1
"50c0245a-4836-41c5-9bd7-09308ec57db9";"04.11.04";"Renholdelse / strandrensning / vedligeholdelse af strande";"Ingen beskrivelse";1
"50c6fdfd-d231-4999-9c33-bd3ada3559c9";"01.00.05";"Byudvikling";"Emnet er til de overordnede sager om kommunens byudvikling. Herunder sager om partnerskaber ifm byudvikling.
        Sager om konkret byplanlægning journaliseres under kommuneplanlægning under emnenr. 01.02.03.
        Sager om kvarterløft journaliseres under emnenr. 00.16.02.";1
"50d52393-166f-437f-8785-6e05119d9f16";"14.01.01";"CBRNE-beredskab";"Ingen beskrivelse";1
"50ecddda-e7e1-49e4-b45c-fe6f757e74c0";"17.27";"Kommunal ungeindsats";"I gruppen journaliseres sager om den kommunale ungeindsats efter lov om kommunal indsats for unge under 25 år.";1
"50f25e85-bb91-4e7e-a36a-e170f68633f5";"32.36";"Repatriering";"Ingen beskrivelse";1
"51366417-3036-487f-9dad-4d4ed7f631fd";"23.05.02";"Adgang til CPR";"Ingen beskrivelse";1
"51475b69-33b8-4173-8628-259f20bb6c54";"24.10.06";"Forskerparker";"Ingen beskrivelse";1
"51755408-7c32-428d-8f95-49020e60384b";"21.20";"Bibliotekernes nettjenester";"Ingen beskrivelse";1
"5176dd65-073e-4c2d-aa2d-4f72be226aa1";"85.10.06";"Videregivelse til kreditoplysningsbureauer om gæld til det offentlige";"Emnet dækker bl.a. sager vedrørende videregivelse til kreditoplysningsbureauer af oplysninger om gæld til det offentlige, herunder at kommunen skal give skyldneren skriftlig meddelelse om det, inden videregivelsen finder sted.";1
"518bcf09-daf9-4ab6-873c-cf076d0e7e77";"02.25.05";"Rensning af aftrækssystemer mv.";"Ingen beskrivelse";1
"518cdf58-2eb7-4d21-9316-354c91d9601d";"09.04.01";"Projektbeskrivelse / forhåndsvurdering, støtte til miljøforbedrende investeringer";"Ingen beskrivelse";1
"51a1e0ff-b69d-455c-a913-197c91f70bed";"13.05.24";"Rejsekort og rejseplan";"Ingen beskrivelse";1
"51bbc1ef-820c-4284-976b-13c0a7dc73d1";"00.30.00";"Budget - kommunens økonomiske forvaltning i almindelighed";"Sager vedr. økonomiaftaler med regeringen, fx om kommunernes budget journaliseres her.";1
"51de417d-43e2-4b7d-8527-746e2e44f646";"28.12.20";"Aktiviteter / arrangementer, fritidshjem";"Emnet dækker alle former for arrangementer, underholdning o.l. for børnene. Der kan være tale om teaterforestillinger og musikarrangementer af enhver art.";1
"51f46d86-423e-11e3-9bde-0050c2490048";"23.01.06";"Prøvelse af ægteskabsbetingelser - udenlandsk bopæl";"Emnet dækker sager om prøvelse af ægteskabsbetingelser for personer med udenlandsk bopæl. Prøvelsen er grundlag for efterfølgende vielse.
        Dokumenter i form af kopi af ægteskabserklæringer, pas, civilstandsattester, skilsmisser mv. kan kasseres efter 10 år, jf. ægteskabsvejledningen, afsnit 4.3. Ægteskabsbøgerne bevares.
        Se i øvrigt ægteskabsvejledningen for yderligere detaljer om arkivpligt mv.
        Emnet blev nedlagt i 2014, men er genoprettet i nov 2019, efter ønske fra kommuner.";1
"51f46d86-423e-11e3-9bdf-0050c2490048";"23.01.10";"Omdannelse af registreret partnerskab til ægteskab";"Ingen beskrivelse";1
"51fd122f-a396-446b-9cbb-154ce29c5d3e";"05.02.01";"Vejudlæg / anlæg - private fællesveje";"Ingen beskrivelse";1
"5201750f-fa4c-414b-aaf4-d1e3b6eeadeb";"22.00.00";"Regulering af private erhverv i almindelighed";"Henvisning til andre relevante emner:


    
        Generelle sager om regulering af private erhverv
        Sager om regulering af private erhverv som dækker to eller flere grupper i hovedgruppe 22, eller ikke entydigt kan placeres under et af emnerne i hovedgruppe 22";1
"52030625-0837-439e-8712-28046c94d42d";"00.30.02";"Budgetmetoder og -principper";"Emnet dækker sager om:


    
        budgetlægningsprocedurer og budgetprincipper
        budgetmetoder som fx rammebudgettering
        Almindeligt forekommende sager tilføjes facet G01
        Principper tilføjes facet P21
        
    


Emnet erstatter facet S01";1
"520efbd1-4ab6-459b-9a92-0409a10c3c65";"03.30.10";"Beboerrådgivning";"Emnet dækker bl.a. sager om godkendelse af beboerrådgivning.";1
"521c1117-0a22-428a-af4d-f7cda5c2490d";"24.10.05";"Erhvervsudviklingsaktiviteter";"Emnet dækker sager om erhvervsudviklingsaktiviteter
        Turismeerhvervsudviklingsaktiviteter, se emnenr. 24.05.10";1
"5222d3e2-5776-4462-84eb-1c210c0f1da3";"17.01.11";"Den enkelte skoles målsætning og rammer";"Emnet dækker bl.a. sager om:


    
        Den enkelte skoles målsætning og rammer
        Med udgangspunkt i kommunalbestyrelsens fastlagte mål og rammer (nr. 17.01.10) kan den enkelte skole (herunder skolebestyrelsen) inden for disse, selv udarbejde mere præcise og specifikke målsætninger og rammer
        Handlingsplaner, ifm. kvalitetsrapporter - tilføjes facet P16
        Principper for skolens virksomhed - tilføjes facet P21
        Virksomhedsplaner for skolen - tilføjes facet P16.
        Dagsordener og mødereferater for skolebestyrelsen - tilføjes facet P35.
        Samarbejder og partnerskaber efter folkeskoleloven
        Handlingsplan med opfølgende initiativer med henblik på at forbedre niveauet i skolevæsenet eller på skolen
        
    


Såfremt sagsmateriale fra skolebestyrelsen af praktiske årsager ikke deles ud på flere sager, anvendes emnenr. 17.01.11 som mest dækkende for skolebestyrelsens virksomhed.

Henvisning til andre relevante emner:


    
        Skolens budget, se gruppe 00.30.12
        Skolens regnskab, se gruppe gruppe 00.32.13";1
"52325ef7-9c7a-4096-818d-84380822cd48";"03.08.05";"Udlejningskriterier - selvejende ungdomsboliger";"Ingen beskrivelse";1
"52342cba-b2ea-4def-89aa-c14f1f15aaa9";"01.13.29";"Uønskede plantearter";"Her journaliseres bl.a. sager om bekæmpelse af uønskede plantearter, fx kæmpebjørneklo.
         

    


Henvisning til relevante facetter:


    
        Sager om indsatsplaner vedr. uønskede plantearter tilføjes facet P15.
        Sager om pålæg overfor ejere af arealer, hvorpå der findes kæmpebjørneklo tilføjes facet K08.";1
"525ad879-9e54-4269-80b9-613a77f9ea13";"19.03.03";"Bevaring og konservering af genstande";"Emnet dækker sager om bevaring og konservering af genstande, fx:


    
        bevaringsplaner
        tilstandsrapporter
        restaurerings- og konserveringsrapporter";1
"525bb8dc-eae3-431d-97ec-172039a7fd2f";"07.18.12";"Emballage, indsamlingsordning";"Her journaliseres sager om indsamlingsordninger for emballageaffald
        Indsamlingsordninger for papir journaliseres under emnenr. 07.18.14
        Sager om regulativer journaliseres under emnenr. 07.00.03";1
"525e3aa6-2f94-4c09-a139-0a89daa391a6";"18.12.02";"Medlemslister, klubvirksomhed";"Ingen beskrivelse";1
"5272a6ff-cb8b-11ec-9622-0050c2490048";"00.75";"Dataudveksling";"Gruppen er til dataudveksling ml. specifikke fagsystemer og Fælleskommunalt Sags- og Dokumentindeks, og hvor følgende karakteristika er gældende:


    
        Fagsystemet anvender ikke et enkeltsagsprincip i dataudvekslingen
        Data går på tværs af flere hovedlove";1
"5272a6ff-cb8b-11ec-9623-0050c2490048";"00.75.00";"Dataudveksling i almindelighed";"Emnerne i gruppen anvendes til dataudveksling ml. specifikke fagsystemer og Fælleskommunalt Sags- og Dokumentindeks, hvor følgende karakteristika er gældende:


    
        Fagsystemet anvender ikke et enkeltsagsprincip i dataudvekslingen
        Data går på tværs af flere hovedlove";1
"5272a6ff-cb8b-11ec-9624-0050c2490048";"00.75.10";"Social, sundhed og omsorg [fagsystem-emne]";"Fagsystem-emnet anvendes til dataudveksling ml. specifikke fagsystemer på social, sundhed og omsorgsområdet og Fælleskommunalt Sags- og Dokumentindeks
        Fagsystem-emnet bruges hvor sagsafgrænsningen er bestemt af det pågældende fagsystem og ikke følger et enkeltsagsprincip
        Fagsystem-emnet er tilgængeligt i en overgangsperiode og forventes udfaset i 2030
        
    


Bemærkninger til sagsdannelsen:


    
        Anbefalingen er fortsat at oprette enkeltsager på de relevante emner i hovedgrupperne 27 og 29, der hvor det er muligt i fagsystemet";1
"527d05a6-47db-444d-bdd3-1a973dc84b43";"29.24.00";"Behandlingstilbud efter sundhedsloven i almindelighed";"Emnet dækker sager om behandlingstilbud efter sundhedsloven i almindelighed.
        Emnet anvendes også til sager i forbindelse med kommunalbestyrelsens tilbud om samtaleforløb ved anmodning om sterilisation.";1
"52a9431d-57b5-4c30-8bf6-a777b5717def";"19.00.00";"Kulturhistoriske institutioner i almindelighed";"Emnet dækker bl.a.:


    
        Generelle sager om kulturhistoriske institutioner
        Sager om kulturhistoriske institutioner som dækker to eller flere grupper i hovedgruppe 19, eller ikke entydigt kan placeres under et af emnerne i hovedgruppe 19";1
"52b21740-bfb1-4bb5-8a52-51e136ac9ed4";"21.08.01";"Sygehuse, biblioteksbetjening";"Ingen beskrivelse";1
"52c0c957-a44f-4d57-84ce-169dc404d4c1";"13.11";"Naturgasforsyning";"Naturgasforsyningsloven
        Lbk. om afgift af naturgas og bygas";1
"531203a9-3b40-454a-b718-34f48f4ef423";"03.09.01";"Varsling af omkostningsbestemt lejeforhøjelse";"Emnet dækker bl.a. sager om:


    
        Omkostningsbestemt lejeforhøjelse
        Begrænsning i lejeforhøjelse
        
    


Henvisning til relevante facetter:


    
        Konkrete sager om tvister tilføjes G01
        
    


Tidligere lovreference:


    
        Boligreguleringsloven § 4-4a (LBK 2019-09-04 nr 929)
        Boligreguleringsloven § 7-14 (LBK 2019-09-04 nr 929)
        Boligreguleringsloven § 16-17 (LBK 2019-09-04 nr 929)
        Lejeloven § 7 (LOV 2022-22-03 nr 341)
        Lejeloven § 23 (LOV 2022-22-03 nr 341)
        Lejeloven § 39-40 (LOV 2022-22-03 nr 341)";1
"532bea69-c824-454f-b7f5-721ce753be77";"29.06.08";"Medfinansiering af sygehusbehandling, ambulant og under indlæggelse [udgår 2027]";"Emnet udgår februar 2027, da § 14 med L 2025 719 er ophævet med virkning fra januar 2027.

Oprindelig servicetekst:

Emnet dækker bl.a. sager om:


    
        Medfinansiering af sygehusbehandling, ambulant og under indlæggelse.
        Revisionspåtegnet redegørelse for færdigbehandlingsdage, sengedage på hospice og genoptræning
        
    


Henvisning til andre relevante emner:


    
        I sager, hvor medfinansieringen indgår som en del af kommunens samlede budget, anvendes relevant emne i gruppe 00.30.";1
"532cad61-1842-11ef-b0e2-0050c2490048";"27.60.11";"Genbrugshjælpemidler";"Emnet dækker sager om:


    
        Genbrugshjælpemidler, som er hjælpemidler der udlånes og afleveres igen efter endt brug
        
    


Bemærkninger til brug:


    
        Hvis et hjælpemiddel både kan betegnes som et mobilitetshjælpemiddel og genbrugshjælpemiddel, vælges KLE emnet genbrugshjælpemiddel. Det samme gælder for kropsbårne hjælpemidler.";1
"5342dbc5-bf12-4af4-825b-8dd01176aa9b";"20.10";"Medborger- og forsamlingshuses virksomhed";"Ingen beskrivelse";1
"536fac04-1fba-41f8-86a5-11b1ef9d2023";"27.54.04";"Beskyttet beskæftigelse";"Emnet dækker sager om beskyttet beskæftigelse, fx på beskyttede værksteder.
        Emnet dækker sager om selve tilbuddet.
        Emnet er også til sager om aflønning og befordringsudgifter i forbindelse med beskyttet beskæftigelse.
        
    


Sager på kommunale institutioner vedr. personale, ledelse, indkøb, bygninger mv. journaliseres under relevante emne. Eksempler kan være:


    
        Personale, se hovedgruppe 81
        Budget og regnskab, se gruppe 00.30 og 00.32.
        Ejendomme, se hovedgruppe 82";1
"5383cadb-5818-11e8-a0b0-0050c2490048";"32.03.56";"Dækning af udgifter til husleje mv. ved fængsling / anbringelsesdom";"Emnet dækker bl.a. sager om:


    
        dækning af udgifter til husleje for pensionister ved fængsling
        udbetaling Danmarks overførsel af beløbet til kommunen
        dækning af helbredsudgifter for anbringelsesdømte
        dækning af udgifter til husleje, periode fra anbringelses- eller indlæggelsestidspunktet
        underretning fra den psykiatriske afdeling om tidspunktet for anbringelsen eller indlæggelsen
        hjælp til dækning af en rimelig boligudgift hjælp til personer, der er varetægtsfængslede";1
"53a7a5c4-7c48-4f1c-91ca-5c049eaf2e30";"83.01.03";"Kontormaskiner, øvrige";"Ingen beskrivelse";1
"53b673f4-acc5-4b03-8e6d-20b7376414fe";"05.13.10";"Færdselsindskrænkninger";"Emnet dækker bl.a. sager om:


    
        Færdselsindskrænkninger
        Trafiksanering (Trafiksanering er en fællesbetegnelse for begrænsning af især biltrafik i et givent område ved hjælp af ombygning eller omlægning af eksisterende veje og pladser)
        Hel eller delvis afspærring af offentlig vej, fx ved afholdelse af cykelløb eller motionsløb for cyklister
        Terrorsikring af pladser, gågader, strøg mv.
        Hjertezoner, zoner omkring skolerne, hvor bilkørsel begrænses omkring skolernes mødetid
        
    


Henvisning til andre relevante emner:


    
        Trafikindskrænkninger vedrørende parkering, se gruppe 05.09
        Sager om vejvedligeholdelse og vejrenovering, se 05.01.08";1
"53c144dd-5f9d-4fa3-9499-4cb06122521d";"01.11.20";"Områdefornyelse";"Emnet dækker bl.a. sager om:


    
        områdefornyelse i nedslidte byområder, i boligområder med store sociale problemer og i ældre erhvervs- og havneområder.
        byfornyelsesprogrammer.
        konkrete projekter - tilføjes facet P20";1
"53c9bfec-8f58-4b41-9a7b-fb0e8458a8ef";"19.03.04";"Samlinger og erhvervelser - museer";"Ingen beskrivelse";1
"53da8174-88d1-493f-9030-686bac1bf273";"07.17.10";"Emballage, indsamling / transport / behandling mv.";"Emnet dækker bl.a. sager om:


    
        indsamlings og anvisningsordninger for emballage fra virksomheder
        oplysning om indsamlingsordninger til Dansk Producentansvar
        kommunalbestyrelsens indsamling, transport eller behandling af emballageaffald
        opgørelse, opkrævning og betaling for ikkeemballageaffald
        kommunalbestyrelsens årlige opgørelse og rapportering af omkostninger til affaldshåndtering";1
"54161793-9b23-4881-9c53-91cf75f12941";"17.04.02";"Skolehaver / grøn skole";"Emnet anvendes til sager om etablering og drift af skolehaver og grønne skoler (Friluftsrådets undervisningsprogram).";1
"544bb132-9ea5-4fad-abba-fb9fa605ed8f";"27.39.00";"Frit valg, privat hjælper, borgerstyret personlig assistance m.v. i almindelighed";"Ingen beskrivelse";1
"5456ca7f-2a94-462b-800e-cc9846324587";"32.21.20";"Særlig hjælp vedrørende børn";"Emnet dækker sager, hvor kommune kan yde særlig hjælp vedr. børn. Det kan fx være sager om:


    
        Hjælp til udgifter ved udøvelse af ret til samvær med egne børn under 18 år.
        Hjælp til rejseudgifter med henblik på kontakt med børn, der er ført til udlandet uden samtykke fra forældremyndighedens indehaver.
        Hjælp til at forsørge et barn når forældremyndigheden ved forældremyndighedsindehaverens død er tillagt en anden.";1
"545737b0-755e-4882-89b8-fa994615d60a";"88.04";"Bygge- og anlægsarbejder, indhentning af tilbud";"Gruppen dækker sager om udbud af bygge- og anlægsarbejder. For udbud af varer og tjenesteydelser, se gruppe 88.12.
        
    


Vejledning til brug


    
        Formålet med opbygningen af udbudsgruppen er, at den understøtter dokumentationen ifm. de forskellige typer af indkøb, og de trin kommunen skal igennem i en udbudsproces. 
        Genstanden for udbuddet (hvad udbuddet omhandler) tilføjes i sagstitlen.
        Konkrete udbudssager tilføjes facet G01.
        Når kontrakt indgås med leverandøren, og udbudsprocessen er gennemført, journaliseres selve kontrakten/driftssagen på relevant emne i KLE.
        Kontrakten/driftssagen tilføjes facet Ø54.
        (Hovedgruppe 88-emnerne erstatter tidligere facet Ø22).";1
"54bad2e2-d21a-45a8-8145-6688aff5d28c";"24.04.00";"Fiskeri i almindelighed";"Der kan søges tilskud til omstrukturering i fiskerisektoren.
        I alt er der mulighed for at søge tilskud i 38 kommuner.
        De konkrete kommuner fremgår af bilaget til bekendtgørelsen.";1
"54c0f130-d684-4ac5-afd9-d6b386de9f62";"15.20.20";"Kontaktforløb m.v.";"Emnet dækker bl.a. sager om:


    
        Individuelle kontaktforløb
        Uddannelsespålæg § 30
        Jobsamtaler, kontaktforløb.";1
"54c5ecf6-3349-4ce5-93f5-c89853c5b6cc";"84.03";"Kommunale valg";"Gruppen 84.03 dækker alle kommunale valg. Således journaliseres sager i forbindelse med regionsrådsvalg også under gruppe 84.03.

Underopdelingen i gruppe 84.03 kan også anvendes som generel underopdeling i forhold til andre valgtyper, hvis der ønskes en yderligere detaljering. Eksempelvis til underopdeling af valg til EU (gruppenr. 84.07), skolebestyrelser (gruppenr. 84.10), forældrebestyrelser (gruppenr. 84.11) etc.";1
"54d9d9f2-2ae6-11e9-a7d8-0050c2490048";"03.10.30";"Fysisk forandring af omdannelsesområder - planer mv.";"Emnet dækker bl.a. sager om:


    
        Udviklingsplan for et omdannelsesområde
        Planer for fysisk forandring af omdannelsesområder
        Godkendelse af udviklingsplaner
        Påbud til almene boligorganisationer om at gennemføre en godkendt kommunalplan
        Påbud om salg eller nedrivning
        
    


Henvisning til relevante facetter:


    
        Planer for omdannelsesområder tilføjes P16
        Godkendelser tilføjes P19
        Påbud tilføjes P08
        
    


Henvisning til andre relevante emner: Sager om den bygningsmæssige gennemførelse af planen, se 03.02 Almene boliger, nybyggeri og renovering.";1
"54dcc02d-7399-4de5-8caf-50624fd02e22";"03.09.22";"Lejers og udlejers råderet";"Emnet dækker bl.a. sager om:


    
        Lejers råderet
        Lejers ret til at installere hjælpemidler
        Nedlæggelse af loftsrum
        
    


Henvisning til relevante facetter:


    
        Konkrete sager om tvister tilføjes G01
        
    


Tidligere lovreference:


    
        Lejeloven § 106, stk. 1, nr. 9 (LBK 2019-09-04 nr. 927)
        Lejeloven § 29 (LBK 2019-09-04 nr. 927)
        Lejeloven § 55 (LBK 2022-22-03 nr. 341)
        Lejeloven § 142 (LBK 2022-22-03 nr. 341)";1
"54e1ea79-1b74-41d9-8b68-68c7c12f15e0";"81.32";"Beklædning, uniformer, påklædning";"Ingen beskrivelse";1
"54f0298b-09bc-43af-b607-ec43915be525";"00.17";"Kommunalt / tværsektorielt samarbejde";"Gruppen dækker sager om:


    
        Organisering og tilrettelæggelse af kommunale og tværsektorielle samarbejder
        Konkrete enkeltsager i den forbindelse, journaliseres så vidt muligt under emnet";1
"5510d443-8333-4eb1-9587-86c6363b622e";"27.36.16";"Genoptræning og vedligeholdelsestræning efter serviceloven";"Emnet dækker bl.a. sager om:


    
        Genoptræning og vedligeholdelsestræning efter serviceloven
        
    


Henvisning til andre relevante emner:


    
        Genoptræning efter sundhedsloven, se emnenr. 29.21.04
        Genoptræning efter serviceloven og genoptræning efter sundhedsloven er oprettet som to emner i KLE. Sagsmæssigt er forskellen, at der i serviceloven ikke er et krav om en lægefaglig vurdering af behovet for genoptræning i form af en genoptræningsplan
        Vedligeholdelsestræning til børn og unge, se emnenr. 27.21.20
        
    


Henvisning til relevante facetter:


    
        Afgørelse om genoptræning / vedligeholdelsestræning, tilføjes facet G01
        Kvalitetsstandarder, tilføjes facet P23
        
    


Emnet dækker også Socialtilsynets tilsyn, når tilbuddet leveres i botilbudslignende tilbud";1
"553a3975-c84e-40ae-925a-9e3b9595a878";"81.23.06";"Arbejdsmarkedsuddannelsesfond";"Ingen beskrivelse";1
"554cc5be-5158-4e70-9049-e1c64882b753";"09.08.24";"Indsatsplaner, grundvandsforurening";"Emnet dækker bl.a. sager om:


    
        Indsatsplaner
        Oprettelse og organisering af koordinationsforum i forbindelse med indsatsplaner
        Aftaler indgået efter § 13 d i lov om vandforsyning
        Pålæg af rådighedsindskrænkninger eller andre foranstaltninger, fx dyrkningsrestriktioner
        Påbud / forbud for at undgå fare for forurening af bestående eller fremtidige vandindvindingsanlæg til indvinding af grundvand
        Indberetning af oplysninger om aftaler indgået efter § 13 d i lov om vandforsyning m.v. og om påbud, forbud eller rådighedsindskrænkning
        
    


Henvisning til relevante facetter


    
        Pålæg / påbud /forbud, se facet K08
        Planer, se facet P16
        Aftaler, se facet P27
        Tinglysning, se facet G14
        
    


Henvisning til andre relevante emner:


    
        Sager om den regionale vandplan journaliseres under emnenr. 09.00.06
        Risikovurdering, beskyttelsesindsatser mv. af boringsnære beskyttelsesområder, se emnenr. 09.08.28";1
"557a6417-2b81-4486-9269-b2b4fce4586e";"01.15.05";"Jordkøbsnævn, opbygning af";"Her journaliseres bl.a. sager om:


    
        nedsættelse af jordkøbsnævn
        kommunalbestyrelsens udpegelse af medlemmer hertil
        forretningsorden for nævnet
        
    


Henvisning til relevante facetter:


    
        Nedsættelse af jordkøbsnævn tilføjes facet A30
        Forretningsorden for nævnet tilføjes facet A26";1
"55a5ea11-f4a9-11e4-8ff0-0050c2490048";"23.05.08";"Validering af registrerede bopælsoplysninger";"Emnet dækker validering af registrerede bopælsoplysninger. Fx


    
        Undersøgelse af bopælsregistrering for at rette eventuelle fejl.
        Erklæring fra husejer, ifm. flytning (logiværtserklæringer).
        Oplysninger fra andre offentlige myndigheder.
        Kommunen beslutter selv i det konkrete tilfælde, om der skal oprettes en selvstændig sag på dette emne, eller om validering af registrerede bopælsoplysninger skal indgå i en eksisterende sag, eks. flyttemeddelelse.";1
"55a5f31f-b03d-43ec-91b2-f5032d96ae35";"54.00";"Uddannelse";"Ingen beskrivelse";1
"55d5f58c-3285-48a5-a6a9-173db89f1db0";"29.30.00";"Samarbejde på sundhedsområdet i almindelighed";"Emnet dækker bl.a. sager om:


    
        kontrakt om samarbejde om kommunale og regionale sundhedsydelser i det nære sundhedsvæsen";1
"55e03b10-4968-11e9-bd9b-0050c2490048";"32.12.06";"Børneydelse - hele ydelsen";"Emnet dækker sager om:


    
        Børneydelse - hele ydelsen
        Ligedeling af børne- og ungeydelse træder i kraft 1. januar 2022
        Udbetaling Danmark myndighedsopgave";1
"55f01639-4e72-46cc-88c3-b07143f87188";"20.07.00";"Musikskoler i almindelighed";"Ingen beskrivelse";1
"56002126-d195-11e5-add8-0050c2490048";"88.12.28";"Specifikke tjenesteydelser - Light Regime";"Med udbudsloven indføres en ny kategori for tjenesteydelser kaldet light-regimet. Kategorien omfatter sociale og andre specifikke tjenesteydelser, der er angivet i bilag XIV til udbudslovens bilag II.
        Kontrakter i light-regimet skal ikke udbydes efter de almindelige procedureregler i udbudslovens regler i afsnit II om offentlige kontrakter. Derimod skal de udbydes efter de mere lempelige regler i udbudslovens afsnit III.";1
"5602019f-0816-4b08-a360-4f3a99a66978";"13.09.00";"Udleje / udlån af materiel i almindelighed";"Emnet anvendes til sager om udleje/udlån af materiel.
        Sager om udlån (ikke økonomisk) tilføjes facet G07.";1
"56248161-b9a7-4694-95b3-c6903708a416";"03.09.08";"Fri huslejefastsættelse";"Emnet dækker bl.a. sager om:


    
        Lejens størrelse storejendom – nye ejendomme, tidligere erhverv mv.
        
    


Henvisning til relevante facetter:


    
        Konkrete sager om tvister tilføjes G01
        
    


Tidligere lovreference:


    
        Lejeloven § 53 (LBK 2019-09-04 nr. 927)
        Boligreguleringsloven § 15a (LBK 2019-09-04 nr 929)";1
"56735684-3966-11e7-a919-92ebcb67fe33";"88.24.20";"Udbud med forhandling uden forudgående offentliggørelse";"En ordregiver kan anvende udbud med forhandling uden forudgående offentliggørelse, givet en række forhold eller vilkår gør sig gældende.";1
"567b4250-a277-45a9-a692-5c06d3c4bd53";"06.02.03";"Regulering af vandløb og anlæg af nye vandløb";"Emnet er til sager, hvor kommunen som vandløbsmyndighed fastsætter bestemmelse omkring regulering af eksisterende vandløb og anlæg af nye vandløb, herunder sager om ekspropriation og minivådområder.";1
"569d6e8f-0e31-4b3b-8386-08ed2ec1897f";"17.01.01";"Skolebestyrelsens opbygning";"Emnet dækker sager om skolebestyrelsens opbygning og rammer. Fx sager om:


    
        den nye skolebestyrelses tiltræden, konstituering og valg af formand - tilføjes facet A30.
        skolebestyrelsens forretningsorden
        vederlag til skolebestyrelsesmedlemmer
        godtgørelse for dokumenterede merudgifter
        
    


Henvisning til relevante facetter:


    
        Forretningsorden for skolebestyrelsen tilføjes facet A26
        Skolestyrelsesvedtægt tilføjes facet P24
        Konstituering og medlemmer tilføjes facet A30
        
    
    


Henvisning til andre relevante emner:


    
        Sager om skolebestyrelsens virksomhed, dvs. hvor skolebestyrelsen er sagsbehandlende part, journaliseres under relevant emne.
        17.01.10 Mål og rammer for skolernes virksomhed.
        17.01.11 Den enkelte skoles målsætning og rammer, herunder principper iht. FSL § 44.
        17.00.01 Ordensregler for skoleelever.
        17.02.02 Læseplaner.
        Såfremt sagsmateriale fra skolebestyrelsen af praktiske årsager ikke deles ud på flere sager, anvendes 17.01.11 som mest dækkende for skolebestyrelsens virksomhed.
        
    


Sager om valg til skolebestyrelser journaliseres under 84.10.00.";1
"56eb5c07-069c-41ce-adaa-0fc226b6a4b8";"29.09";"Forebyggelse og sundhedsfremme";"Ingen beskrivelse";1
"5708c521-e6f6-4629-adca-405774bc3818";"01.05.25";"Fortidsminder og sten- og jorddiger";"Emnet er bl.a. til sager om tilsyn og pleje af fortidsminder og sten- og jorddiger.
        Tilsyn journaliseres med facet K08.
        Sager om beskyttelseslinjer i forbindelse med fortidsminder journaliseres under emnenr. 01.05.02.";1
"5720b94d-9ed3-4a1b-ab26-5cc9f3dbd310";"20.02.06";"Filmudlejning";"Ingen beskrivelse";1
"574cedaf-e8ac-4ac6-8b6b-417932e8d60d";"82.05.00";"Udsmykning af kommunens bygninger og lokaler i almindelighed";"Ingen beskrivelse";1
"57551190-5546-494b-bda3-9cf05495ba76";"19.02.19";"Indsigt i egne personoplysninger, offentlige arkiver";"Emnet dækker bl.a. sager om:


    
        Ret til indsigt i egne personoplysninger efter arkivlovens § 39 a og § 39 b.
        Begæring om indsigt i egne personoplysninger.
        
    


Henvisning til relevante facetter:


    
        Konkrete begæringer om indsigt tilføjes facet A53.";1
"576d3493-ef22-490e-9fbd-9cf16cc14a34";"13.06.03";"Udleje af arealer";"Ingen beskrivelse";1
"57ab9ba3-19b1-11ef-bd38-0050c2490048";"32.21.25";"Hjælp til boligindskud";"Emnet dækker bl.a. sager om:


    
        Hjælp til boligindskud
        Tilbagebetaling af boligindskud ifølge § 92 i lov om aktiv socialpolitik
        Den del af flyttehjælpen, der udbetales til dækning af depositum og lignende er tilbagebetalingspligtig
        
    


Henvisning til andre relevante emner:


    
        Flyttehjælp der ikke er boligindskud, journaliseres under 32.21.24
        
    


Historik:


    
        Emnet er oprettet maj 2024, som selvstændigt emne, da boligindskud hidtil har været journaliseret under 32.21.24 Flyttehjælp
        Med ændringen kan der oprettes et selvstændigt emne, på den del af hjælpen, som er tilbagebetalingspligtig efter § 92 ved fraflytning";1
"57e45acc-fcbe-459d-9be1-f1a1fcb4e3b5";"28.15.16";"Optagelse i klubtilbud / plads i anden kommune / opsigelse";"Emnet dækker bl.a. sager omkring:


    
        afgørelse om optagelse i og udmeldelse af klubber og andre fritidstilbud
        fastsættelse af retningslinjer for optagelse og udmeldelse
        plads i en anden kommune.";1
"582335bd-6387-4328-b1dd-0ea975c8e750";"23.05.13";"Bøder efter CPR lovens § 57";"Emnet dækker bl.a. sager udstedelse af bøder efter CPR lovens § 57. Fx sager om:


    
        flytning anmeldt for sent
        manglende anmeldelse af en opgivet flytning
        afgivelse af urigtige oplysninger om selve flytningen
        undladelse af at give ønskede oplysninger eller afgivelse af urigtige oplysninger
        
    


Konkrete sager om udstedelse af bøder tilføjes facet G01.";1
"583a0637-5fe9-46d6-a117-24f13c46f658";"06.03.12";"Ombygninger, rensningsanlæg, pumpestationer mv.";"Emnet vedrører primært driften og således ikke myndighedsopgaver.
        Sager om anlæg, herunder nyanlæg, kan inddeles i en række faser, der adskilles sagsmæssigt.
        
    


Følgende facetter kan anvendes ifm. anlægsprojekter:


    
        Anlægsplan P16
        Anlægsprojekter P20
        Anlægsbevilling 00.30.08 med P19
        Aflevering af byggeregnskab 00.32.04 med G01
        Godkendelse af anlægsregnskab 00.32.04 med P19
        Byggemøder P35";1
"584825fc-ef39-461b-be56-f8301acbec8f";"81.13";"Tjenesterejser for ansatte";"Ingen beskrivelse";1
"584994d3-3a51-4f9f-936d-5222dd079932";"07.17.08";"Dagrenovationslignende affald, indsamlings- og anvisningsordninger";"Ingen beskrivelse";1
"5857d7a8-555f-4d33-b875-06f1b8718c0f";"04.14.09";"Renovering af camping- og lejrpladser";"Emnet dækker sager om renovering af campingpladser og lejrpladser, der ejes af kommunen.";1
"5881dfd3-1675-4b6a-8b78-8aa75f63a65c";"84.00.00";"Offentlige valg i almindelighed";"Emnet dækker bl.a. sager, der med lige god ret kan placeres i to / flere grupper, eller går på tværs af flere grupper i hovedgruppe 84.";1
"58a2f04d-cf47-4a07-bc3f-4464f9553b1c";"54.26";"Prøver og eksamen, gymnasier";"Ingen beskrivelse";1
"58a8c037-1e4f-469b-a11b-efc67a515485";"02.00.14";"Skiltning, lysinstallationer o. lign.";"Emnet er til sager om forbud eller påbud mod skiltning, lysinstallationer o.lign efter § 6D stk. 2 i byggeloven.
        I følge byggeloven må skiltning, lysinstallationer o.lign ikke være til ulempe eller virke skæmmende i forhold til omgivelserne.
        Påbud journaliseres med facetten K08.";1
"58b28f4f-a308-4e34-b0fb-bbfde639e869";"07.04.15";"Modtage- og affaldsbehandlingsanlægs pligter (registrering og indberetning mv.)";"Her journaliseres sager om:


    
        modtage- og behandlingsanlægs pligter, fx aftaler mellem modtageanlæg og kommunen
        indberetning til kommunen efter affaldsbekendtgørelsen
        
    


Sager hvor et modtageanlægs pligter er fastlagt i et regulativ journaliseres under emnenr. 07.00.03.";1
"58dba613-09e7-11ea-a8c9-0050c2490048";"09.17.78";"Anlæg til forbrænding af husdyrgødning";"Emnet dækker bl.a. sager om godkendelse af og tilsyn med anlæg til forbrænding af husdyrgødning efter miljøbeskyttelsesloven.
        Emnet anvendes også til opkrævning af brugerbetaling i forbindelse med godkendelse og tilsyn.";1
"58dba613-09e7-11ea-a8ca-0050c2490048";"15.00.30";"Opfølgning på kommunernes beskæftigelsesindsats";"Emnet dækker bl.a. sager om:


    
        opfølgning på kommunernes beskæftigelsesindsats
        resultatbaseret opfølgning (forventes at træde i kraft den 1. januar 2027)
        
    


Henvisning til relevante facetter:


    
        Konkrete sager om tilsyn tilføjes K08
        Genopretningsplaner tilføjes facet P15
        
    


Historik:


    
        Emnet dækker også sager efter de nu ophævede regler om skærpet tilsyn med kommunernes beskæftigelsesindsats";1
"58e9e3f5-c409-4959-a4a8-d415956a4a80";"08.03.30";"Vedligeholdelse af havne";"Ingen beskrivelse";1
"593c2977-5284-4dcc-9c17-83747a7f6e10";"23.00";"Borgerlige forhold";"Ingen beskrivelse";1
"594e2d53-5b33-428d-ba83-e658b98c370c";"04.11.25";"Stormflod";"Ingen beskrivelse";1
"59646c4b-66b1-49aa-a3bd-1fc2c8ee292b";"01.12.00";"Kolonihaveområder i almindelighed";"På emnet journaliseres specifikke sager om planlægning og anvendelse/rådighed af kolonihaveområder.";1
"596e969a-2ad0-11e9-b168-0050c2490048";"23.02.10";"Grundlovsceremonier";"Emnet dækker bl.a. sager om:


    
        Afholdelse af grundlovsceremonier
        Liste over de tilmeldte ansøgere til Udlændinge- og Integrationsministeriet.
        Elektronisk kopi af ansøgerens erklæring";1
"59a768a1-07eb-4a23-b464-52239c610c5a";"88.20.08";"Fælleskommunale indkøbsaftaler";"Ingen beskrivelse";1
"59d6172d-a3fb-4cb7-a615-f8e41366548d";"06.03.11";"Vedligeholdelse, rensningsanlæg, pumpestationer mv.";"Emnet vedrører primært driften og således ikke myndighedsopgaver.";1
"59d7bf88-5aa3-4df8-8889-9950453cdaef";"82.20.05";"Aflevering af til- og ombygning, kommunens ejendomme";"Ingen beskrivelse";1
"5a230ece-0dfb-40ee-93e0-25d3b0713d13";"83.23.00";"Værktøjsmaskiner og håndværktøj i almindelighed";"Ingen beskrivelse";1
"5a26c7b5-626b-4434-ba95-0c5c15bae430";"27.42.28";"Skærmet enhed";"Emnet dækker primært sager i forbindelse med indretning/drift af en speciel del af plejehjemmet, eksempelvis til senildemente.";1
"5a3828a0-085c-446d-b0c2-16507bd5f94b";"25.05";"Kirkeskat";"Ingen beskrivelse";1
"5a389085-dc51-4275-97d6-13752092c838";"86.06.00";"Planter i almindelighed";"Emnet dækker sager om:


    
        kommunale gartnerier og planteskoler
        kommunal produktion af planter i øvrigt";1
"5a39bca8-5eb5-11e4-8acc-0050c2490048";"19.02.18";"Adgang til ikke umiddelbart tilgængelige arkivalier";"Emnet dækker sager om adgang til ikke umiddelbart tilgængelige arkivalier. 
        Konkrete ansøgninger tilføjes facet G01.";1
"5a5a2d6a-9bd8-4b81-8fd2-793d3abc7bed";"81.39.00";"Uddannelse af personale og folkevalgte i almindelighed";"Ingen beskrivelse";1
"5a5fa0b6-a62d-444a-8b65-a319f48297a3";"84.12.00";"Valg til ældreråd i almindelighed";"Emnet dækker sager i forbindelse med ældreråd";1
"5a609d3b-4050-4d50-9ac3-7764adabaabc";"20.07.11";"Musikskolekoncerter og -arrangementer";"Dækker bl.a. sager om:


    
        koncertkalender
        arrangementer
        koncerter";1
"5a804a22-284f-4a21-90a4-11fa275ad78d";"01.06";"Geografiske informationssystemer";"Ingen beskrivelse";1
"5a8af87a-76cf-425d-9dca-1758d3cb755b";"04.31";"Kommunale kirkegårde";"Gruppen dækker bl.a. sager om kommunale kirkegårde i de kommuner, der udfører denne opgave.";1
"5a94e1fb-a9cd-4c28-a676-2e76499cda0b";"15.17.00";"Opfølgning og vurdering - beskæftigelsesindsats i almindelighed";"Emnet dækker bl.a.:


    
        sager der med lige god ret, kan placeres under to eller flere emner i gruppen
        generelle sager om opfølgning og vurdering i kommunens beskæftigelsesindsats";1
"5a9b97b5-a965-4d54-9f32-3a93938b2cbf";"02.02.01";"Bebyggelsens højde";"Ingen beskrivelse";1
"5a9f809b-8b4e-4082-88d8-8149aa943c36";"00.30";"Budget - kommunens økonomiske forvaltning";"Gruppen dækker sager om budgetter, herunder budgetforudsætninger, årsbudgetter og flerårige budgetoverslag
        Emnerne i gruppen kan anvendes af alle forvaltningsenheder og decentrale institutioner til budgetlægning
        Typiske facetter der anvendes i gruppen er: G01Generelle sager, P19 Godkendelser, fx økonomiudvalgets behandling
        Med en række økonomifacetter (S og Ø) udfaset i 2012 anvendes fremover de relevante emner i gruppe 00.30 (budget), 00.32 (regnskab) og 00.34 (lån)
        
    


Oversættelsesnøgle:


    
        00.30.10 erstatter S 02, S 04, Ø 04, S 06, Ø 06
        00.30.12 erstatter Ø 02
        00.30.02 erstatter S 01
        00.30.08 erstatter S 05
        00.30.14 erstatter Ø 09
        00.30.18 erstatter S 03
        00.32.10 (års)og 00.32.12 (halvårs) erstatter S 08
        00.32.22 erstatter Ø 33
        00.32.16 erstatter Ø 51";1
"5ab4831e-2192-4116-b75a-718dbaba14c9";"04.04.00";"Haller / indendørsanlæg i almindelighed";"Emnet dækker bl.a. sager om:


    
        Aktiviteter i både kommunale og selvejende haller og indendørsanlæg.
        
    



    
        Sager om personalemæssige forhold, se hovedgruppe 81.
        Sager om de bygningsmæssige forhold, kantinedrift o.lign, se hovedgruppe 82.
        Fordelingen og tildelingen af lokaler eller baner, se gruppe 82.16.";1
"5ad6abff-8198-4192-ad48-d3d27ec30596";"03.12.01";"Lejeaftalen";"Emnet dækker bl.a. sager om skriftlige lejeaftaler af almene boliger.
        Konkrete afgørelser tilføjes facet G01.";1
"5afbeb9d-9c49-46b4-b40f-00226573d287";"14.07.01";"Uddannelse, redningsberedskab";"Emnet dækker bl.a. sager om uddannelse af frivillige og værnepligtige i beredskabet.
        Kommunalbestyrelsen fastlægger den fornødne uddannelse for de personer, der skal varetage indsatsopgaver.
        Sager om uddannelse af brandkadetter i ungdomsbrandkorps journaliseres under emnenr. 27.35.08";1
"5b06c53d-ff9f-4510-a3d3-84d52722079a";"14.00.05";"Redningsberedskabets overordnede organisering";"Ingen beskrivelse";1
"5b0990b2-cfa1-49f1-ad06-65d443771a30";"21.02.00";"Benyttelse på stedet i almindelighed";"I henhold til § 5, stk. 1 i lov om biblioteksvirksomhed, står folkebibliotekerne til rådighed for enhver til benyttelse på stedet. Emnet dækker fx sager om:


    
        materialer, elektroniske informationsressourcer, o. lign. der stilles til rådighed på stedet for publikum
        læsesalsvirksomhed og publikumsforhold på stedet
        regler for brug af publikums-pc'er – tilføjes facet P21.";1
"5b45d3c7-123c-4806-ac9c-199227f9e4c7";"22.11.03";"Bestemmelser om taxiers indretning, udstyr, benyttelse mv.";"Emnet dækker sager om bestemmelser om taxiers indretning, udstyr, benyttelse mv.
        Emnet dækker ligeledes sager, hvor kommunalbestyrelsen kan fritage indehavere af tilladelser til taxikørsel for pligten til at forsyne et køretøj med tv-overvågning, hvis køretøjet hovedsagelig anvendes til forudbestilt kørsel ifølge kontrakt.
        
    


Emnet udgik august 2018 da administrationen af taxiområdet er flyttet til Trafik-, Bygge- og Boligstyrelsen. Genåbnet februar 2019, da kommuner fortsat får henvendelser, bl.a. om ombytning af tilladelser.";1
"5b472419-9f8e-4081-a1c0-837738d99758";"09.13.04";"Katte - skadedyrsbekæmpelse";"Emnet er til sager om indfangning mv. af vilde katte.";1
"5b5db611-3061-4913-aac6-59eb2cf19bb0";"01.02.16";"Udbygningsaftaler om infrastruktur";"Ifølge planlovens § 21b kan kommunalbestyrelsen på opfordring fra en grundejer indgå en udbygningsaftale med grundejeren for områder, der i kommuneplanen er udlagt til byzone, bl.a. med henblik på at opnå en højere kvalitet eller standard af den planlagte infrastruktur i et område.";1
"5bbf1740-1b21-4ab2-b2fa-c86ab497f617";"32.03.32";"Højeste førtidspension";"Her journaliseres sager om højeste førtidspension, der består af grundbeløb, invaliditetsbeløb, erhvervsudygtighedsbeløb og pensionstillæg
        Gælder for førtidspension tilkendt før 1. januar 2003
        Beregning og udbetaling efter gammelførtidspensionsloven varetages af Udbetaling Danmark
        Tilkendelse og frakendelse efter gammelførtidspensionsloven varetages af kommunalbestyrelsen";1
"5be31f8f-22ed-11e9-9bce-0050c2490048";"85.10.08";"Databehandler, kommunen som";"Emnet dækker bl.a. sager om:


    
        Kommunen er databehandler.
        Databehandleraftaler, kommunen som databehandler.
        Instrukser tilføjes facet A26 og aftaler facet P27.
        Databehandleraftale med kommunen som dataansvarlig. Tilføjes facet P27.
        
    


Henvisning til andre relevante emner:


    
        Kommunen som dataansvarlig, se emnenr. 85.10.09.";1
"5be73983-1890-4e59-9d1a-637079fc03f0";"87.15";"Psykisk arbejdsmiljø";"Ingen beskrivelse";1
"5bf40a72-68e9-43ae-a9d9-2040797a4d84";"08.02.10";"Opfyldning af havnebassiner og sejlløb mv.";"Ingen beskrivelse";1
"5bf5a1d1-f0bc-46d5-a414-d9b6c3c4dba7";"83.03.00";"Kontorartikler i almindelighed";"Ingen beskrivelse";1
"5bf90226-ca72-4e01-a9f2-ba1acb7d98ad";"09.20.10";"Renserier";"Ingen beskrivelse";1
"5c07e210-26cd-4893-9e33-41b50fd8e230";"83.15.11";"Tolkebistand, køb af serviceydelser";"Emnet dækker bl.a. sager om:


    
        Kommunens indkøb af tolkebistand
        Rammeaftaler om tolkebistand (med facet P27)
        Bevilling af tolkebistand til en borger journaliseres på relevante sag eller som selvstændig sag på emnenr. 27.69.68.";1
"5c13ec55-6f44-4e2e-abbd-53739f0f82e1";"09.00.00";"Miljøbeskyttelse i almindelighed";"Emnet dækker bl.a. sager om fastsættelse af takster for brugerbetalingen i forbindelse med godkendelse og tilsyn efter miljøbeskyttelsesloven.
        Selve brugerbetalingen journaliseres sammen med den enkelte godkendelse eller det enkelte tilsyn under det relevante emne i hovedgruppe 09. Se bl.a. gruppe 09.02 ”Godkendelsespligtige listevirksomheder” og gruppe 09.20 ”Særlige brancher og brancheaftaler”.
        Sager om beretninger om miljøtilsyn og miljøgodkendelser m.v. journaliseres også her.";1
"5c16022a-9570-4d0d-97a1-a891d0c48501";"82.18";"Renovering / sanering, kommunens ejendomme";"Gruppe 82.18 bruges til sager om renovering og sanering af kommunale ejendomme.";1
"5c16f449-d7e8-40f9-9e54-7551d9f22db1";"01.11.26";"Bygningsfornyelse af erhverv";"Emnet dækker bl.a. sager om:


    
        Støtte til udgifter til bygningsfornyelse erhverv
        Ombygning af private erhvervslokaler og offentlige bygninger til udlejningsboliger
        støtte til udgifter til ombygning af privat erhverv til udlejningsboliger
        Bygningsfornyelsesbeslutninger - tilføjes facet G01.";1
"5c2b2289-4988-427d-b9a9-2b8a0e08a469";"05.02.16";"Beplantning - private fællesveje / stier";"Ingen beskrivelse";1
"5c4c27ce-5428-488c-a1a2-b9dfbf82e91c";"29.03.00";"Sygesikring i almindelighed";"Ingen beskrivelse";1
"5c6417cb-10d5-41b2-862d-afaafdbafc6b";"02.04";"Konstruktive bestemmelser";"Ingen beskrivelse";1
"5c660d0c-117f-4f50-a70d-e1d63e2d4384";"86.07.00";"Råstoffer i almindelighed";"Sager om kommunal produktion og salg af råstoffer fra kommunal ejendom, journaliseres under dette nummer.";1
"5c881a47-4b2c-4415-9457-426b16e7052c";"19.03.22";"Lokale museumsråd, opbygning af";"En kommune eller flere kommuner i forening kan nedsætte et lokalt museumsråd, der har til opgave at samordne og fremme museumsarbejdet i lokalområdet. Emnet dækker bl.a. sager om:


    
        det lokale museumsråds opbygning og organisering - tilføjes facet A30
        mødereferater - tilføjes facet P35.";1
"5c96ef00-a20e-11ed-a99e-0050c2490048";"81.38.50";"Tillidsrepræsentanters opbevaring af oplysninger til egen brug";"Emnet retter sig mod en situation, hvor kommunen som arbejdsgiver har valgt at stille kommunens system til rådighed for tillidsrepræsentanten ifm. dennes varetagelse af sit tillidshverv
        KL, Danske Regioner og Forhandlingsfællesskabet har udarbejdet en standardaftale med henblik på håndtering af dataansvaret ift. personoplysninger, som behandles og opbevares af tillidsrepræsenter, når tillidsrepræsentanten anvender et it-system, som arbejdsgiver har stillet til rådighed for tillidsrepræsentanten, ifm. dennes varetagelse af sit tillidshverv. Se yderligere info på https://www.kl.dk/oekonomi-og-administration/digitalisering-og-teknologi/indsatser-og-fokusomraader/databeskyttelse-og-informationssikkerhed#dataansvar-ift-tillidsrepraesentanter-2c
        Emnet er ikke omfattet af bevarings / kassationsbestemmelser. Såvel dokumenter som sagsmetadata kan slettes uafhængigt af bestemmelsen om, at ESDH metadata bevares i deres helhed. Det kan med fordel drøftes med ESDH leverandøren om denne mulighed understøttes i systemet og hvilken betydning det har, hvis sletning af sagsmetadata ikke er muligt
        
    


Henvisning til relevante facetter:


    
        Konkrete sager med TR-materiale tilføjes facet G01";1
"5ccc15ec-53b5-4a14-986a-ea25d60c27a7";"15.27.00";"Servicejob i almindelighed";"Emnet omfatter sager om servicejob.
        Lov om servicejob blev ophævet i januar 2002, men gruppen er bibeholdt da ansættelsesforhold, hvortil der er afgivet tilsagn om tilskud, eller som er påbegyndt inden lovens ikrafttræden, kan opretholdes og fortsætte efter de hidtil gældende regler.";1
"5d44c91c-5e6f-4203-91d4-4cb57d215aa2";"04.01.10";"Nyanlæg af parker og anlæg";"Sager om anlæg, herunder nyanlæg, kan inddeles i en række faser, der adskilles sagsmæssigt. Følgende facetter kan anvendes ifm. anlægsprojekter:


    
        Anlægsplan P16
        Anlægsprojekter P20
        Anlægsbevilling 00.30.08 med P19
        Aflevering af byggeregnskab 00.32.04 med G01
        Godkendelse af anlægsregnskab 00.32.04 med P19
        Byggemøder P35";1
"5d461c50-ea8e-421e-9dc6-61e035f04889";"17.15.04";"Modersmålsundervisning";"Emnet dækker sager om modersmålsundervisning for undervisningspligtige børn, der er statsborgere i EU/EØS lande, samt for børn hvor færøsk eller grønlandsk benyttes som talesprog.
        Kommunalbestyrelsen godkender efter forslag fra skolebestyrelserne skolernes læseplaner for modersmålsundervisningen.";1
"5d482fbb-e9cf-47bd-9bd9-588586a3f977";"17.20.20";"Klassetrinsindplacering";"Emnet dækker bl.a. sager om:


    
        Klassetrinsindplacering, fx om eleven skal rykkes et klassetrin op eller undervises på samme klassetrin i 2 år, hvis det er til elevens bedste";1
"5d4ac10a-1837-4e84-950c-61ae2162ef4a";"09.17.44";"Anmeldelse - skift mellem dyretyper, gl. ordning";"Konkrete sager om anmeldelser tilføjes facet G01.";1
"5d6959be-1fe3-4897-97ea-841703eba56c";"19.02.17";"Tilgængelighed til offentlige arkivalier";"Ingen beskrivelse";1
"5da6a00b-49b8-4959-99ef-46d8d9fa41c1";"17.05.32";"Eksamensbeviser mv.";"Emnet dækker sager om eksamens-, prøve- og afgangsbeviser.";1
"5ddc6b23-552e-49f6-8027-61989fe5c168";"09.08.26";"Tilladelser efter miljøbeskyttelseslovens § 19";"Emnet dækker bl.a. sager om:


    
        tilladelser til etablering af jordvarmeanlæg
        tilladelser til returpumpning af opvarmet grundvand til undergrunden i forbindelse med grundvandskøling
        tilbagekaldelse af tilladelser meddelt efter § 19 journaliseres også her
        
    


Henvisning til andre relevante emner:


    
        § 19 tilladelser, se også gruppe 06.01";1
"5e2d43ac-fba6-4077-9198-a07dec62b444";"28.12.00";"Fritidshjem til børn i skolealderen i almindelighed";"Emnet dækker sager om fritidshjem til børn i skolealderen, sager der med lige god ret kan placeret under to eller flere emner i gruppen, eller ikke entydigt kan placeres under et af emnerne i gruppen.";1
"5e42f714-aca6-4483-b468-29a91992bb25";"15.00.15";"Beskæftigelsesplaner og resultatrevisioner";"Emnet dækker sager om beskæftigelsesplaner for det kommende års beskæftigelsesindsats og resultatrevisioner.
        Opgaven er ikke længere et krav efter § 4 i LBK om organisering og understøttelse af beskæftigelsesindsatsen, da bestemmelsen er ophævet.
        
    


Henvisning til relevante facetter:


    
        Sager med konkrete beskæftigelsesplaner journaliseres her med facet P15.
        Sager med resultatrevisioner for beskæftigelsesindsatsen journaliseres her med facet K07.";1
"5e67294b-53f4-4305-875e-223c5ee5e91b";"81.23";"Arbejdsgivernes fællesopkrævning";"Ingen beskrivelse";1
"5e7dc6fe-14e1-4aef-a751-344d0e5145df";"09.02.08";"(G) Kraft- og varmeproduktion";"Emnet dækker bl.a. sager om:


    
        godkendelse og godkendelsespligt af listevirksomhed vedrørende (G) Kraft- og varmeproduktion
        tilsyn med listevirksomhed
        
    


Henvisning til relevante facetter:


    
        Sager om tilsyn tilføjes K08
        Sager om godkendelser tilføjes P19
        
    


Navngivningen af emnerne følger listen af godkendelsespligtige listevirksomheder i bilag 1 og 2 til godkendelsesbekendtgørelsen";1
"5e97fff6-227b-4c85-adae-df9718cbdff2";"82.05";"Udsmykning af kommunens bygninger og lokaler";"Ingen beskrivelse";1
"5ef520ce-7781-42ba-a162-f14835f9bb9b";"82.20.02";"Dispositionsforslag / projektforslag, til- og ombygning";"Ingen beskrivelse";1
"5f0968e2-330e-42f5-9aef-87844394521a";"05.14.21";"Tankanlæg - råden over vejareal [udgår 2026]";"Emnet udgår maj 2026, da vejlovens § 88 er ophævet med L 2025-06-20 nr 753

Ingen tidligere servicetekst.";1
"5f18c918-8709-11e7-bb31-be2e44b06b34";"27.35.16";"Gruppebaseret tilbud om hjælp og støtte";"Emnet dækker sager om gruppebaseret tilbud om hjælp, omsorg og støtte til personer, der har nedsat fysisk eller psykisk funktionsevne eller sociale problemer, og personer, der er i risiko for at udvikle funktionsnedsættelse eller sociale problemer.
        Tilbuddet kan også omfatte gruppebaseret optræning og hjælp til udvikling af færdigheder.
        Kommunalbestyrelsen kan tilbyde støtten i samarbejde med frivillige sociale organisationer og foreninger. Det er en forudsætning herfor, at kommunalbestyrelsen vurderer, at deltagelse i sådanne tilbud vil kunne forbedre det aktuelle funktionsniveau eller forebygge, at funktionsnedsættelsen eller de sociale problemer forværres.";1
"5f1dcacf-eb85-47ea-b0ca-2cea43b5fbdf";"81.07";"Elev-, praktik- og lærepladser, personale";"Gruppen dækker bl.a. sager om:


    
        Elevpladser, praktikpladser og lærepladser som en del af kommunens personaleressourcer.
        Ansættelsesaftaler og elevkontrakter journaliseres også i denne gruppe.
        Første efter endt uddannelse og evt. fastansættelse oprettes en egentlig ansættelsessag under emnenr. 81.03.00.";1
"5f302c5f-f889-4e2d-be72-f73592562e0a";"07.13.04";"Indsamlingsordninger / henteordninger for farligt affald";"Her journaliseres sager om indsamlingsordninger/ henteordninger for farligt affald
        Farligt affald omfatter bl.a. klinisk risikoaffald, flyveaske, andet røggasaffald, asbest, CFC kølemidler, shredderaffald, batterier og olieaffald
        Aftaler med apoteker om modtagelse af medicinrester fra sundhedspersoner samt visse former for klinisk risikoaffald fra sundhedspersoner og forbrugere med henblik på destruktion tilføjes facet P27";1
"5f3d6691-15c5-4dd5-87c7-a3ee6faa0e11";"19.01.00";"Særlige udstillinger og arrangementer uden for museums- / arkivsammenhæng i almindelighed";"Ingen beskrivelse";1
"5f48081b-0c1c-11ee-97e5-0050c2490048";"82.13.15";"TV-overvågning i kommunale ejendomme";"Emnet dækker bl.a. sager om TV-overvågning i og af kommunens ejendomme. TV-overvågning kan have flere anvendelsesmuligheder, fx:


    
        supplement til kriminalpræventiv sikring
        efterforskning efter tyveri, indbrud eller hærværk
        
    


Henvisning til andre relevante emner:


    
        Konkrete tilfælde af tyveri/hærværk, se emnenr. 82.00.03
        Sager om kriminalpræventiv sikring, se 82.13.05
        Tv-monitorering som tryghedsskabende foranstaltning for personalet, se emnenr. 82.13.20";1
"5f657c4f-992a-4863-a8a6-7febcae3774f";"13.02.08";"Vandforsyningsplanlægning";"Emnet dækker bl.a. sager om udarbejdelse af vandforsyningsplaner
        En vandforsyningsplan kan helt eller delvis udarbejdes i samarbejde med andre kommuner.";1
"5f73d832-1add-4d3e-8113-2150cfa63516";"24.04";"Fiskeri";"Ingen beskrivelse";1
"5f7bd5c7-37e9-40b2-9094-2d02c5925d8b";"20.07";"Musikskoler";"Gruppen dækker sager om musikskoler.
        Emnerne i gruppen kan ligeledes bruges til administration af andre kunstformer, fx billedkunst og dans, hvis de tilbydes i regi af musikskolen/kulturskolen. Alternativt anvendes gruppe 20.08.";1
"5f8ef8c7-f22c-4f55-acf4-876f110e4c8c";"09.30.06";"(F) Oparbejdning af animalske råvarer";"Emnet dækker bl.a. sager om kommunens tilsyn med brugerbetalingsbekendtgørelsens bilag 1-virksomheder, under pkt. F.
        De konkrete sager om tilsyn journaliseres med facet K08";1
"5fb86c31-2a42-4722-a861-ca02323d175b";"17.04.09";"Hygiejniske forhold for elever";"Her placeres sager om hygiejniske forhold på skoler, fx sager om lus og lopper, herunder foranstaltninger til at undgå smitte.";1
"5fbc6f78-abf0-41ad-b807-0ed9911d1166";"00.30.10";"Årsbudgetter og flerårige budgetoverslag";"Emnet dækker bl.a. sager om:


    
        årsbudget og flerårige budgetoverslag, både forslag og endelig vedtaget budget
        budgetforarbejder
        budgetplaner
        budgetomplaceringer
        budgetudkast
        budgetvedtagelse
        årsbudgetter, forarbejder på de enkelte opgaveområder
        
    


Typiske facetter er:


    
        P19 'Godkendelser' til sager om vedtagelse af budget jf. styrelsesloven
        G01'Generelle sager'
        
    


Emnet erstatter S 02, S 04, Ø 04, S 06, Ø 06";1
"5fe20b27-aee7-11ea-b239-0050c2490048";"09.40.20";"Screening - bilag 2 projekter";"Emnet dækker sager om screening efter afsnit III
        
    


Henvisning til andre relevante emner:


    
        Miljøvurdering af konkrete projekter, se 09.40.15";1
"5ff9df2b-c5c7-44e1-870f-dc0bb84a93a7";"17.05.00";"Folkeskolens prøver i almindelighed";"Ingen beskrivelse";1
"5ffc3b0b-c9f7-412e-a931-c7a824b4308d";"05.03.00";"Broer og tunneler mv. i almindelighed";"Ingen beskrivelse";1
"601699b5-048a-42ae-bc7c-9e9679dad4ff";"02.00.00";"Byggeri i almindelighed";"Emnet dækker bl.a.:


    
        Generelle sager om byggeri
        Sager om byggeri som dækker to eller flere grupper i hovedgruppe 02, eller ikke entydigt kan placeres under et af emnerne i hovedgruppe 02";1
"6017689f-4825-46c8-839d-73cf31a81413";"27.35.08";"Generelle tilbud med aktiverende og forebyggende sigte - serviceloven";"Emnet dækker bl.a. sager:


    
        hvor kommunen kan iværksætte eller give tilskud til generelle tilbud med aktiverende og forebyggende sigte
        hvor kommunen fastsætter retningslinjer for, hvilke persongrupper der kan benytte tilbuddene
        
    
    


Henvisning til relevante facetter:


    
        Retningslinjer for persongrupper der kan benytte tilbuddene journaliseres med facet P21
        Sager om fastsættelse af betaling tilføjes facet S29
        Afsætter kommunen en ramme for tilskuddene, journaliseres denne med facet S49.
        Konkrete ansøgninger om tilskud journaliseres med facet Ø40
        Nedsættelse af § 79-tildelingsudvalg journaliseres med facet A30";1
"601f8f2a-da28-4581-92b1-accc6046d648";"13.06.01";"Erhvervelse af jord";"Her placeres sager om erhvervelse af jord (grund) til byggemodning.
        Sager om byggemodning journaliseres under emnenr. 13.06.04.";1
"6031cb64-0b1b-11f1-a9b3-0050c2490048";"34.30.15";"Plejefamilier, godkendelse mv.";"Emnet dækker bl.a. sager om:


    
        tilsyn og godkendelse med almene plejefamilier, forstærkede plejefamilier og specialiserede plejefamilier
        supervision, rådgivning, vejledning og efteruddannelse af plejefamilier
        
    
    


Henvisning til relevante facetter:


    
        Tilsyn tilføjes facet K09
        Godkendelse tilføjes facet P19";1
"6032d345-8e21-4dab-88dd-9dfbd9c1fee9";"88.12.00";"Varer og tjenesteydelser over tærskelværdi i almindelighed";"Ingen beskrivelse";1
"6038f0d7-4f5a-4098-89cc-dc48353d89e4";"03.11.00";"Økonomisk tilsyn med almene boliger i almindelighed";"Emnet dækker bl.a. sager om:


    
        Tilsyn med almene boliger.
        Styringsdialog om boligorganisationens virksomhed
        Referater og aftaler, drøftelser mellem boligorganisationen og kommunalbestyrelsen";1
"604e9e57-e4ee-4358-b095-bc304a49f3bd";"82.03";"Leje af areal, ejendomme og lokaler til kommunens egen brug";"Ingen beskrivelse";1
"607b9894-00db-41bd-bd0f-eca6fb54506c";"04.11.00";"Kommunale strande i almindelighed";"Ingen beskrivelse";1
"607f84b0-4502-4b5b-9502-e3ed9cbc45b7";"05.12.00";"Opgravning, ledningsarbejder mv. i almindelighed";"Emnet dækker bl.a. sager om:


    
        Gravetilladelser (tilføjes facet G01)
        Anmeldelse om uopsættelige reparationsarbejder på ledninger
        Vilkår for gravetilladelser
        Kommunikationsnet, ledningsarbejde
        Sager om koordinering af gravearbejder, se emnenr. 05.12.10.";1
"6099eda5-2257-45f5-ba17-df24e127abd2";"15.23.05";"Virksomhedsservice";"Emnet dækker bl.a. sager om:


    
        virksomhedsservice
        etablering af én virksomhedsindgang i beskæftigelsesindsatsen
        
    


Historik:


    
        Tidligere har virksomhedsservice været placeret under emnenr. 15.21.01.";1
"60bf2182-5328-4c3a-8402-130e9696d122";"83.15.07";"Revisorer";"Emnet dækker bl.a. sager om køb af serviceydelser fra revisorer.

Emnet anvendes til sager, hvor det faglige genstandsfelt/emne for revisorernes serviceydelser ikke er kendt eller fastlagt, og hvor man derfor ikke kan vælge et fagligt specifikt KLE-emne til sagen.";1
"60d22784-9e99-49e6-8138-887592aa8c60";"09.04";"Miljøinvesteringer";"Ingen beskrivelse";1
"60fbee6d-499d-46e0-b6f5-9960319f7394";"83.15.15";"Forsikringer";"Emnet dækker bl.a. sager om køb af forsikringer.

Emnet anvendes til sager, hvor det faglige genstandsfelt/emne for forsikringerne ikke er kendt eller fastlagt, og hvor man derfor ikke kan vælge et fagligt specifikt KLE-emne til sagen.";1
"6106f55a-2bb2-4c7b-877e-92eb85045364";"20.01.05";"Børneteater / opsøgende teater";"Ingen beskrivelse";1
"612c2f56-4ec7-42bb-962a-13cb078c8071";"17.35.06";"Betaling fra deltagere i kulturcenteraktiviteter";"Emnet bl.a. dækker sager om:


    
        betaling fra deltagere i kulturcenteraktiviteter
        fastlæggelse af takster - tilføjes facet S29.
        
    


Sager om selve aktiviteterne journaliseres under emnenr. 00.17.05.";1
"6142018a-640f-4718-8cd4-5ceef46e64c7";"18.00";"Folkeoplysning og ungdomsskoler";"Ingen beskrivelse";1
"615f6f13-cb6a-4194-944f-3a5134725f3f";"83.05.01";"Mælkeprodukter";"Ingen beskrivelse";1
"618b54fa-dc70-11ea-8575-0050c2490048";"29.15.18";"Socialtandpleje";"Emnet dækker bl.a. sager om:


    
        Vederlagsfri akut smertelindrende og funktionsopbyggende tandpleje til hjemløse borgere, som ikke kan udnytte de almindelige tandplejetilbud.
        Kommunalbestyrelsen kan ud fra en konkret vurdering tilbyde tandpleje til øvrige udsatte borgere, som ikke kan udnytte de almindelige tandplejetilbud på grund af særlige sociale problemer.";1
"619b52a9-bf5f-4754-b27d-d06339b0253f";"14.01";"Redningsberedskabets indsats";"Ingen beskrivelse";1
"619c2a00-f4e9-4262-9aae-ab31d116bfe8";"82.02.00";"Salg af kommunal ejendom i almindelighed";"Emnet dækker bl.a. sager om salg af kommunale ejendomme - tilføjes facet G10.


    
        Henvisning til andre relevante emner:
        Salg af jord til byggegrunde se emnenr. 13.06.02";1
"61d00b2a-5f3b-4748-b783-6a43e2974045";"27.03.08";"Udviklingsplaner for botilbud";"Emnet dækker bl.a. sager om udarbejdelse af en udviklingsplan for kommunens botilbud, hvis der i det enkelte botilbud er mere end 100 pladser";1
"61e64151-207b-43ba-8dac-3a38c618ea52";"14.07.06";"Ansøgninger, redningsberedskab";"Ingen beskrivelse";1
"62087947-1d9c-11e6-94e2-0050c2490048";"32.24.03";"Kontanthjælpsloft [udgår 2026]";"Emnet udgår maj 2026, da kontanthjælpsloftet er afskaffet ved L 1655 2024.

Oprindelig servicetekst:

Emnet dækker bl.a. sager om:


    
        Beregning og nedsættelse af den samlede hjælp under kontanthjælpsloftet ved regulering (i udbetaling) af særlig støtte og boligstøtte
        Vejledning vedr. kontanthjælpsloftet";1
"6214d02c-2c58-4fa8-84c5-813f9885f6c8";"20.04.10";"Lokale billedkunstråd, opbygning af";"En kommune eller flere kommuner i forening kan nedsætte et lokalt billedkunstråd til fremme af billedkunsten i lokalområdet. De nærmere regler for de lokale billedkunstråds sammensætning og virksomhed fastsættes af kommunalbestyrelserne.";1
"622a899b-bba8-4b1b-8f8f-bcd44e1e8f75";"84.08";"Valgdistrikter";"Ingen beskrivelse";1
"623f4109-37da-4a91-b040-534f02452613";"14.01.25";"Rådighed over privat ejendom / vandsteder";"Redningsberedskabet har under indsats ret til at bruge det vand, der findes i brønde, vandledninger og andre vandsteder.";1
"6242ad8e-4315-41b6-9787-98fb04713fd2";"19.03.06";"Arkæologisk virksomhed";"Emnet er til sager omkring arkæologisk virksomhed, der ikke er omfattet af kapitel 8 i museumsloven.";1
"626c8326-19bb-4dee-bc4c-a7cbf82b15ec";"81.36.05";"Uansøgt afsked";"Ingen beskrivelse";1
"62732268-5074-4cb3-9056-cc803d46705b";"18.12.00";"Klubvirksomhed i almindelighed";"Ingen beskrivelse";1
"62865663-4f85-11e4-970e-0050c2490048";"23.19";"Undtagelse af borgere fra digital selvbetjening";"Gruppen er til sager om undtagelse af borgere fra digital selvbetjening på Udbetaling Danmarks og kommunens sagsområder.
        Når der træffes afgørelser om undtagelser på Udbetaling Danmarks sagsområder, skal kommunen give besked om hvilken gruppe (sagsområde) afgørelsen vedrører. Der er oprettet emner til hvert sagsområde af hensyn til advisløsningen.";1
"62865663-4f85-11e4-970f-0050c2490048";"23.19.00";"Undtagelse af borgere fra digital selvbetjening i almindelighed";"Emnet er bl.a. til sager om planlægning, procedurebeskrivelser, samt undtagelser der ikke har et dedikeret emne.
        Til konkrete sager om undtagelser på Udbetaling Danmarks sagsområder, anvendes relevante emner i gruppen af hensyn til advisering.";1
"62865663-4f85-11e4-9710-0050c2490048";"23.19.04";"Familieydelser, undtagelse fra digital selvbetjening";"Emnet dækker undtagelser, både permanente og engangsundtagelser.
        Ved engangsundtagelser noteres dette i titelfeltet til brug for Udbetaling Danmark.
        Konkrete undtagelser tilføjes facet G01";1
"62865663-4f85-11e4-9711-0050c2490048";"23.19.08";"Pension, undtagelse fra digital selvbetjening";"Emnet dækker undtagelser, både permanente og engangsundtagelser.
        Ved engangsundtagelser noteres dette i titelfeltet til brug for Udbetaling Danmark.
        Konkrete undtagelser tilføjes facet G01";1
"62865663-4f85-11e4-9712-0050c2490048";"23.19.12";"Boligstøtte, undtagelse fra digital selvbetjening";"Emnet dækker undtagelser, både permanente og engangsundtagelser.
        Ved engangsundtagelser noteres dette i titelfeltet til brug for Udbetaling Danmark.
        Konkrete undtagelser tilføjes facet G01";1
"62865663-4f85-11e4-9713-0050c2490048";"23.19.16";"Barsel, undtagelse fra digital selvbetjening";"Emnet dækker undtagelser, både permanente og engangsundtagelser.
        Ved engangsundtagelser noteres dette i titelfeltet til brug for Udbetaling Danmark.
        Konkrete undtagelser tilføjes facet G01.";1
"62b5b96c-60c5-4b0d-9792-c631685c714b";"83.06.01";"Beklædning";"Ingen beskrivelse";1
"62e8bfdf-5909-473f-99e3-d484f52d1958";"00.13.04";"Kommunikationsvirksomhed";"Her journaliseres bl.a. sager om kommunens kommunikationsvirksomhed fx kommunikationsstrategi (tilføjes facet P15) og brug af sociale medier som kommunikationskanal.";1
"6324e39d-1098-11e8-aae2-0050c2490048";"88.12.09";"Udbud med forhandling, varer og tjenesteydelser";"Emnet dækker bl.a. sager om


    
        udbud med forhandling af varer og tjenesteydelser.
        Konkrete udbudssager tilføjes facet G01.
        Genstanden for udbuddet (hvad udbuddet omhandler) tilføjes i sagstitlen.";1
"632ad883-6baf-4fd0-b120-1a4cbc224160";"04.30.02";"Flytning af urner";"Ingen beskrivelse";1
"6374b5c4-4e32-497e-83ef-690d8fd547a9";"81.23.01";"ATP (Arbejdsmarkedets Tillægspension)";"Ingen beskrivelse";1
"637e07d7-1479-46f2-9efe-0b65300779df";"03.11";"Økonomisk tilsyn med almene boliger";"Gruppen er til sager om drift af og økonomisk tilsyn med almene boliger. I gruppen ligger også sager om budget og regnskab for almene ældreboliger, hvor kommunen er ejer og/eller er tilsynsførende.";1
"638761f2-1d2f-4522-808e-293a353588c0";"08.08";"Færgelejer";"Ingen beskrivelse";1
"63897a93-1138-411a-ba1d-9ef6aefb85e9";"20.15";"Festivaler og events mv.";"Ingen beskrivelse";1
"63ca5628-6c2b-4fec-8ae1-949676f9de12";"09.17.00";"Husdyrbrug i almindelighed";"Her journaliseres bl.a. sager om:


    
        kommunens fastsættelse af takster for brugerbetalingen i forbindelse med godkendelse og tilsyn efter lov om miljøbeskyttelse. Tilføjes facet S29
        
    


Henvisning til andre relevante emner:


    
        Selve brugerbetalingen journaliseres sammen med den enkelte godkendelse eller det enkelte tilsyn under det relevante emne i gruppe 09.17.
        Sager om tilsyn med husdyrbrug journaliseres under emnenr. 09.17.60.";1
"63fd8a85-bee3-4db9-8ed5-1f685e375d3f";"15.25.00";"Orlovsordninger (ikke-kommunalt ansatte) i almindelighed";"Emnet udgik maj 2013, da Bekendtgørelse af lov om børnepasningsorlov ophævedes.

Genåbnet november 2021 for at gøre det muligt i KY at modtage dækninger på gamle krav.";1
"645a2e15-8e56-42de-a6e8-9910de002156";"20.02.01";"Filmforevisning / -arrangementer";"Ingen beskrivelse";1
"649e98de-c19f-4124-b4ec-3a50d43ad508";"01.04.00";"Udstykningsforhold og andre matrikulære forhold i almindelighed";"Emnet er bl.a. til sager der behandles i henhold til udstykningsloven. Som eksempler på sager, der skal journaliseres her kan nævnes:


    
        Udstykninger
        Sammenlægninger
        Skelforandringer
        Skelreguleringer
        Jordfordelinger
        Matrikulering
        Omdeling
        Arealoverførsler
        Skelforretninger
        Bygningsafsætning
        
    


Henvisning til relevante facetter:


    
        Udstykningserklæringer, med facet P27
        Udstykningsplaner, med facet P16
        Tinglysning af servitutter, med facet G14
        Rådighedsindskrænkning, arealmæssigt, se facet P24";1
"64b5ee59-7f0d-496a-b691-0d849e53153f";"32.45.04";"Kontrol med sociale ydelser";"Emnet dækker bl.a. sager om:

kontrol med udbetaling af sociale ydelser, på et uretmæssigt grundlag, fx dobbeltforsørgelser, eller fiktive adresser


    
        helhedsorienteret kontrol
        registersamkøring
        indsatser mod velfærdskriminalitet
        
    
    


Henvisning til relevante facetter:


    
        Konkrete sager om kontrol tilføjes facet G01.
        
    
    


Henvisning til andre relevante emner:


    
        Rejses der krav om tilbagebetaling af sociale ydelser journaliseres disse under emnenr. 32.45.10.";1
"64f35c05-ea28-4d96-801a-c0d960870c18";"01.10.00";"Bygningsfredning og bygningsbevaring i almindelighed";"Ingen beskrivelse";1
"651daac9-8793-11ee-a449-0050c2490048";"27.12.38";"Exit-programmer";"Emnet dækker bl.a. sager om:


    
        Borgere der deltager i exitprogrammer
        Rammemodel for exit-programmer
        Myndighedskoordinering, exit-programmer";1
"65246933-e7cd-46ce-a855-b533ff36bf38";"00.07.20";"Videreanvendelse af den offentlige sektors informationer";"Emnet anvendes til sager om videreanvendelse af den offentlige sektors informationer, fx sager om


    
        anmodninger om dokumenter og datasamlinger efter pågældende lov
        betingelser for anvendelse
        aftaler om anvendelse";1
"65263982-104b-4950-84ab-d44f3c7d6b6c";"28.03.20";"Puljeordninger";"Puljeordninger er private pasningsordninger til børn, der drives på baggrund af en driftsaftale med kommunalbestyrelsen.
        Sager om fx driftsaftaler med puljeordninger journaliseres her.
        Puljeordninger er en driftsform, som udfases med dagtilbudsloven.
        Fra 1. august 2007 kan der ikke etableres nye puljeordninger, men eksisterende puljeordninger kan fortsætte som driftsform.";1
"652c8dd2-ac14-42f0-aab0-15bd6a4bd797";"03.08.04";"Vedligeholdelsestilstand - selvejende ungdomsboliger";"Ingen beskrivelse";1
"65379907-3850-442f-807d-afeea038ba9e";"01.07.00";"Sommerhusområder i almindelighed";"Emnet dækker bl.a. sager om:


    
        Sager der med lige god ret kan placeres under to eller flere emner i gruppen";1
"65416a1f-488d-494b-adc4-2b33842e6ce9";"05.00";"Veje og trafik";"Ingen beskrivelse";1
"654fd35c-f2e0-4a9d-bab8-2b6c07997c25";"32.39";"Social sikring";"Ingen beskrivelse";1
"656192bd-5013-4449-9702-09dbccdcf8f1";"07.03.11";"Udbygning, anlæg for deponering af affald";"Ingen beskrivelse";1
"656c74bf-dbc5-4dc8-b59a-c77bbe34c8ab";"83.11.00";"Køretøjer, materiel mv. i almindelighed";"Ingen beskrivelse";1
"657f64d3-c2c6-4e59-9172-0f81e9cb29e8";"54.22";"Uddannelsens organisering og indhold, gymnasier";"Ingen beskrivelse";1
"6580128a-b58a-4264-8eb0-c19cd04da9de";"25.02";"Ejendomsbeskatning";"Gruppen dækker sager om kommunens opgaver efter flg. lovgivning:


    
        Ejendomsskatteloven";1
"65c19793-b788-4a41-8a98-686091adab84";"27.45.08";"Venteliste til ældrebolig / handicapbolig";"Emnet dækker sager om venteliste til ældreboliger og handicapboliger.
        Sager om ventelister til ældreboliger og handicapboliger tilføjes facet P07";1
"65c40e93-cb2e-4a9c-a78d-b1407fe98d1a";"27.09.00";"Rammer for brug af private behandlings- og botilbud i almindelighed";"Her journaliseres bl.a. sager om fastlæggelse af takster for det generelle takstorienterede tilsyn - tilføjes facet S29";1
"65d69096-0122-4c0d-9507-6cc63df3b6ae";"85.15.07";"Elektroniske / digitale signaturer";"Emnet dækker bl.a. sager om:


    
        anvendelsen af elektroniske signaturerdigitale signaturer
        MitID Erhverv
        medarbejdersignaturer
        NemLog-in administration";1
"6620c9ae-2279-4562-a9c7-dbb29a4be016";"20.04.02";"Monumenter, mindesmærker og statuer";"Ingen beskrivelse";1
"66249df1-487f-43a9-8771-5686429eeae5";"25.10";"Borgerbetjening på skatteområdet";"Gruppen dækker sager om kommunens borgerbetjening på skatteområdet og følger opdelingen i bek. om kommunernes borgerbetjening på skatteområdet. Kommunen kan vælge at bruge detaljeringen i emnerne, eller lokalt beslutte kun at anvende det generelle 'i almindelighed' niveau.";1
"6693c5c5-7e56-4e39-8b18-18672450a726";"03.11.01";"Budget for almene boliger";"Ingen beskrivelse";1
"66a397be-6b25-4887-b1e8-c66493fe39ed";"28.12.24";"Børnenes sikkerhed, fritidshjem";"Her journaliseres sager om børnenes sikkerhed i fritidshjem. Eksempler herpå er sikkerhed om transport, legetøj, legepladser, indendørsarealer, o.lign.
        Emnet dækker ligeledes sager om tilskadekomst, erstatning o.lign.
        Børnemiljøvurdering for fritidshjem, hvor sikkerhed kan indgå, journaliseres under emnenr. 28.12.04.";1
"66c79de6-b158-4393-a010-dca672121b1f";"20.08.00";"Billedskoler i almindelighed";"Ingen beskrivelse";1
"66cfd897-5ee0-4403-9c80-be7d95ff9549";"07.17.04";"Konkret anvisning af affald";"Emnet er bl.a. til sager om konkret anvisning af affald, der ikke er omfattet af en indsamlings- eller anvisningsordning.";1
"66d6e7bd-fbc1-4d2a-a081-a6689787dee9";"14.05.08";"Indkvarterings-, evakuerings- og forplejningsmateriel";"Ingen beskrivelse";1
"66d83ee8-10ce-4d0f-a2d2-d878b802853e";"81.07.01";"Oprettelse og godkendelse af elev-, praktik- og lærepladser, personale";"Emnet dækker bl.a. sager om overordnet planlægning af elev-, praktik- og lærepladser i kommunen. Herunder:


    
        godkendelse som lærested
        beskrivelser vedr. oplæring
        planlægning af lærepladser, som kommunalbestyrelsen stiller til rådighed inden for social- og sundhedsuddannelsen og den pædagogiske assistentuddannelse
        Planlægning af praktikpladser";1
"66dd6846-d38a-4a53-8f62-0b40bc502eb4";"81.12.00";"Arbejdskonflikter i almindelighed";"Ingen beskrivelse";1
"670b3f85-94fa-4ab0-b2cb-8cdd1d9a5989";"01.13";"Drift af landbrugsjorder";"Ingen beskrivelse";1
"671d8d65-49ef-4f25-89e6-802b329fcf8e";"85.02.15";"Postlister og sagslister";"Her journaliseres kommunens postlister og sagslister.
        Konkrete postlister journaliseres med facet P07";1
"67220dba-a348-486f-99a3-b4abc94570c4";"82.06.05";"Aflevering af nybyggeri";"Ingen beskrivelse";1
"6729c967-2498-4b5b-8f5a-1a3f46016171";"25.20.10";"Fordeling af selskabsskat";"Emnet er til sager om fordeling af selskabsskat mellem de berettigede kommuner i de tilfælde, hvor et selskab anses for drevet i flere kommuner.";1
"673dfce9-b4b2-44a9-adde-58af47626519";"17.02.00";"Skoleårets planlægning / tilrettelæggelse i almindelighed";"Ingen beskrivelse";1
"67452d95-d763-4572-9113-b2e190ede0c0";"14.00.13";"Årsberetning, beredskabsvirksomhed";"Ingen beskrivelse";1
"678b60b0-6755-4a55-a64d-f6c1d25a9460";"03.12.13";"Opsigelse og genhusning, almene boliger";"Emnet dækker bl.a. sager om bestemmelser for opsigelse af lejemålet fra både lejers og udlejers side, herunder opsigelsesvarsler.
        Konkrete afgørelser tilføjes facet G01.";1
"67951b41-006d-423b-a6b0-d84cd1e8695f";"81.38.02";"Koordinationsudvalg";"Koordinationsudvalgets to parter er repræsentanter fra kommunalbestyrelsen og repræsentanter udpeget af personaleorganisationerne. Koordinationsudvalgene vælges for 4 år ad gangen, og valgperioden følger den kommunale valgperiode.
        Sager om udpegelse af medlemmer fra kommunalbestyrelsen journaliseres her med facet A30.";1
"67abf77a-d26e-4c36-a5df-1eb625ac6a3f";"13.05.16";"Planlægning af offentlig servicetrafik mv.";"Ingen beskrivelse";1
"67d34736-1128-47a5-ae78-a1305e16fc2e";"85.08.10";"Aflevering af papirarkivalier";"Her journaliseres sager om aflevering af papirarkivalier til offentligt arkiv (§ 7 arkiv eller Rigsarkivet).";1
"68510976-c5a7-4739-be5a-a75955fe479e";"00.07.08";"Videregivelse af oplysninger til anden forvaltningsmyndighed";"Ingen beskrivelse";1
"6880592a-6930-400c-8050-2a64b699548b";"18.09.01";"Ungdomsskolebestyrelsen, opbygning af";"Emnet dækker sager om opbygning af ungdomsskolebestyrelser. Fx sager om


    
        repræsentanter i ungdomsskolebestyrelsen
        fastsættelse af medlemstal
        oprettelse af fælles ungdomsskolebestyrelse for flere ungdomsskoler
        tavshedserklæringer fra bestyrelsen i ungdomsklubtilbud
        
    


Henvisning til andre relevante emner:


    
        Sager om valg til ungdomsskolebestyrelser, se gruppe 84.10
        Økonomiske ydelser til ungdomsskolebestyrelsens medlemmer, se gruppe 81.14";1
"6880ca01-1644-4487-a00a-50f5dc91eaac";"24.05.00";"Turisme i almindelighed";"Ingen beskrivelse";1
"68ac27f3-af1c-44e0-a161-c988e4f553ef";"27.57.12";"Krisecentre";"Emnet dækker bl.a. sager om:


    
        Visitation til kriseboliger (fx akutboliger til etniske minoriteter), kvinde- og mandehuse
        Støtte og vejledning fra en familierådgiver ifm. ophold
        Tilbud om psykologbehandling under opholdet/i forlængelse af
        Betaling for ophold i boformer efter SEL § 109 jf. SEL § 163 stk. 2-3
        
    


Henvisning til relevante facetter:


    
        Visitation / tildeling tilføjes G01
        
    


Henvisning til andre relevante grupper:


    
        Se gruppe 27.03 for sager om opbygning, struktur, tilrettelæggelse og fastlæggelse af egenbetaling
        
    


Emnet dækker desuden:


    
        Ansøgning til socialtilsynet om godkendelse
        Socialtilsynets godkendelser og tilsyn";1
"68af41b9-b75f-11e9-a9f2-0050c2490048";"30.10.50";"Familieretshuset";"Emnet bruges bl.a. til sager om:


    
        Skilsmisser
        Værgemål
        Navneændringer
        
    


Emnet refererer primært til Familieretshuset som part.

Til sager om adoption, hvor Familieretshuset indhenter oplysninger fra kommunen, anvendes emnenr. 27.69.60.

Familieretshuset erstattede pr. 1. april 2019 Statsforvaltningen og har derfra overtaget de statslige opgaver, der vedrører familiesager.";1
"68fb52e2-427c-4275-80c6-64b89d5a8086";"03.09.24";"Forbrugsregnskaber, lejeforhold mv. i private boliger";"Emnet dækker bl.a. sager om:


    
        Huslejenævnets behandling af uenighed om lejerens betaling for varme, opvarmning af vand, køling, vand, el og gas, herunder uenighed om acontobidrag
        Installation af vandmålere
        A conto varmebidrag
        Varmeregnskab
        Kølingsregnskab
        Manglende varmeregnskab
        Arbejder i energiplan
        
    


Tidligere lovreference:


    
        Lejeloven § 41, stk. 2 (LBK 2019-09-04 nr. 927)
        Lejeloven § 42 (LBK 2019-09-04 nr. 927)
        Lejeloven § 45 (LBK 2019-09-04 nr. 927)
        Lejeloven § 45b (LBK 2019-09-04 nr. 927)
        Lejeloven § 46a (LBK 2019-09-04 nr. 927)
        Lejeloven § 46b (LBK 2019-09-04 nr. 927)";1
"692b54f9-4d57-422c-8a76-8fec2062839e";"06.01.06";"Vedligeholdelse / drift, kloakker og ledningsnet";"Emnet vedrører primært drift og ikke myndighedsopgaver";1
"6952e66f-9405-434f-97bc-64c549c05a15";"17.03.10";"Specialpædagogisk bistand til førskolebørn";"Sager om specialpædagogisk bistand til førskolebørn placeres på dette nummer, når der er tale om en kommunal foranstaltning.
        Regionsrådets eventuelle foranstaltninger til førskolebørn placeres under emnenr. 17.03.09.";1
"6985a935-87a3-11ee-9155-0050c2490048";"23.35";"Administrative forholdsregler";"Gruppen dækker bl.a. sager om:


    
        Regler, procedurer, beslutninger vedrørende interaktionen med borgere, hvor det har betydning for medarbejdernes og politikernes arbejdsmiljø. Reguleringen kan fx ske med udgangspunkt i anstaltsforhold.
        Eksempler er forskellige former for adgangsbegrænsning for en borger.";1
"6985a935-87a3-11ee-9156-0050c2490048";"23.35.00";"Administrative forholdsregler i almindelighed";"Emnet dækker bl.a. sager om:


    
        Regler, procedurer, beslutninger vedrørende interaktionen med borgere, hvor det har betydning for medarbejdernes og politikernes arbejdsmiljø. Bemærk at der er et specifikt emne i gruppen til sager om adgangsbegrænsning.";1
"6985a935-87a3-11ee-9157-0050c2490048";"23.35.10";"Adgangsbegrænsning";"Emnet dækker bl.a. sager om:


    
        Afgørelser om fremmødeforbud
        Begrænsninger for en borgers kontakt til personalet
        Afgørelse om midlertidig fratagelse af skriveadgang, fx kommunikationsplatformen AULA
        Emnet omfatter primært restriktioner, hvor hjemmelsgrundlaget er anstaltsforhold og der ikke er særlovgivning, der regulerer området. Reglerne om anstaltsforhold indebærer, at offentlige institutioner kan fastsætte generelle forskrifter for institutionens brugere, som har til formål at sikre institutionens overordnede funktion, f.eks. af hensyn til ro og orden.
        
    


Henvisning til relevante facetter:


    
        Konkrete sager om adgangsbegrænsning tilføjes facet G01
        
    


Henvisning til andre relevante emner:


    
        Besøgsrestriktioner, plejeboliger, se 27.42.40
        Samvær og kontakt efter barnets lov, se relevant emne i hovedgruppe 34. fx 34.25.00
        
    


Revisionsspor:


    
        Emnet er oprettet nov. 2023.
        Sager om fremmødeforbud har tidligere været placeret under 87.15.00 ’Psykisk arbejdsmiljø’. Med flytningen undgås at den borgerrettede sag journaliseres i hovedgruppe 87, der primært vedrører kommunens personale.";1
"69a845e7-3441-4ae8-9bb0-3d77b54938fe";"04.14.18";"Benyttelse af campinghytter";"Emnet dækker bl.a. sager om:


    
        benyttelse af campinghytter på campingpladser
        
    


Henvisning til relevante facetter:


    
        kommunalbestyrelsens tilsyn med overholdelsen af reglerne for benyttelse – tilføjes facet K08.
        
    


Henvisning til andre relevante emner:


    
        Sager om tilladelse til nyopførelse eller ændring af campinghytter journaliseres under emnenr. 01.03.03.";1
"69cd909f-9f33-403d-805b-36dd00b3d0de";"82.25.00";"Flytninger / lokalefordeling, kommunens ejendomme i almindelighed";"Ingen beskrivelse";1
"69dac505-d629-4587-a070-959e1fb5e1d1";"01.05.11";"Naturpleje og sandflugtsbekæmpelse";"Emnet dækker sager om pleje af ikke fredede og fredede (ikke statsejede) arealer.
        Plejeplaner i forbindelse med plejeforanstaltninger af fredede arealer journaliseres med facet P16.
        Sager om naturgenopretning, bl.a. i forbindelse fredning, journaliseres også her.";1
"6a16b4c0-8b85-483e-aaa8-2c5388dbdaea";"81.36.10";"Frivillige fratrædelsesaftaler";"Ingen beskrivelse";1
"6a5de833-3a85-47d9-add2-2adc7be33073";"27.69.40";"Ældreråd";"Emnet er til sager om ældreråd, der er lovpligtige
        Sager om diæter til medlemmer af ældreråd journaliseres her med facet G01.
        Vær opmærksom på at valg af ældreråd journaliseres i gruppe 84.12.";1
"6a7dee47-523b-4046-ab61-a05fb98500df";"54.06";"Specialundervisning for voksne";"Ingen beskrivelse";1
"6a864a57-844d-4810-bd76-19488e3a804f";"13.29";"Gasindvinding";"Ingen beskrivelse";1
"6aaa7d68-a942-4483-8abb-a4bbb797d082";"20.05.16";"Tilskud / sponsorering af programmer";"Ingen beskrivelse";1
"6adb7d93-6306-48f2-b579-d44fefc5490f";"23.00.00";"Borgerlige forhold i almindelighed";"Henvisning til andre relevante emner:


    
        Generelle sager om borgerlige forhold
        Sager om borgerlige forhold som dækker to eller flere grupper i hovedgruppe 23, eller ikke entydigt kan placeres under et af emnerne i hovedgruppe 23";1
"6adf517f-ff4c-11eb-8257-0050c2490048";"00.07.45";"Whistleblowerordning";"Emnet dækker bl.a. sager om kommunens whistleblowerordning, herunder:


    
        Konkrete indberetninger og den umiddelbare opfølgning
        Etablering af whistleblowerordning
        Organisering af whistleblowerordning og administrativ kompetencefordeling
        Fastlæggelse af procedurer for indberetning og opfølgning
        
    


Henvisning til relevante facetter:


    
        Organisering og etablering, se facet A21
        Procedurer, se facet A26
        Konkrete indberetninger tilføjes G01
        
    


Henvisning til andre relevante emner:


    
        Sager hvor indberetningen resulterer i en selvstændig sagsbehandling journaliseres denne på relevant emne + facet K08
        Socialtilsynets whistleblowerordning, se emnenr. 27.69.64";1
"6ae519ff-610f-4097-809b-a82bf313e08b";"03.03.19";"Kommunens salg af andel";"Her journaliseres sager, hvor kommunen sælger/videresælger sin andel i en andelsboligforening.";1
"6af4557d-9eaa-4ad9-98be-0636c68fc099";"03.02.13";"Byggeriets påbegyndelse, godkendelse af anskaffelsessum før påbegyndelse - almene boliger";"Konkrete sager om godkendelse af anskaffelsessum tilføjes facet P19.";1
"6af9230a-cb5b-4d92-bbe1-58f7fecbd672";"28.09.36";"Hygiejniske forhold og sygdomme, dagtilbud";"Sager om hygiejniske forhold i dagtilbud placeres her.
        Emnet dækker ligeledes sager om sygdomme hos børnene, herunder sager om forebyggelse, information, og foranstaltninger til at undgå smitte.";1
"6b06bcee-e5cd-458b-968c-23af0458b2c5";"05.14.20";"Beplantning i vejareal - råden over vejareal";"Emnet dækker sager om beplantning i, indover eller ved vejareal på private fællesveje
        Vejmyndigheden kan, når vejens vedligeholdelse eller hensynet til færdslen gør det nødvendigt kræve træer og anden beplantning på, over, ved og i vejareal fjernet, nedskåret, opstammet eller studset";1
"6b0a7555-52be-11f1-a9b4-0050c2490048";"14.25.00";"Beredskabsopgaver vedrørende risikovirksomheder i almindelighed";"Emnet dækker bl.a.:


    
        Generelle sager om beredskabets opgaver vedrørende risikovirksomheder
        Indsamling af oplysninger til den statslige tilsynsplans fortegnelser over risikovirksomheder";1
"6b3626df-5f37-445e-886e-04f4909a77b8";"28.18.08";"Tilskud til pasning af egne børn";"Ingen beskrivelse";1
"6b56f530-2f5b-46ca-9d89-f6a65d8353e7";"00.18";"Opgave- og strukturændringer i kommuner, overordnede aktiviteter";"Gruppen dækker bl.a.  sager om:


    
        opgave- og strukturændringer i kommunerne, hvor kommunen afgiver opgaver eller tilføres nye opgaver eller ansvarsområder fra andre myndigheder eller institutioner
        konkrete organisatoriske ændringer på sektorområder journaliseres med relevant emne og facet A21
        
    


Henvisning til andre relevante emner:


    
        Interne opgave- og strukturændringer i kommunen, se gruppe 00.15";1
"6b9cec10-2f0f-4d28-b862-aee1ec8120c0";"07.15.05";"Indsamlingsordninger mv. for affald af elektrisk og elektronisk udstyr";"Emnet dækker bl.a. sager om:


    
        etablering af indsamlingsordninger i form af bringe- og/eller henteordninger for affald af elektrisk og elektronisk udstyr (WEEE) fra husholdninger
        etablering af indsamlingssteder til opsamling af affald af elektrisk og elektronisk udstyr";1
"6bc81e4a-b396-4b1c-8cf9-b4161216c0d9";"32.24.08";"Revalideringsydelse [udgår 2029]";"Emnet udgår februar 2029, da ordningen for revalidering er afskaffet pr. 1. feb. 2026 med L 1750 2025. Emnet opretholdes i en overgangsperiode af hensyn til eksisterende bevillinger.

Oprindelig servicetekst:

Emnet er bl.a. til sager om :


    
        Revalideringsydelse
        Nødvendige merudgifter til bolig
        Særlig støtte under revalidering
        Tilskud til forsørgelse under etablering af selvstændig virksomhed
        
    


Kontakt gerne KLE redaktionen hvis særlig støtte under revalidering ønskes oprettet som selvstændigt emne.

Henvisning til relevante facetter:


    
        Sager om kommunernes ret til statsrefusion af revalideringsydelse journaliseres her med facet Ø36.";1
"6bd2585a-164e-4c93-ac11-81573717b497";"85.02.00";"Grundlaget for den administrative tilrettelæggelse i almindelighed";"Ingen beskrivelse";1
"6bffc783-8bc4-11e7-a029-0050c2490048";"27.57.20";"Ophold på særlige pladser på psykiatrisk afdeling";"Emnet dækker bl.a. sager om:


    
        visitation til ophold på en af de særlige pladser på psykiatrisk afdeling
        afgørelse om fortsat visitation efter revurdering fra regionsrådets visitationsforum
        udpegning af en medarbejder fra handlekommunens visitationsenhed til regionsrådets visitationsforum (tilføjes facet A30)
        samlet plan for patienter med ophold på en særlig plads på psykiatrisk afdeling";1
"6c09e0d8-bfbb-42a4-afea-fc760e77c692";"84.11.00";"Valg til forældrebestyrelser i almindelighed";"Ingen beskrivelse";1
"6c2c57c8-d1a5-4658-9463-6bf9e2b027ee";"03.09.34";"Godtgørelse ved overgang til kollektivt varmeforsyningsanlæg, lejeforhold mv.";"Emnet dækker bl.a. sager om:


    
        Konvertering til fjernvarme
        Kollektivt varmeforsyningsanlæg
        
    


Tidligere lovreference:


    
        Lejeloven § 61 (LBK 2019-09-04 nr. 927)";1
"6c7014a3-a226-4003-a49f-cb3e98447b99";"20.03";"Musikvirksomhed (ud over musikskole)";"Gruppen er bl.a. til sager om musikudvalgets virksomhed.";1
"6c81a3c7-7c84-478b-908f-6feb2a58a6f3";"17.01.10";"Mål og rammer for skolernes virksomhed";"Emnet dækker bl.a. følgende sager:


    
        Kommunalbestyrelsens mål og rammer for skolernes virksomhed. Efter denne træffer kommunalbestyrelsen bl.a. beslutning om 1)Bevillinger, 2)Skolestrukturen, 3)Skoledistrikter, 4)Skoledage 5)Retningslinjer for skolernes virksomhed efter 6)Frivillige madordninger.
        Er ovenstående samlet i en sag tilføjes facet P22
        Sager om kvalitetsrapporter - tilføjes facet P05
        Mål- og indholdsbeskrivelse for skolefritidsordningerne - tilføjes facet P22
        Skolernes mad- og måltidspolitik -tilføjes facet P22
        Behandles sager om skolestruktur og skoledistrikter som selvstændige enkeltsager, anvendes relevante emner i gruppe 17.01.
        Mål og rammer for internationale grundskoler placeres her. Sager vedr. daglige driftsopgaver, bruges de relevante emner i hovedgruppe 17.
        
    


Handlingsplan for den enkelte skole i forbindelse med kvalitetsrapporter jf. folkeskolelovens § 40a stk. 3 journaliseres som ny enkeltsag under emnenr. 17.01.11 med facet P16.";1
"6c82b34b-b447-47cc-96e8-2cc548bc64ea";"18.01";"Ungdomsskolens generelle og overordnede forhold";"Ved journalisering af undervisningsaktiviteter iht. folkeskoleloven anvendes journalnumrene i hovedgruppe 17, se også bemærkningerne til gruppe 18.10.";1
"6c868999-5932-43c3-9caf-85e599a57ee1";"81.08.02";"Eksternt frikøb af medarbejdere";"Ingen beskrivelse";1
"6c89562c-9b33-4e37-8bac-58660f2af39a";"15.20.25";"Betaling for visse uddannelsesaktiviteter";"Emnet dækker bl.a. sager om kommunens afholdelse af udgifter til uddannelse af personer, der modtager fx:


    
        fleksydelse
        kontanthjælp
        revalidering
        forrevalidering
        ressourceforløbsydelse
        dagpenge";1
"6c9a633f-5ab9-40ed-bca9-ba54935578cd";"20.08.10";"Undervisning på billedskoler";"Ingen beskrivelse";1
"6cbf208a-55b6-40d5-8243-6a73c291bbc3";"09.18.17";"Kommunale forskrifter for miljøregulering af visse aktiviteter";"Emnet dækker sager om kommunale forskrifter for miljøregulering af visse aktiviteter.
        Konkrete forskrifter tilføjes facet P21";1
"6d23ba5b-0742-411a-8476-854619e44c71";"84.04";"Valg til særlige organer";"Ingen beskrivelse";1
"6d33b2ed-8bae-4e23-bd56-bcff02112ab8";"21.20.00";"Bibliotekernes nettjenester i almindelighed";"Her journaliseres sager om bibliotekernes nettjenester. Sagerne kan fx omhandle:


    
        projekter i forbindelse med drift og udvikling og driftsaftaler imellem biblioteker/andre om nettjenester.
        netbiblioteker. En nettjeneste kan blive optaget som netbibliotek, såfremt den opfylder en række kvalitetskrav
        
    



    
        Sager om selvbetjening/egenbetjening via internet journaliseres som en del af kommunens udlånsvirksomhed under emnenr. 21.01.20.
        Sager om den tekniske drift, programmel mv. vedrørende hjemmesider journaliseres under gruppe 85.11.";1
"6d4524ee-f070-11e3-a22b-0050c2490048";"85.15.70";"Papirkurv (fejl- og testsager)";"Emnenummeret anvendes til at frasortere fejloprettede sager og testsager ved arkivering.
        
    


Henvisning til relevante facetter:


    
        Konkrete fejl- og testsager tilføjes facet I00";1
"6d4636a5-4fdc-4b64-bc3c-b06715d22096";"83.15.09";"Alarmabonnement / vagtselskaber / redningskorps";"Ingen beskrivelse";1
"6d475e3d-e171-4951-8723-b4058c7dd296";"21.01.18";"Fjernlån - biblioteker";"Emnet dækker bl.a. sager om:


    
        lån af materiale hos andre biblioteker, eksempelvis i andre kommuner, nærmeste centralbibliotek, universitetsbiblioteker, Statsbiblioteket, Det Kongelige Bibliotek og Nota (tidl. Danmarks Blindebibliotek)
        fremskaffelse af materialer til indvandrere, flygtninge og udlændinge
        eventuel betaling kommunerne imellem idet en eventuel betaling som udgangspunkt ikke kan pålægges den konkrete bruger";1
"6d4db550-9855-47a8-9727-09eb863b3f6e";"18.10.00";"Ungdomsskoletilbud, ikke-obligatorisk undervisning i almindelighed";"Ingen beskrivelse";1
"6d81e309-17a1-4575-800d-673b92caa5b8";"14.01.14";"Evakuering";"Ingen beskrivelse";1
"6d8fcf64-12a9-40c2-9135-2525fc15ba1a";"81.31";"Personalelegitimation";"Ingen beskrivelse";1
"6da0d57f-8c04-4555-9adc-df7ee80458ef";"06.02.30";"Fiskepassager mv.";"I henhold til vandløbsloven kan vandløbsmyndigheden, som kan være kommunen, pålægge ejere af stemmeværker mv. at etablere og vedligeholde fiskepassager.
        Nummeret dækker således andre ejere end kommunen af stemmeværker mv.
        Sager om etablering af nye stemmeværker, fiskepassager mv. i forbindelse med vandløbsrestaurering i kommunale vandløb placeres under emnenr. 06.02.10.";1
"6da69f22-2be8-4060-bccd-c218b6bac784";"28.15.00";"Klubtilbud og andre socialpædagogiske fritidstilbud til større børn og unge i almindelighed";"Ingen beskrivelse";1
"6db2887f-9e84-4374-a9d9-d5219e018b80";"17.00.05";"Tilsyn med elever i skoletiden";"Emnet dækker sager om tilsyn med folkeskolens elever i skoletiden, fx:


    
        etablering af tilsyn
        principper for skolens tilsyn med eleverne fastsat af skolebestyrelsen
        udøvelsen af tilsynet";1
"6dbc384e-532e-406e-a4af-673c289a5718";"27.51.00";"Behandling efter serviceloven i almindelighed";"Ingen beskrivelse";1
"6dc7c5ee-d586-41ca-8007-416bab2ad612";"17.01.04";"Skolestruktur";"Emnet dækker alle sager omkring skolestruktur. Fx:


    
        skoledistrikter, inddeling i og ændring af
        nedlæggelse af skoler
        fælles ledelse af flere skoler
        etablering af naturskoler/miljøskoler
        etablering af skolefritidsordninger (SFOer)
        anmeldelse til kommunalbestyrelsen om oprettelse af en fri grundskole
        beslutning om fælles leder og fælles bestyrelse for folkeskolen
        oprettelse af kommunal international grundskole
        driftsoverenskomst om varetagelse af 10. klasse på kommunalbestyrelsens vegne med en institution, der udbyder erhvervsuddannelse";1
"6ddff361-2a20-4791-94e7-af5c31b91301";"05.14.15";"Spildevand og tilledning af vand - råden over vejareal";"Ingen beskrivelse";1
"6dfa0613-dac8-4740-b7c2-fadbbaa674f8";"27.69.17";"Modtager refusion, har ikke handleforpligtigelse";"Emnet er til sager, hvor den nye handlekommune modtager refusion fra den oprindelige handlekommune (betalingskommunen), og den oprindelige handlekommune har handleforpligtigelse efter serviceloven. Det er altså sager, hvor den oprindelige handlekommune ikke har delegeret sin handleforpligtigelse efter serviceloven til den nye handlekommune.";1
"6e19b694-c6ab-11e6-9d9d-cec0c932ce01";"88.00.16";"Kontrolbud - beregning og afgivelse";"Emnet dækker bl.a. sager om:


    
        Beregning af omkostningerne ved kommunens egen udførelse af en opgave, som kommunen eller regionen beslutter at sende i udbud (kontrolbud)";1
"6e2bf0a2-f3a5-4251-a116-e2e9858cd49f";"54.20";"Optagelse på gymnasier";"Ingen beskrivelse";1
"6e3086c4-2091-44b6-ae3d-1054f0f4b5a7";"13.03";"Varmeforsyning";"Gruppen er til sager som dækker myndighedsopgaven ift. varmeforsyning og administreres efter følgende lovgivning:


    
        Varmeforsyningsloven
        Projektbekendtgørelsen
        
    


Vedrørende decentral kraftvarme, se gruppe 13.30.";1
"6e81d725-06a0-46fc-aad5-b6496ca4fc97";"54.22.05";"Særligt tilrettelagte gymnasieforløb";"Her journaliseres sager om tilrettelæggelse af uddannelsen i et 4-årigt forløb for elever, der er optaget på Musikalsk Grundkursus (MGK) eller tilsvarende kursus i billedkunst.
        For sager om prøve- og eksamensforløb anvendes emnenr. 54.26.00
        Sager om optagelse journaliseres under emnenr. 54.20.00";1
"6e9d5f73-18cf-11e5-afcb-0050c2490048";"85.15.60";"Dummy-emne";"Emne primært til brug for it-leverandører.
        Anvendes bl.a. til at håndtere sager, der ikke har fået tildelt et journalnummer, og giver fejl fx ifm. opgradering, integration ml. it-systemer o.lign.
        IT-leverandører kan bruge emnet til at bygge funktionalitet op om sager i systemet, der mangler nødvendige metadata.";1
"6ef67cc4-6a0a-4e8c-9179-99c6d5c41bec";"18.10.02";"Heltidsundervisning";"Kommunalbestyrelsen kan beslutte, at ungdomsskoletilbuddet skal omfatte heltidsundervisning, der giver mulighed for, at elever kan opfylde undervisningspligten i ungdomsskolen efter folkeskolens 7. klassetrin.
        Sager om denne undervisning placeres på dette emne, da denne undervisning ikke er bundet af folkeskolens regler om deling på klassetrin, fag­række, læseplaner, timeopdeling mv.
        Beslutning om vejledning til elever i ungdomsskolens heltidsundervisning placeres også her.
        
    


Henvisning til andre relevante emner:


    
        Vejledning om valg af ungdomsuddannelse og erhverv, se 17.27.21";1
"6f016204-51ff-4281-8426-fc638c490a4a";"05.07.02";"Snerydning og glatførebekæmpelse";"Emnet dækker bl.a. sager om:


    
        Snerydning og glatførebekæmpelsens omfang.
        Kontrakter vedr. snerydning og glatførebekæmpelse (tilføjes Ø54).
        Aftaler med politiet om undtagelser fra pligten til snerydning eller glatførebekæmpelse.
        Sager om delegation, eller udførelse af andre vejmyndigheders opgaver vedr. snerydning.";1
"6f018da9-1bba-40c2-98d3-ad491ebf8dad";"00.07.15";"God forvaltningsskik";"Nummeret anvendes til sager om emnet ""god forvaltningsskik"". Herunder også sager vedrørende Ombudsmandens institution.
        Konkrete klager behandlet af Ombudsmanden kan journaliseres med relevant emne og facet K03.";1
"6f0bc97b-5132-43f1-9192-82f5da120931";"87.01";"Arbejdsmiljøorganisation";"Gruppen bruges primært til at beskrive organiseringen af arbejdsmiljøorganisationens arbejde.";1
"6f0c1ca9-1a6b-4950-9d3d-88c4458b1c5d";"19.02.06";"Samlinger, arkiver";"Her journaliseres sager, der vedrører arkivernes samlinger, fx sager om:


    
        retningslinjer for anvendelse af samlinger
        retningslinjer for anvendelse af indscannede fotos";1
"6f745f0f-3ebf-4c4b-a7c6-a83c91537897";"32.18.14";"Plejevederlag, pasning af døende";"Emnet dækker forskellige former for bistand til pasning af døende i hjemmet, eksempelvis plejevederlag, medicin og sygeplejeartikler.
        Emnet dækker også bistand i forbindelse med døende på hospicer.";1
"6f89da1a-493d-49d5-a0e7-133030558dc2";"85.11.04";"Fagsystemer";"Her journaliseres sager om udvikling og etablering af kommunernes fagsystemer.
        
    


Henvisning til andre relevante emner:


    
        Sager om esdh (elektronisk sags- og dokumenthåndteringssystemer), se emnenr. 85.11.06.
        Sager om udvikling og etablering af software og it-værktøjer, se emnenr. 85.11.20";1
"6f9b888e-1c6a-4e66-9b40-7ae229ce77b1";"20.03.02";"Orkestre og kor";"Ingen beskrivelse";1
"6fa7b59a-7d62-11ee-9c09-0050c2490048";"34";"Hjælp og støtte efter barnets lov";"Hovedgruppen omfatter sager om hjælp og støtte primært efter barnets lov og tilhørende bekendtgørelser mv.
        Hjælp og støtte bevilget efter ikrafttrædelse af barnets lov 1/1 2024 følger emnerne i denne hovedgruppe 34.
        Eksisterende sager oprettet før 1/1 2024 efter lov om social service forbliver i hovedgruppe 27 indtil der træffes en ny afgørelse.
        Hovedgruppen kan udvides efter behov og efterspørgsel af yderligere detaljering. Kontakt KLE redaktionen herom.
        Paragraf- og kapitelhenvisningerne skal ikke ses som udtømmende for hvilke sager, der kan høre til et emne.";1
"6fa7b59a-7d62-11ee-9c0a-0050c2490048";"34.00";"Hjælp og støtte til børn og unge";"Bemærkninger til anvendelse:


    
        Ret til bisidder og advokatbistand følger som udgangspunkt den relevante sag
        Barnets plan / ungeplanen følger som udgangspunkt den relevante sag";1
"6fa7b59a-7d62-11ee-9c0b-0050c2490048";"34.00.00";"Hjælp og støtte til børn og unge i almindelighed";"Emnet dækker bl.a.:


    
        Generelle sager om hjælp og støtte til børn og unge
        Sager om hjælp og støtte til børn/unge som dækker to eller flere grupper i hovedgruppe 34, eller ikke entydigt kan placeres under et af emnerne i hovedgruppe 34
        
    


Henvisning til andre emner:


    
        Ret til bisidder og advokatbistand følger som udgangspunkt den relevante sag
        Barnets plan / ungeplanen følger som udgangspunkt den relevante sag";1
"6fa7b59a-7d62-11ee-9c0c-0050c2490048";"34.05";"Kommunalbestyrelsens forpligtelser";"Gruppen omfatter sager om kommunalbestyrelsens forpligtigelser efter barnets lov
        Sager i denne gruppe vedrører rammer og samarbejder og indgår ikke i de konkrete børnesager";1
"6fa7b59a-7d62-11ee-9c0d-0050c2490048";"34.05.00";"Kommunalbestyrelsens forpligtelser i almindelighed";"Emnet dækker bl.a. sager om:


    
        Sager om kommunalbestyrelsens forpligtelser, som dækker to eller flere emner i gruppen, eller ikke entydigt kan placeres under et af emnerne i gruppen";1
"6fa7b59a-7d62-11ee-9c0e-0050c2490048";"34.05.05";"Forsyningsansvar og rammeaftaler efter barnets lov";"Emnet dækker bl.a. sager om:


    
        Forsyningsansvar efter barnets lov
        Rammeaftaler (barnets lov § 173). Rammeaftaler om faglig udvikling, styring og koordinering af de kommunale og regionale tilbud efter barnets lov.
        Aftale om overførsel af regionale tilbud
        Driftspålæg vedr. højt specialiserede tilbud (barnets lov § 180-§ 181)";1
"6fa7b59a-7d62-11ee-9c0f-0050c2490048";"34.05.10";"Sammenhængende indsats, børnepolitik og beredskaber";"Emnet dækker bl.a. sager om:


    
        Sammenhængende børnepolitik - tilføjes facet P22
        Beredskab til forebyggelse, tidlig opsporing og behandling af sager om overgreb mod børn og unge
        Kvalitetsstandarder (barnets lov §154) i form af generelle vejledende serviceniveauer for den lokale udmøntning af hjælp efter loven, som kommunalbestyrelsen kan træffe beslutning om - tilføjes facet P23";1
"6fa7b59a-7d62-11ee-9c10-0050c2490048";"34.05.15";"Brugerinddragelse efter barnets lov";"Emnet dækker bl.a. sager om:


    
        Nedsættelse af et eller flere råd vedrørende indsatsen efter barnets lov (tilføjes facet A30)
        Skriftlige retningslinjer for brugerindflydelsen";1
"6fa7b59a-7d62-11ee-9c11-0050c2490048";"34.05.20";"Samarbejde med frivillige sociale organisationer og foreninger";"Emnet dækker bl.a. sager om:


    
        Samarbejde med frivillige sociale organisationer og foreninger 
        Beløb til støtte af frivilligt socialt arbejde på børne- og ungeområdet.
    


Henvisning til andre relevante emner:


    
        aftalevilkår for frivillige, og ansvarsforsikring, se 81.50.05 S37
        
    


Henvisning til relevante facetter:


    
        sager efter faste regler tilføjes facet G01
        Aftaler med frivillige sociale organisationer og foreninger tilføjes facet P27
        konkrete tilskud til organisationer og foreninger tilføjes facet Ø40
        (årlige) rammer for tilskud S49
        personforsikringer tilføjes S37";1
"6fa7b59a-7d62-11ee-9c12-0050c2490048";"34.10";"Undersøgelse, afdækning, mv.";"Gruppen omfatter bl.a. sager om:


    
        Screening, afdækning og børnefaglig undersøgelse af barnets eller den unges behov efter barnets lov
        Barnets plan
        Underretninger
    


Vedrørende bisidder og advokatbistand:


    
        Ret til bisidder og advokatbistand følger som udgangspunkt den relevante sag";1
"6fa7b59a-7d62-11ee-9c13-0050c2490048";"34.10.00";"Undersøgelse, afdækning, mv. i almindelighed";"Emnet dækker bl.a. sager om:


    
        Undersøgelse, afdækning, mv. efter barnets lov som ikke er dækket af de specifikke emner i gruppe 34.10, eller ikke entydigt kan placeres under et af emnerne i gruppen
    


Desuden anvendes emnet til generelle (ikke-personspecifikke) sager om:


    
        Den nationale sikkerhedskonsulentordning
        Koordinationsenheden mod genopdragelsesrejser og ufrivillige udlandsophold";1
"6fa7b59a-7d62-11ee-9c14-0050c2490048";"34.10.10";"Screening, afdækning og børnefaglig undersøgelse";"Emnet dækker bl.a. sager om:


    
        Afdækning af børn/unges behov (barnets lov § 19)
        Børnefaglig undersøgelse (barnets lov § 20-23, § 140, § 142)
        Kommende forældre screening/undersøgelse (barnets lov § 24-27)
        Foreløbige afgørelser (barnets lov §143)
    


Vedrørende screening


    
        Screening af børn/unges behov (barnets lov § 18 og § 64) kan enten ligge under den relevante sag, eller under dette emne, hvis der ikke er en specifik sag";1
"6fa7b59a-7d62-11ee-9c15-0050c2490048";"34.10.30";"Underretninger";"Emnet dækker bl.a. sager om:


    
        Underretninger (barnets lov § 132 - § 138/Kap. 16)
        Mellemkommunal underretning
        Skærpet underretningspligt
        Underretning ved skolefravær
        Almen underretningspligt
        Vurdering af underretninger
        
    


Henvisning til relevante facetter:


    
        Konkrete underretninger tilføjes facet G01";1
"6fa7b59a-7d62-11ee-9c16-0050c2490048";"34.15";"Forebyggende og støttende indsatser";"Gruppen omfatter sager om forebyggende og støttende indsatser efter barnets lov";1
"6fa7b59a-7d62-11ee-9c17-0050c2490048";"34.15.00";"Forebyggende og støttende indsatser i almindelighed";"Emnet dækker bl.a. sager om:


    
        Rådgivning til børn og unge
        Familieorienteret rådgivning
        Rådgivning, anonymt og åbent tilbud
        Forebyggende og støttende indsatser som dækker to eller flere emner, eller ikke entydigt kan placeres under et af emnerne i gruppen";1
"6fa7b59a-7d62-11ee-9c18-0050c2490048";"34.15.05";"Tidligt forebyggende indsatser";"Emnet dækker bl.a. sager om tidligt forebyggende indsatser, herunder:


    
        Konsulentbistand, herunder familierettede indsatser
        Netværks- eller samtalegrupper
        Rådgivning om familieplanlægning
        Andre indsatser, der har til formål at forebygge et barns, en ungs eller familiens vanskeligheder
        Rådgivning, undersøgelse og behandling af børn og unge med adfærdsvanskeligheder samt deres familier
        Personrettet tilsyn efter barnets lov § 156, tidligt forbyggende indsatser
        
    


Opgaverne kan varetages i samarbejde med andre kommuner";1
"6fa7b59a-7d62-11ee-9c19-0050c2490048";"34.15.25";"Støttende indsatser";"Emnet dækker sager om støttende indsatser, herunder:


    
        ophold i dagtilbud, fritidshjem, ungdomsklub, uddannelsessted el.lign. (barnets lov § 32)
        praktisk, pædagogisk eller anden støtte i hjemmet. (barnets lov § 32)
        udpegning af en fast kontaktperson for barnet eller den unge eller for hele familien. (barnets lov § 32)
        formidling af praktiktilbud hos en offentlig eller privat arbejdsgiver for den unge og i den forbindelse udbetaling af godtgørelse til den unge. (barnets lov § 32)
        familiebehandling eller behandling af barnet eller den unge. (barnets lov § 32)
        familieanbringelse i form af et døgnophold for både forældremyndighedsindehaver, barnet eller den unge og andre medlemmer af familien i en almen plejefamilie, i en forstærket plejefamilie, i en specialiseret plejefamilie eller på et børne- og ungehjem, jf. § 43, eller i et botilbud, jf. § 107 i lov om social service. (barnets lov § 32)
        støtteophold i en almen plejefamilie, i en forstærket plejefamilie, i en specialiseret plejefamilie, i en netværksplejefamilie eller på et børne- og ungehjem, jf. § 43. (barnets lov § 32, jf § 43)
        anden hjælp, der har til formål at yde rådgivning, behandling og praktisk og pædagogisk støtte. (barnets lov § 32)
        økonomisk støtte til forældremyndighedsindehaver (barnets lov § 35-36)
        støttende indsatser uden samtykke (barnets lov § 37)
        afgørelse om støttende indsatser ifm. graviditet
        omsorg, personlig støtte, socialpædagogisk rådgivning og behandling under støtteophold og familieanbringelse (barnets lov § 45)
        ophør af støttende indsatser (barnets lov §99)
        barnets plan (barnets lov §91) og ungeplan (barnets lov §108) ifm. støttende indsats
        ledelsestilsyn på sager, hvor der er truffet afgørelse om indsats efter barnets lov § 32
        personrettet tilsyn efter barnets lov § 156
        
    


Henvisning til relevante facetter:


    
        Sager om ledelsestilsyn tilføjes facet K09
        Sager efter faste regler tilføjes facet G01";1
"6fa7b59a-7d62-11ee-9c1a-0050c2490048";"34.15.45";"Forældrepålæg";"Emnet dækker sager om:


    
        Forældrepålæg";1
"6fa7b59a-7d62-11ee-9c1b-0050c2490048";"34.15.49";"Børne- og ungepålæg";"Emnet dækker bl.a. sager om:


    
        børne- og ungepålæg
        personrettet tilsyn efter barnets lov § 156, børne og ungepålæg";1
"6fa7b59a-7d62-11ee-9c1c-0050c2490048";"34.15.53";"Lægelig undersøgelse og behandling uden samtykke";"Emnet dækker sager om:


    
        lægelig undersøgelse og behandling uden samtykke
        foreløbige afgørelser (barnets lov §143)";1
"6fa7b59a-7d62-11ee-9c1d-0050c2490048";"34.15.57";"Ungdomssanktion / koordinator til unge, idømt en sanktion";"Emnet dækker bl.a. sager om:


    
        Koordinator til unge, der er idømt en sanktion
        Indstilling til ungdomssanktion i ungesamråd
        Barnets plan, ungeplanen ifm. ungdomssanktion
        personrettet tilsyn efter barnets lov § 156, ungdomssanktion";1
"6fa7b59a-7d62-11ee-9c1e-0050c2490048";"34.15.61";"Netværkssamråd";"Emnet dækker bl.a. sager om:


    
        Netværkssamråd for unge i risiko for at begå kriminalitet, behov for indsatser";1
"6fa7b59a-7d62-11ee-9c1f-0050c2490048";"34.15.65";"Tilbud om udslusning til løsladte unge";"Emnet dækker bl.a. sager om:


    
        Tilbud om udslusning til løsladte unge
        Udslusningsordninger
        Barnets plan ifm. tilbud om udslusning til løsladte unge
        Ungeplan ifm. tilbud om udslusning til løsladte unge";1
"6fa7b59a-7d62-11ee-9c20-0050c2490048";"34.20";"Privat døgnpleje";"Gruppen omfatter sager om privat døgnpleje efter barnets lov";1
"6fa7b59a-7d62-11ee-9c21-0050c2490048";"34.20.00";"Privat døgnpleje i almindelighed";"Emnet dækker bl.a. sager om:


    
        Sager om privat døgnpleje, som ikke er dækket af de specifikke emner i gruppe 34.20";1
"6fa7b59a-7d62-11ee-9c22-0050c2490048";"34.20.10";"Privat familiepleje, plejetilladelse";"Emnet dækker bl.a. sager om:


    
        Privat familiepleje, plejetilladelse
        Tilladelse til privat familiepleje
        Foreløbige afgørelser (barnets lov §143)";1
"6fa7b59a-7d62-11ee-9c23-0050c2490048";"34.20.20";"Privat døgnplejehjem, tilladelse m.v.";"Emnet dækker bl.a. sager om:


    
        Tilladelse til drift af privat døgnplejehjem
        Tilsyn med forholdene i hjemmet";1
"6fa7b59a-7d62-11ee-9c24-0050c2490048";"34.25";"Anbringelse";"Gruppen omfatter sager om anbringelser efter barnets lov";1
"6fa7b59a-7d62-11ee-9c25-0050c2490048";"34.25.00";"Anbringelse i almindelighed";"Emnet dækker bl.a. sager om:



    
        anbringelse med samtykke i almene plejefamilier
        anbringelse med samtykke i forstærkede plejefamilier
        anbringelse med samtykke i specialiserede plejefamilier
        anbringelse med samtykke i netværksplejefamilier
        anbringelse med samtykke på egne værelser, kollegier eller kollegielignende børne- og ungehjem
        anbringelse med samtykke på børne- og ungehjem, jf. stk. 3
        anbringelse med samtykke på pladser på efterskoler, frie fagskoler og frie grundskoler med kostafdeling
        omsorg, personlig støtte, socialpædagogisk rådgivning og behandling under døgnophold (barnets lov § 45)
        anbringelse med samtykke, forstærkede plejefamilier (barnets lov § 46, jf. § 43)
        anbringelse med samtykke, specialiserede plejefamilier (barnets lov § 46, jf. § 43)
        anbringelse med samtykke i netværksplejefamilier (barnets lov § 46, jf. § 43)
        anbringelse med samtykke, egne værelser, kollegier eller kollegielignende børne- og ungehjem (barnets lov § 46, jf. § 43)
        anbringelse med samtykke, børne- og ungehjem, jf. stk. 3 (barnets lov § 46, jf. § 43, stk. 1. nr. 6)
        anbringelse med samtykke, pladser på efterskoler, frie fagskoler og frie grundskoler med kostafdeling (barnets lov § 46, jf. § 43)
        anbringelse uden for hjemmet uden samtykke (barnets lov § 47 (barnets lov § 51))
        opretholdelse af en anbringelse (barnets lov § 50)
        fornyet afgørelse, anbringelse uden for hjemmet uden samtykke (barnets lov § 50)
        indstilling til børne- og ungeudvalget om anbringelse uden for hjemmet (barnets lov § 51)
        genbehandling af en anbringelse (barnets lov § 50)
        anmodning fra barnet/unge om anbringelse (barnets lov § 48 og § 68)
        anbringelse uden for hjemmet umiddelbart efter fødslen (barnets lov § 49 (barnets lov § 51))
        valg af konkret anbringelsessted (barnets lov § 52)
        støtteperson under anbringelsen (barnets lov § 53)
        venskabsfamilie til barnet eller den unge (barnets lov § 54)
        anbringelse på delvis lukkede døgninstitutioner og delvis lukkede afdelinger på døgninstitutioner (barnets lov § 61)
        anbringelse på sikrede døgninstitutioner (barnets lov § 62)
        anbringelse på særligt sikrede afdelinger (barnets lov § 63)
        screening med henblik på at få afdækket et eventuelt behov for psykiatrisk udredning (barnets lov § 64)
        permanente anbringelser (barnets lov § 67)
        indstilling om adoption (barnets lov § 70)
        faglig støtte til plejefamilier ved adoption (barnets lov § 74)
        barnets plan ifm. anbringelse (barnets lov § 91)
        en samlet barnets plan for flere børn i familien. I forarbejderne bemærkes, at det kan være hensigtsmæssigt, at strukturen i den fælles barnets plan gør det muligt at adskille oplysninger og mål for det enkelte barn, bl.a. af hensyn til evt. senere aktindsigt
        ændring af anbringelsessted, behandling, uddannelse m.v. under anbringelsen uden for hjemmet (barnets lov § 97)
        børne- og ungeudvalget, afgørelse om ændring af anbringelsessted (barnets lov § 98)
        ophør af indsatser, anbringelse (barnets lov § 99)
        hjemgivelse og hjemgivelsesperiode (barnets lov § 100)
        ankestyrelsens vurdering af afgørelse om hjemgivelse (barnets lov § 101)
        orientering af børne- og ungeudvalget, afgørelser om hjemgivelse (barnets lov § 102)
        afgørelser om samvær og kontakt (barnets lov § 103-§ 106)
        foreløbige afgørelser (barnets lov § 143)
        forældrebetaling og ungebetaling (barnets lov § 187 og § 188)
        ledelsestilsyn på sager, hvor der er truffet afgørelse om anbringelse efter barnets lov §46
        personrettet tilsyn efter barnets lov § 156, anbringelse
        
    
    


Henvisning til relevante facetter:


    
        Sager om ledelsestilsyn tilføjes facet K09
        Sager efter faste regler tilføjes facet G01";1
"6fa7b59a-7d62-11ee-9c26-0050c2490048";"34.30";"Anbringelsessteder";"Gruppen omfatter sager om anbringelsessteder, godkendelse, opfølgning og tilsyn efter barnets lov
        Sager i denne gruppe bør ikke indgå i børnesagerne, da de alene omhandler et retsforhold mellem kommunen og anbringelsesstedet";1
"6fa7b59a-7d62-11ee-9c27-0050c2490048";"34.30.00";"Anbringelsessteder i almindelighed";"Emnet dækker bl.a. sager om:


    
        anbringelsessteder, som ikke er dækket af de specifikke emner i gruppen
        sager om godkendelse af anbringelsessteder, opfølgning og tilsyn, som ikke er dækket af de specifikke emner i gruppe 34.30
        
    
    


Historik:


    
        Plejefamilier godkendelse, kontrakter og tilsyn er nu flyttet til 34.30.15.
        
    
    


Sager i denne gruppe bør ikke indgå i børnesagerne, da de alene omhandler et retsforhold mellem kommunen og anbringelsesstedet.";1
"6fa7b59a-7d62-11ee-9c28-0050c2490048";"34.30.10";"Drift af børne- og ungehjem";"Emnet dækker bl.a. sager om:


    
        driftsaftaler
        oprettelse og drift af børne- og ungehjem
        godkendelse af børne- og ungehjem
        tilsyn med børne- og ungehjem
        socialtilsynets tilsyn og godkendelser
        
    
    


Henvisning til relevante facetter:


    
        Tilsyn tilføjes facet K09
        Godkendelse tilføjes facet P19";1
"6fa7b59a-7d62-11ee-9c29-0050c2490048";"34.30.20";"Netværksplejefamilier, godkendelse mv.";"Emnet dækker bl.a. sager om:


    
        Afgørelse om godkendelse som netværksplejefamilie
        Grundkursuser
        Dækning af omkostninger ved at have barnet eller den unge boende.
        Faglig støtte til netværksplejefamilier
        
    


Henvisning til andre relevante emner:


    
        Afgørelser om anbringelse i netværksplejefamilier, se emnenr. 34.25.00";1
"6fa7b59a-7d62-11ee-9c2a-0050c2490048";"34.30.30";"Egne værelser, kollegier, pladser på efterskoler mv., godkendelser";"Emnet dækker bl.a. sager om:


    
        Godkendelse som konkret egnet; egne værelser, kollegier eller kollegielignende børne- og ungehjem
        Godkendelse som konkret egnet; pladser på efterskoler, en fri fagskole eller en fri grundskole med kostafdeling";1
"6fa7b59a-7d62-11ee-9c2b-0050c2490048";"34.30.40";"Drift af børnehuse";"Emnet dækker bl.a. sager om:


    
        Oprettelse og drift af børnehuse";1
"6fa7b59a-7d62-11ee-9c2c-0050c2490048";"34.40";"Hjælp til barnets forældre";"Gruppen omfatter sager om hjælp til barnets forældre efter barnets lov";1
"6fa7b59a-7d62-11ee-9c2d-0050c2490048";"34.40.00";"Hjælp til barnets forældre i almindelighed";"Emnet dækker bl.a. sager om:


    
        Hjælp til barnets forældre, der ikke er dækket af de specifikke emner i gruppe 34.40 eller ikke entydigt kan placeres under et af emnerne i gruppen";1
"6fa7b59a-7d62-11ee-9c2e-0050c2490048";"34.40.10";"Støtteperson til barnets forældre";"Emnet dækker bl.a. sager om:


    
        Støtteperson til barnets forældre
        Afgørelse om støtte til forældrene i forbindelse med anbringelser
        Støtteperson til forældremyndighedens indehaver i forb. med et barns eller en ungs anbringelse uden for hjemmet
        Afgørelse om støtteperson til forældrene
        Bekæmpelse af ungdomskriminalitet, støtteperson";1
"6fa7b59a-7d62-11ee-9c2f-0050c2490048";"34.40.15";"Forældrehandleplan";"Emnet dækker bl.a. sager om:


    
        Forældrehandleplan
        Begrundelse for, hvorfor der ikke udarbejdes en plan for støtten til forældrene
        Forældrehandleplanen kan ligeledes følge / placeres under den relevante sag
        
    


Henvisning til andre relevante emner:


    
        Helhedsorienteret plan, se emnenr. 34.50.15 Helhedsorienteret plan
        Barnets plan / ungeplanen følger den relevante sag";1
"6fa7b59a-7d62-11ee-9c30-0050c2490048";"34.45";"Støtte til børn/unge med funktionsnedsættelser";"Gruppen omfatter sager om støtte til børn/unge med funktionsnedsættelser efter barnets lov";1
"6fa7b59a-7d62-11ee-9c31-0050c2490048";"34.45.00";"Støtte til børn/unge med funktionsnedsættelser i almindelighed";"Emnet dækker bl.a. sager om:


    
        Rådgivning, undersøgelse og behandling af børn og unge med nedsat fysisk eller psykisk funktionsevne og deres familier
        Rådgivning om valg af hjælpemidler og forbrugsgoder
        Familievejledning, børn- og unge med funktionsnedsættelser
        Forberedelse af overgangen til voksenlivet, børn- og unge med funktionsnedsættelser
        Sager om støtte til børn/unge med funktionsnedsættelser, som ikke er dækket af de specifikke emner i gruppe 34.45
         Personrettet tilsyn efter barnets lov § 156, støtte til børn og unge med funktionsnedsættelser";1
"6fa7b59a-7d62-11ee-9c32-0050c2490048";"34.45.10";"Særlige dag- og klubtilbud";"Emnet dækker bl.a. sager om:


    
        Særlige dag- og klubtilbud
        Aftaler med regionsrådet, med andre kommuner eller med selvejende særlige dagtilbud om oprettelse og drift af et særligt dagtilbud i form af f.eks. vuggestuer, børnehaver, aldersintegrerede institutioner og fritidshjem.";1
"6fa7b59a-7d62-11ee-9c33-0050c2490048";"34.45.20";"Hjemmetræning";"Emnet dækker bl.a. sager om:


    
        hjemmetræning
        godkendelse af hjemmetræning
        personrettet tilsyn efter barnets lov § 156, hjemmetræning";1
"6fa7b59a-7d62-11ee-9c34-0050c2490048";"34.45.30";"Merudgiftsydelse og kompensationsydelse til børn og unge";"Emnet dækker bl.a. sager om:


    
        kompensationsydelse til børn og unge
        kompensationsberettigende udgifter til børn og unge
        merudgiftsydelse efter hidtidige gældende regler (til 1. juli 2025) til børn og unge
        
    


Bemærkninger:


    
        Ifølge lovforslaget kan der efter 1. juli 2025 kun træffes afgørelse efter reglerne om kompensationsydelse, mens eksisterende sager efter hidtidige regler fortsat kan gælde frem til 1. juli 2027.";1
"6fa7b59a-7d62-11ee-9c35-0050c2490048";"34.45.35";"Hjælp til dækning af tabt arbejdsfortjeneste";"Emnet dækker bl.a. sager om:


    
        Hjælp til dækning af tabt arbejdsfortjeneste til personer, der i hjemmet forsørger et barn eller en ung under 18 år med betydelig og varigt nedsat fysisk eller psykisk funktionsevne eller indgribende kronisk eller langvarig lidelse
        Særlig supplerende ydelse til personer, der modtager hjælp efter § 87, i tilfælde af ledighed";1
"6fa7b59a-7d62-11ee-9c36-0050c2490048";"34.45.40";"Ledsagelse til børn og unge";"Emnet dækker bl.a. sager om:


    
        Ledsagelse til børn og unge
        Godkendelse og ansættelse af den udpegede person";1
"6fa7b59a-7d62-11ee-9c37-0050c2490048";"34.50";"Ungestøtte og overgang til voksenlivet";"Gruppen omfatter sager om ungestøtte og overgang til voksenlivet efter barnets lov";1
"6fa7b59a-7d62-11ee-9c38-0050c2490048";"34.50.00";"Ungestøtte og overgang til voksenlivet i almindelighed";"Emnet dækker bl.a. sager om:


    
        Sager om ungestøtte og overgang til voksenlivet, som ikke er dækket af de specifikke emner i gruppe 34.50";1
"6fa7b59a-7d62-11ee-9c39-0050c2490048";"34.50.15";"Helhedsorienteret plan";"Emnet dækker bl.a. sager om:


    
        Udarbejdelse af helhedsorienteret plan
        Udlevering af relevante dele af den helhedsorienterede plan til tilbuddet
        Den helhedsorienterede plan kan ligeledes følge / placeres under den relevante sag";1
"6fa7b59a-7d62-11ee-9c3a-0050c2490048";"34.50.20";"Ungestøtte til unge fra 18 til 22 år";"Emnet dækker bl.a. sager om:


    
        ungestøtte til unge fra 18 til 22 år
        tilbud om indsatser efter §§ 114-116 til unge i alderen fra 18 til 22 år
        egenbetaling for døgnophold og udslusningsophold
        personrettet tilsyn efter barnets lov § 156, ungestøtte";1
"6fbba8b9-aa94-46a9-80ba-33445db6cc8c";"02.01.06";"Beregning af bebyggelsens omfang";"Ingen beskrivelse";1
"6fc9d97b-cfa1-4693-ad23-b0cbd027779c";"03.12.09";"Betaling for varme og vand mv.";"Emnet dækker bl.a. sager om:


    
        betaling for varme og vand mv.
        forbrugsregnskab
        konkrete afgørelser tilføjes facet G01.";1
"70174252-5ad1-4d57-8dfb-a6300cf5c6bf";"07.00.00";"Affald og genanvendelse i almindelighed";"Emnet dækker bl.a.:


    
        Generelle sager om affald og genanvendelse
        Sager om registrering af virksomheder og anlæg, der modtager affald til forbrænding eller deponering (tilføjes facet P07)
        Sager om affald og genanvendelse som dækker to eller flere grupper i hovedgruppe 07, eller ikke entydigt kan placeres under et af emnerne i hovedgruppe 07";1
"702ab663-b516-4773-95d1-fb65c1115537";"02.02.02";"Bebyggelsesregulerende afstande";"Ingen beskrivelse";1
"70355b26-6028-4e42-9eb1-1a93aa9890b1";"32.03.04";"Folkepension";"Udbetaling Danmark myndighedsopgave pr. 1. marts 2013.

Her journaliseres sager om folkepension efter pensionsloven, fx sager om:


    
        Supplerende pensionsydelse (ældrecheck) (Flyttet fra emnenr. 32.03.12 pr. 1. maj 2012)
        Afgørelse om størrelsen af den personlige tillægsprocent - tilføjes facet G01
        Afgørelse om størrelsen af den likvide formue - tilføjes facet G01
        
    


Sager om opsat pension efter paragraf § 15a-f, journaliseres under emnenr. 32.02.08";1
"70365f45-8675-4cfe-89f6-cfc6b71d55e2";"08.03.40";"Skader, havne";"Ingen beskrivelse";1
"7057675c-6a7c-4db5-b251-6cef33a6e4ec";"03";"Boliger";"Hovedgruppe 03 omfatter bl.a. sager, der administreres/behandles i henhold til følgende lovgivning:


    
        LBK om aktie- og anpartsselskaber (Selskabsloven)
        LBK om almene boliger (Almenboligloven)
        LBK om andelsboligforeninger og andre boligfællesskaber (Andelsboligloven)
        LBK om boligbyggeri (Boligbyggeriloven)
        LBK om boliger for ældre og personer med handicap (Ældreboligloven)
        LBK om friplejeboliger (Friplejeboligloven)
        LBK om individuel boligstøtte (Boligstøtteloven)
        LBK om integration af udlændinge i Danmark (Integrationsloven)
        LBK om leje (Lejeloven)
        LBK om leje af almene boliger (Almenlejeloven)
        LBK om planlægning (Planloven)
        Lov om boligforhold
        Lov om lokalplejehjem
        Lov om midlertidig opholdstilladelse til personer, der er fordrevet fra Ukraine
        Lov om støttede private ungdomsboliger (Ungdomsboligloven)
        BEK om administration af ældreboliger
        BEK om boligplacering af flygtninge
        BEK om bygningsdrift
        BEK om drift og afhændelse af friplejeboliger
        BEK om eftersyn af byggerier og renoveringer under Byggeskadefonden
        BEK om etablering af friplejeboliger
        BEK om fysisk forandring af hårde ghettoområder
        BEK om mærkning af demensegnede plejeboliger
        BEK om sideaktiviteter i almene boligorganisationer m.v.
        BEK om støtte til almene boliger m.v.
        BEK om støttede private ungdomsboliger
        BEK om udlejning af almene boliger m.v.
        BEK om drift og tilsyn med ungdomsboliger, der er opført med statsstøtte (lejefastsættelse, regnskaber, revision og tilsyn)
        BEK om omdannelse af selvejende institutioner til almene boligorganisationer m.v.
        BEK om støtte m.v. til startboliger for unge
        BEK om tilskud til fremme af udviklingen af almene boliger til særligt udsatte grupper (skæve boliger)";1
"7061f84a-9f54-4929-a4d9-118dccaff656";"28.03.00";"Drift af dag-, fritids- og klubtilbud i almindelighed";"Emnet dækker sager om drift af dag-, fritids- og klubtilbud, der med lige god ret kan placeret under to eller flere emner i gruppen, eller ikke entydigt kan placeres under et af emnerne i gruppen.";1
"7067c55d-f67f-40b5-bd00-4d5f8c30a632";"03.10.10";"Dækning af flytteudgifter, almene boliger";"Nummeret er bl.a. til sager efter almenboliglovens 63 c, hvor kommunalbestyrelsen kan tilbyde at yde tilskud til hel eller delvis dækning af flytteudgifter til lejere, som fraflytter en almen boligafdeling.";1
"706cba4d-2055-4925-acdf-55217fd10948";"08.13.05";"Brobetjening";"Ingen beskrivelse";1
"7087873c-73f1-4252-b8a9-375207d5ed83";"87.09.00";"Arbejdsmiljø - stoffer og materialer i almindelighed";"Emnet dækker bl.a. sager om:


    
        arbejdsforhold, der efter arbejdsmiljøloven skal være sikkerheds- og sundhedsmæssigt fuldt forsvarlige, her specifikt i forhold til stoffer og materialer";1
"709d87b8-3200-48fe-9613-80a752d44462";"17.05.30";"Bedømmelse";"Emnet er til sager omkring bedømmelse.";1
"70b24bd2-62ea-49f0-9258-9f882a26930c";"04.01.09";"Renovering af parker og anlæg";"Ingen beskrivelse";1
"70b73cad-5b69-4829-8ba7-9c64db51e746";"01.13.00";"Drift af landbrugsjorder i almindelighed";"Ingen beskrivelse";1
"70d03ada-badc-49be-bddf-a78a8cc2d8e5";"09.02";"Godkendelsespligtige listevirksomheder";"Gruppen er bl.a. til sager om miljøgodkendelse af forurenende virksomheder, anlæg eller indretninger, der er optaget på listen af godkendelsespligtige listevirksomheder i bilag 1 og 2 til godkendelsesbekendtgørelsen.
        
    


Sager om eksterne beredskabsplaner for kolonne 3-virksomheder placeres under emnenr. 14.00.22.";1
"70e4e27c-c7f9-42b7-8cb2-dfa95aa6d7d2";"00.24";"Kommunale sammenslutninger, foreninger mv.";"Ingen beskrivelse";1
"71046865-6575-4c74-a00c-ac34d0a0ce50";"54.30";"Institutionernes ledelse, gymnasier";"Ingen beskrivelse";1
"7113951b-1693-411e-8804-a0938c221c10";"32.21.24";"Hjælp til flytning";"Kommunen kan yde hjælp til flytning, som forbedrer ansøgerens bolig- eller erhvervsforhold.
        Hjælp til flytning til udlandet kan kun ydes, såfremt den pågældende er statsborger i eller har særlig tilknytning til det pågældende land eller er sikret varige arbejdsmuligheder i landet.";1
"7114ff54-6576-49e0-9f0c-7347fe1584fa";"04.31.10";"Nyanlæg af kirkegårde";"Ingen beskrivelse";1
"712c82a7-d1a4-4159-932f-d0049703309d";"81.15.06";"Dispensation fra uddannelseskrav";"Ingen beskrivelse";1
"71402ab3-0e23-4c27-87c9-d7086896712d";"05.13.15";"Særtransport (blokvogne, vogntog, mobilkraner mv.)";"Emnet dækker sager vedr. vej- eller brobestyrelsens (kommunens) forhandlinger med politiet i forbindelse med transporttilladelse på veje og broer til særtransport.
        Sagerne vil typisk tilføjes facet G01, idet kommunens opgave er at sige ja eller nej til den konkrete ansøgning ud fra de konkrete omstændigheder i hvert enkelt tilfælde.";1
"7145e877-f0a5-4d6b-9935-b04c24793983";"27.03";"Tilbud efter serviceloven";"Gruppen dækker bl.a. sager om:


    
        Drift af kommunens egne tilbud efter serviceloven.
        Forsyningsansvar for tilbud efter serviceloven, herunder rammeaftaler og årlige redegørelser (tidligere gruppe 27.06)
        Udviklingsplaner for botilbud";1
"7152151a-00dc-4173-8d17-7f1cd206e5b7";"07.04.20";"Genbrugsstationer, aktiviteter";"Her journaliseres sager om aktiviteter vedr. genbrugsstationer, kvartermiljøstationer mv., fx sager om:


    
        kampagner
        byttecenter
        affaldsstatistik
        kompostering
        
    


Sager om:


    
        areal og bygninger journaliseres under relevant emne i hovedgruppe 82, da det er en del af kommunens ressourcer
        åbningstider journaliseres under emnenr. 00.14.00
        affaldsplanlægning journaliseres under emnenr. 07.00.01
        køb af areal til genbrugsstation journaliseres under emnenr. 82.01.00";1
"715d8a1a-77f5-4767-9337-5225083dbeac";"54.18.16";"Befordring - ungdomsuddannelse";"Emnet dækker bl.a. sager om:


    
        Afholdelse af befordringsudgifter til transport af unge i den særligt tilrettelagte ungdomsuddannelse.
        Afgørelser om befordringsbehovet
        Befordring af midlertidigt syge til ungdomsuddannelser";1
"716c8bb4-49d1-4f94-8840-8971a67ad18e";"87.07.00";"Arbejdsstedets indretning i almindelighed";"Emnet dækker bl.a. sager om:


    
        arbejdsforhold, der efter arbejdsmiljøloven skal være sikkerheds- og sundhedsmæssigt fuldt forsvarlige, her specifikt i forhold til arbejdsstedets indretning";1
"716d734a-ac47-45ee-b410-d77d530a4843";"03.11.04";"Årsberetning for almene boliger";"Emnet dækker bl.a. kommunalbestyrelsens opgaver ifm. almene boligorganisationers årsberetninger.";1
"71ea6225-f960-11ed-8065-0050c2490048";"27.36.14";"Bostøtte efter servicelovens § 85 a";"Emnet dækker bl.a. sager om:


    
        bostøtte efter servicelovens § 85 a
        hjælp, omsorg eller støtte til udvikling af færdigheder efter de specialiserede støttemetoder fra Housing First-tilgangen
        borgers ret til at vælge, at bostøtten skal leveres af en bestemt medarbejder i dag- eller døgntilbud
        leverandøraftale med det tilbud, som leverer den tidsbegrænsede hjælp, omsorg eller støtte
        tidsbegrænset CTI-bostøtte
        
    


Henvisning til andre relevante emner:


    
        Handleplaner for voksne, se 27.12.12";1
"720fb291-5085-4d60-9f45-cd994f1d4a9b";"27.36.12";"Socialpædagogisk bistand (hjælp, omsorg eller støtte samt genoptræning)";"Emnet dækker bl.a. sager om:


    
        Tildeling af støtte efter § 85
        Socialpædagogisk bistand
        Specialiserede bostøttemetoder
        Socialtilsynets tilsyn, når tilbuddet leveres i botilbudslignende tilbud";1
"7221c146-99e4-404b-88e9-3bf8b531fea3";"83.29";"Materialer til skadedyrsbekæmpelse";"Ingen beskrivelse";1
"72240f73-301e-4536-8b38-94e7a9acabce";"30.10.37";"Levnedsmidler";"Ingen beskrivelse";1
"722ba96d-6480-4e4d-87e2-0a06d8e4475f";"17.00.10";"Voksnes deltagelse i folkeskolens undervisning";"Emnet dækker sager om folkeskolens tilbud om voksnes deltagelse i folkeskolens undervisning på 8. og 9. klassetrin.
        Beslutning om tilbuddet journaliseres på emnenr. 17.01.10.";1
"723266d3-b775-11e9-9903-0050c2490048";"32.66";"International pension";"Ingen beskrivelse";1
"7268895d-94db-482d-a048-dde7b473d2a3";"83.31";"Pumper og pumpeanlæg";"Ingen beskrivelse";1
"7276c10b-6fda-40c9-9965-f6726b0a49a5";"09.17.08";"Drift og vedligeholdelse af opbevaringsanlæg for husdyrgødning mv.";"Emnet er til sager om drift og vedligehold af opbevaringsanlæg for husdyrgødning, ensilagesaft og spildevand.";1
"7282af97-21d2-4087-bdf3-37bd08efd4e5";"07.00.10";"Affaldsgebyrer";"Emnet dækker sager om affaldsgebyrer, bl.a.


    
        Fastsættelse af gebyrer (tilføjes S29)
        Anmodning om fritagelse for virksomheder (tilføjes G01)";1
"7289ddb2-c5b7-49ea-82af-a6fcdb16fcf5";"27.57.08";"Længerevarende botilbud efter servicelovens § 108";"Emnet dækker bl.a. sager om:


    
        visitation til længerevarende botilbud
        kvalitetsstandard for botilbud
        særlige sikkerhedsforanstaltninger
        dækning af udgifter til flytning, SEL § 108a
        betaling for ophold i boformer efter SEL § 108, jf. SEL § 163 stk. 2-3
        vejledende takst for et kommunalt tilbud, Konkurrence- og Forbrugerstyrelsen
        
    


Henvisning til relevante facetter:


    
        Visitation / afgørelse tilføjes facet G01
        Kvalitetsstandard for botilbud tilføjes facet P23
        
    


Henvisning til andre relevante grupper:


    
        Se gruppe 27.03 vedr. opbygning, struktur og tilrettelæggelse og fastsættelse af egenbetaling
        
    


Emnet dækker desuden:


    
        Socialtilsynets godkendelser og tilsyn
        Ansøgning til socialtilsynet om godkendelse";1
"729bfea2-2242-4472-8414-8aba9aba0b75";"13.02.01";"Vandindvinding og vandindvindingsanlæg";"Emnet dækker bl.a. sager om:


    
        Tilladelse til vandindvinding
        Tilsyn med fx vandforsyningsanlæg, indvundne vandmængder og kvaliteten af vandet i vandforsyningssystemer
        Godkendelse af boresteder osv.
        
    


Sager hvor kommunen orienteres om ministerens behandling af sager omhandlende anden indvinding af vand journaliseres under emnenr. 13.02.17

Fastsættelse af gebyrer i forbindelse med vandindvindingstilladelser journaliseres med facet S29";1
"729fb4fd-1e98-11eb-b244-0050c2490048";"27.39.32";"Godkendelse mv. af foreninger og private virksomheder med arbejdsgiverfunktioner";"Emnet dækker bl.a. sager om:


    
        Socialtilsynets godkendelse af og driftsorienteret tilsyn med foreninger og private virksomheder, der varetager arbejdsgiverfunktioner i ordninger efter §§ 95 og 96 i lov om social service
        
    


Henvisning til relevante facetter:


    
        Konkrete tilsyn tilføjes K09
        Godkendelser tilføjes P19";1
"72f27bb6-e606-4914-8efb-b1c53bb80ad5";"83.36.00";"Elevatorer i almindelighed";"Ingen beskrivelse";1
"734de478-40bf-48cf-aab9-a439637f9c42";"09.20.05";"Levnedsmiddelbranchen";"Ingen beskrivelse";1
"73583780-a07a-451b-b2a1-c5ecf845837f";"27.09.04";"Private botilbud mv, driftsaftaler / godkendelser";"Emnet dækker bl.a. sager om:


    
        Godkendelse af private botilbud mv.
        Kommunens driftsaftale med private botilbud
        
    


Henvisning til relevante facetter:


    
        Tilsyn tilføjes facet K09
        Godkendelser tilføjes facet P19
        
    


Henvisning til andre relevante emner:


    
        De konkrete tilbud, botilbud mv. til borgere, herunder visitationen hertil, journaliseres bl.a. i grupperne 27.51, 27.54 og 27.57.";1
"7379508d-40fb-48eb-b2df-3a0c33e436ab";"81.13.02";"Time- / dagpenge";"Ingen beskrivelse";1
"7394fb37-6193-4bd6-8e6f-bc41ef6f1e00";"19.02.00";"Arkiver i almindelighed";"Emnet dækker bl.a. sager om:


    
        Oprettelse af § 7 arkiv
        Vedtægter for § 7 arkiv - tilføjes facet P24
        Varetagelse af arkivmæssige hensyn";1
"73a6120e-4dfe-4371-bbb2-b6d4e7118d41";"17.04.13";"Udeskole / naturklasse";"Emnet dækker bl.a. sager om:


    
        udeskole og naturklasse, hvor skoleklasser flytter undervisningen ud i naturen
        planlægning af udeundervisningsforløb mv.";1
"73dbe0f8-9337-4853-b49e-72d96567fe77";"20.05.10";"Udøvelse af programvirksomhed";"Ingen beskrivelse";1
"73eb518e-91c3-4dd4-95ab-8431ed65f008";"32.42.16";"Udbetaling af visse kontantydelser til sikrede";"Tilskuddet udbetales til gruppe 1- og gruppe 2-sikrede.";1
"74224ef3-d1a5-4e2f-8b69-5d6eb41b6e87";"83.11";"Køretøjer, materiel mv.";"Ingen beskrivelse";1
"7430390f-77ef-4a0e-9b3a-221c44b2e7ff";"24.01";"Landbrugsforhold";"Ingen beskrivelse";1
"743c307c-3af5-4e76-893b-46642746e8ac";"81.01.04";"Klassificering af stillinger";"Emnet hænger tæt sammen med normeringsplanen, idet der under dette journalnummer placeres sager, der angiver, hvor mange af de normerede stillinger, der er klassificeret på de enkelte skalatrin/løntrin. 
        Der vil primært opstå sager under dette emne i forbindelse med stillingsledighed, hvor det kan besluttes at ned- eller opklassificere en ubesat stilling. Som eksempler er set nedklassificeringer fra tidligere forvaltningschefniveau til afdelingsledere eller opklassificeringer i forbindelse med et ledigt job, der kan være svært at få besat, eksempelvis skatterevisorer.";1
"743e6233-c66c-44cb-a51f-6693127df33d";"81.15";"Løn";"Gruppen dækker bl.a. sager om:


    
        løn
        forhåndsaftaler i forbindelse med ny løn
        sager der administreres efter lbk. om lige løn til mænd og kvinder";1
"744887db-8bf5-11e7-ae59-0050c2490048";"85.10.12";"Fortegnelser over behandlingsaktiviteter";"Emnet dækker bl.a. sager efter:


    
        Artikel 30 i databeskyttelsesforordningen om fortegnelser over behandlingsaktiviteter.";1
"744ab173-f65a-40cf-a3e0-d716a4dbfc35";"29.00.08";"Medicindepoter";"Ingen beskrivelse";1
"7482ede6-234e-47a5-a433-43c07a3fd479";"04.14.15";"Udlejningstilladelse efter campingreglementet";"Emnet dækker bl.a. sager om:


    
        udlejningstilladelser efter campingreglementet
        vintercampering og vinteropbevaring mv.";1
"74985e5f-1e42-4a9c-b24f-dd2b91a5a28d";"01.02.17";"Uformelle planer (bydelsplaner, masterplaner, mobilitetsplaner mv.)";"Nummeret er til sager om uformelle planer, der falder udenfor planlovens krav. Typisk kaldet bydelsplaner, dialogplaner, masterplaner, strukturplaner, mobilitetsplaner mv. Fælles for denne type planer er, at de er uformelle planer, som først senere får mere formel karakter, når de implementeres i kommuneplanen eller i lokalplaner.
        Sager om bydelsplanlægning journaliseres også her. Sager om bydelsplanlægning kan f.eks. opdeles via facetterne i forhold til de enkelte faser i kommuneplan- og lokalplanprocessen. Nedsættelse af lokaludvalg journaliseres ligeledes her med facet A30.
        Sager om formelle bydelsplaner i form af område- og temaplaner efter planloven journaliseres under emnenr. 01.02.03.";1
"74b6ca03-37ba-4ebf-a7d2-ce7dfe0e0654";"85.10.01";"Behandling og videregivelse af oplysninger - databeskyttelse";"Emnet dækker sager om:


    
        Behandlingsregler ved fx videregivelse af oplysninger, jf. Artikel 6, stk. 1, litra e
        Samkøring og videregivelse af oplysninger
        Videregivelse til statistiske eller videnskabelige undersøgelser
        
    


Henvisning til relevante facetter:


    
        Videregivelsesaftaler omkring data - når der er tale om videregivelse i stedet for en egentlig databehandlingsaftale - tilføjes facet P27";1
"74b74cf1-8d02-4cc5-97ba-29b4cabc5e1d";"84.03.08";"Opgørelse af afstemningen";"Ingen beskrivelse";1
"751a2575-6177-4747-a3e1-aa4353fa60c7";"27.45";"Boligtilbud for ældre og personer med handicap";"Ved ældreboliger forstås i denne sammenhæng almene boliger, der udlejes til ældre og personer med handicap, der har særligt behov for sådanne boliger. I modsætning til plejeboliger er der ikke tilknyttet personale til boligerne.";1
"757e7a10-f69c-47d0-88e6-81a10d4d9da2";"14.01.02";"Brandslukning";"Sager om brandslukning kan evt. opdeles årgangsvis.";1
"76036034-0104-41ab-b8da-8615a2b6797e";"17.11.16";"Kommunale tilskud til frie grundskoler";"Emnet dækker bl.a. sager om:


    
        Tilskud til nedbringelse af skolepenge
        Tilskud til driften af skolefritidsordninger
        Tilskud til specialundervisning
        Tilskud til sprogstimulering
        Tilskud til anlægsudgifter
        Tilskud til drift af skoletilbud på en småø
        Tilskud til uledsagede flygtningebørns skolegang
        Aftale om tilskud til klubtilbud (efter friskolelovens § 36 b, stk. 4)";1
"76127047-3441-4316-9eb8-37c5633de9f0";"81.27.00";"Ferier og fridage, personale i almindelighed";"Ingen beskrivelse";1
"762592c3-f368-40a9-a28d-74dff387ff69";"14.18";"Brand- og redningsskolevirksomhed";"Ingen beskrivelse";1
"764b1410-acd4-4621-8d14-5882a311c0d3";"13.07.05";"Udleje af erhvervsejendomme og erhvervslejemål";"Emnet dækker sager om udlejning af kommunens erhvervslejemål efter kommunalfuldmagten.";1
"7670b152-b33d-4c91-b4cb-bb1d212f2c87";"04.30.10";"Kommunale begravelsespladser";"Emnet er til sager om anlæg af kommunale begravelsespladser.
        
    


Sager om anlæg, herunder nyanlæg, kan inddeles i en række faser, der adskilles sagsmæssigt. Følgende facetter kan anvendes ifm. anlægsprojekter:


    
        Anlægsplan P16
        Anlægsprojekter P20
        Anlægsbevilling 00.30.08 med P19
        Aflevering af byggeregnskab 00.32.04 med G01
        Godkendelse af anlægsregnskab 00.32.04 med P19
        Byggemøder P35";1
"767544c2-c692-43db-8505-2312c07dc813";"01.05.08";"Beskyttede naturtyper mv.";"Emnet dækker bl.a. sager om:


    
        Beskyttede naturtyper, søer, vandløb, moser, enge, strandenge, heder og overdrev
        Dispensation fra forbuddet mod ændring af tilstanden af beskyttede naturtyper";1
"769b0597-c0be-466f-a938-1013f3b0f5a4";"14.12.16";"Brandsyn";"Emnet bruges til sager om tilsyn med brandsikkerheden hos brandfarlige virksomheder i kommunen samt i lokaler og bygninger, hvor mange mennesker samles, fx hoteller og forsamlingshuse.
        
    


Henvisning til relevante facetter:


    
        Udførte brandsyn tilføjes facet G01.
        Evt. påbud/forbud tilføjes facet K08.
        
    


Henvisning til andre relevante emner:


    
        Brandsyn og udstedelse af påbud efter byggeloven § 16 c, se emnenr 02.34.18 (fx hvor kommunalbestyrelsen har delegeret beføjelsen til beredskabskommissionen)";1
"76c12dac-ad89-4753-b386-e4ee9912af6f";"07.18.08";"Haveaffald, indsamlingsordning";"Her journaliseres sager om indsamlingsordninger for haveaffald.
        Sager om regulativer journaliseres under emnenr. 07.00.03";1
"76d9e5a2-b45c-4e4a-863e-c8502cbab53d";"00.30.04";"Budgetforudsætninger";"Emnet dækker bl.a. sager om:


    
        Budgetforudsætninger, fx investeringsoversigt/planer eller pris og lønudviklingsprocent
        Budgetanalyser (tilføjes facet P05)
        Befolkningsprognoser for hele kommunen (med facet P10), da de ofte indgår i sammenhæng med budgetlægning og budgetforudsætninger";1
"76e6aef6-1f6f-49f5-bbdb-c14b7a78466f";"83.30.01";"Køkkenudstyr";"Ingen beskrivelse";1
"76f5923f-752e-4948-801a-ff5fb0e60dbc";"03.14.02";"Byggeriets påbegyndelse og afslutning - private ungdomsboliger";"Emnet er bl.a. til sager om kommunens godkendelse af at projektet, som der søges tilskud til, vil kunne godkendes i henhold til byggelovgivningen og planlovgivningen.
        Emnet er ligeledes til sager om kommunens tilsyn med byggeriet indtil byggeriets ibrugtagning.";1
"770be4ef-6e33-11e4-99e1-0050c2490048";"01.02.27";"Servitutter";"Emnet dækker bl.a. sager om:


    
        Samtykke fra kommunalbestyrelsen til stiftelse af servitutter om forhold, der kan optages bestemmelser om i en lokalplan
        Konkret sager om samtykke tilføjes facet G01
        Overholdelse af servitutbestemmelser, fx ved påbud eller forbud
        Konkrete sager om forbud eller påbud tilføjes facet K08";1
"7713339d-2a01-4a54-a21c-6dc45cceedd8";"30.10.05";"Politi";"Ingen beskrivelse";1
"773b7be3-af4e-47ac-8f7b-20898ebb4bb2";"85.08.25";"Sletning af personoplysninger / opbevaringsbegrænsning";"Emnet dækker bl.a. sager om:


    
        sletning af personoplysninger jf. databeskyttelsesforordningens bestemmelser
        den konkrete udførelse af opgaven
        sletning af elektroniske arkivalier i driftsversionen efter arkivering
        slettelister fra Udbetaling Danmark
        slettepolitikker og sletteprocedurer
        
    


Henvisning til andre relevante emner:


    
        Fortegnelser over behandlingsaktiviteter, se emnenr. 85.10.12
        Fastlæggelse af slettefrister i fortegnelser, se emnenr. 85.10.12";1
"775e9ff6-b404-4cbf-9a64-dac646c2bdc4";"05.14";"Råden over vejareal";"Gruppen dækker bl.a. sager om:


    
        placering af genstande på vejareal, med vejmyndighedens tilladelse
        råden over vejareal
        
    


Vejledning til brug:


    
        I gruppe 05.14 er specificeret en række emner med genstande på vejareal. Hvis det specifikke emne ikke findes anvendes 05.14.00
        
    


Henvisning til andre relevante grupper:


    
        Bemærk at emner vedr. råden over vejareal, også findes andre steder i hovedgruppe 05, fx 05.12.00 Opgravning, ledningsarbejder.
        
    


Henvisning til relevante facetter:


    
        Konkrete tilladelser / rådighedstilladelser tilføjes G01";1
"776ae33e-fc87-45d6-9916-322e033cdfb2";"22.01.10";"Bevillingsnævn, opbygning af";"Kommunalbestyrelsen kan nedsætte et bevillingsnævn til at træffe afgørelser, der er henlagt til kommunalbestyrelsen.
        Her journaliseres sager om bevillingsnævnets opbygning og organisering. De konkrete sager journaliseres under relevant emne.
        Sager om nedsættelse af bevillingsnævn og udpegelser af medlemmer journaliseres her med facet A30.
        De konkrete sager om alkoholbevillinger journaliseres under emnenr. 22.01.01 med facet G01.";1
"776ef5b6-3e74-4594-996f-c17222d0129c";"09.10";"Luftforurening";"I gruppe 09.10 journaliseres bl.a. sager om miljøzoner. Desuden dækker gruppen også sager hvortil kommunen ikke har lovhjemmel i henhold til andre grupper, fx 09.02, 09.18, 09.20.";1
"77840ba9-b158-48e5-850c-b91c8e7b40df";"06.02.20";"Sejlads, ikke fredningsmæssig";"Emnet er til sager omkring sejlads.";1
"7787c23e-1341-4e25-b6a1-ff5255861207";"03.10.00";"Drift af og tilsyn med almene boliger (ikke-økonomisk) i almindelighed";"Emnet er bl.a. til sager, hvor kommunalbestyrelsen som tilsynsmyndighed påser, at bygningsejeren overholder reglerne i bekendtgørelse om bygningsdrift.";1
"77a6a564-eb6e-4cd4-a4b7-7c3e30d4100b";"27.69.52";"Praksis, statistik, analyse, information m.v. efter retssikkerhedsloven";"Nummeret dækker bl.a. sager efter §§ 76-79b og §§ 82-84b i retssikkerhedsloven. Fx


    
        Tilvejebringe og indsende statistiske oplysninger, som socialministeren beder om. Konkrete sager kan tilføjes facet G01
        Indberette ventetider for behandlingsgaranti til Stofmisbrugsdatabasen SMDB
        Sager om Ankestyrelsens praksisundersøgelser, jf. § 79 a
        Kommunalbestyrelsens drøftelse af omgørelsesprocenter på socialområdet
        Oplysninger om beslutninger og forventninger vedrørende udviklingen på det sociale område, herunder de mål, som kommunen har sat for udviklingen
        Handlingsplan til styrkelse af den juridiske kvalitet i kommunens sagsbehandling";1
"77caa85c-bb2d-4e1b-a5b9-7165a1fa70a2";"23.01.02";"Vielse";"Emnet dækker bl.a. sager om:


    
        borgerlig vielse / ægteskab
        prøvelse af ægteskabsbetingelserne
        
    
    


For opbevarings- og afleveringsbestemmelser af dokumenter ifm vielse kan henvises til ægteskabsvejledningen, afsnit 4.3.";1
"77cb48bd-f02e-4b9f-adb7-a020bfb1b432";"05.05.05";"Nyanlæg, pladser, torve og holdepladser";"Sager om anlæg, herunder nyanlæg, kan inddeles i en række faser, der adskilles sagsmæssigt. Følgende facetter kan anvendes ifm. anlægsprojekter:


    
        Anlægsplan P16
        Anlægsprojekter P20
        Anlægsbevilling 00.30.08 med P19
        Aflevering af byggeregnskab 00.32.04 med G01
        Godkendelse af anlægsregnskab 00.32.04 med P19
        Byggemøder P35";1
"77cbc866-8ded-4cc7-931a-1b90f78513e9";"54.20.00";"Optagelse på gymnasier i almindelighed";"Ingen beskrivelse";1
"77d00377-42e5-4142-a91d-df4a24765f20";"83.06.02";"Fodtøj";"Ingen beskrivelse";1
"77efd176-f059-11ef-8ba9-0050c2490048";"03.09.58";"Udlejers adgang til det lejede, lejeforhold mv. i private boliger";"Emnet dækker bl.a. sager om:


    
        udlejers adgang til det lejede efter lejeloven
        
    


Henvisning til relevante facetter:


    
        Konkrete sager om tvister tilføjes G01
        
    


Historik:


    
        Emnet har tidligere ligget under emnenr. 03.09.03.";1
"780f2127-8cfd-11e5-ba34-0050c2490048";"03.22.05";"Etablering af friplejeboliger";"Emnet dækker sager om etablering af friplejeboliger. Fx:


    
        Kommunens godkendelse af anskaffelsessum med henblik på ydelsesstøtte til etablering af friplejeboliger efter kvote A
        Omdannelse til friplejebolig (kvote B)
        Tilsyn med etablering af friplejeboliger. Tilføjes facet K09
        Emnet har tidligere været dækket af KLE 03.22.00";1
"781da5ad-45fd-4cfd-84bd-cc458edf8ad2";"85.08";"Arkivering";"Ingen beskrivelse";1
"78296f93-c026-4922-b6e9-7f0dd29bf867";"07.17";"Affald fra virksomheder, offentlige og private institutioner";"Ingen beskrivelse";1
"78501c89-58b3-4544-88b8-86b18023b94f";"22.00";"Regulering af private erhverv";"Ingen beskrivelse";1
"786ef814-8a26-11ea-b21c-0050c2490048";"29.08";"Foranstaltninger mod smitsomme sygdomme";"Gruppen dækker bl.a. sager om foranstaltninger mod COVID-19 og øvrige opgaver, der er hjemlet i epidemiloven, samt COVID-19 relaterede opgaver i sundhedsloven.

I KLE placeres sager relateret til COVID-19 som hovedregel ud fra det lovophæng/ hjemmel opgaven har. Det betyder fx at sager om besøgsrestriktioner på plejehjem placeres under emnenr. 29.08.12 fremfor emnenr. 27.42.40.

Hvis kommunen ønsker at bruge COVID-19 som en fælles søgeterm på tværs af sager tilføjes denne i sagstitlen. En anden variant er at oprette referencer ml en generel COVID-19 projektsag, fx. emnenr. 29.08.06, og referere de enkelte sager på andre KLE emner til denne. Det giver en dobbelt søgeindgang.

KLE redaktionen har tilføjet en række kontrollerede COVID-19 stikord og retskilder til 20+ emner i KLE. Det vil således også være muligt at identificere COVID-19 relaterede sager ad denne vej.

Der vil være COVID-19 relaterede sager, hvor det giver bedst mening, at placere sagen i sin emnemæssige kontekst. Fx en overordnet sag om begrænsning af rettigheder på sundheds- og ældreområdet, hvor fravigelse af frister for bl.a. forebyggende hjemmebesøg indgår. Den generelle sag placeres i denne gruppe 29.08, mens en konkret tilrettelæggelse af forebyggende hjemmebesøg, som følge af ændrede frister, journaliseres under emnenr. 27.35.04.

KLE redaktionen modtager gerne forslag til stikord /emner angående COVID-19. Se KLE-online.dk for kontaktoplysninger.";1
"78d85df3-edde-4285-8a9d-d359f19ab1d9";"25.02.01";"Grundskyld";"Emnet dækker bl.a. sager om:


    
        fastsættelse af sats for grundskyld i forbindelse med den endelige vedtagelse af kommunens årsbudget
        grundskyldpromille
        eftergivelse af ubetalt eller tilbagebetaling af betalt grundskyld for den del af skatteårene 2021-2023
        berosætning af opkrævning som følge af en efterregulering af grundskyld
        
    


Henvisning til andre relevante emner:


    
        Til sager om vedtagelsen af kommunens årsbudget anvendes KLE 00.30.10.
        
    


Henvisning til relevante facetter:


    
        Sager om fastsættelse af grundskyld tilføjes facet S29
        Sager om tilbagebetaling af ejendomsskat fra kommunen tilføjes facet Ø32";1
"78de5c59-1398-4f44-80d0-6db62dd1d6de";"14.06.06";"Udrykningsstationer / beredskabsstillinger";"Emnet dækker sager om beredskabslokaliteter i form af udrykningsstationer / beredskabsstillinger.";1
"78fda101-80e1-4b52-867b-0fcfa80c8c11";"17.02.08";"Helhedsaftaler";"Emnet dækker sager om anvendelsen af lærernes arbejdstid.
        Den overenskomstfastsatte ramme for arbejdstiden er dækket af gruppe 81.10, mens denne gruppe således omfatter den lokale aftale og fordeling af arbejdstiden, eksempelvis i forhold til de enkelte fag og/eller klasser/team/hold.";1
"7901da29-a7eb-4243-bbcc-99cf7c15c6c7";"81.23.03";"Arbejdsgivernes Uddannelsesbidrag";"Ingen beskrivelse";1
"791da158-8349-11e7-bb31-be2e44b06b34";"09.17.41";"Anmeldelse - hobbydyr";"Emnet dækker bl.a. sager om:


    
        anmeldelse af opstaldning af dyrehold af hobbybetonet karakter
        konkrete anmeldelser tilføjes facet G01";1
"792ee509-e39c-46ac-b1b2-0802a5ff2fde";"25.45.00";"Opkrævning i almindelighed";"Ingen beskrivelse";1
"79369ddf-e242-4fb7-a751-34fda4be28bd";"09.18.02";"Hygiejniske forhold på offentligt tilgængelige steder";"Emnet er til sager, hvor kommunalbestyrelsen fører tilsyn med og giver påbud omkring de hygiejniske forhold på offentligt tilgængelige steder";1
"79869860-6b8c-4093-8c28-2f795c26eec5";"20.11";"Musik- og kulturhuses virksomhed";"Ingen beskrivelse";1
"798f8f81-89f7-401b-9ef7-0302c8108eb6";"88.24.04";"Prækommercielle indkøb";"Emnet dækker sager om prækommercielle indkøb.
        Prækommercielle løsninger er færdigudviklede innovative produkter eller serviceydelser, der endnu ikke er solgt i større skala.";1
"7993fd15-e3fe-4415-9271-ac7860fed783";"81.15.00";"Løn i almindelighed";"Emnet dækker bl.a. sager om:


    
        lønpolitik
        lønstatistik
        aftaler om regulering af løn
        to eller flere emner i gruppen, eller sager som ikke entydigt kan placeres under et af emnerne";1
"79b3a3be-9091-427c-8dee-806dcb29072b";"81.01.01";"Normerede stillinger";"""Normerede stillinger"" dækker antallet af normerede stillinger, typisk formuleret i ""normeringsplanen"", der normalt vedtages i forbindelse med budgettet for det efterfølgende år.
        Sager om ændringer i antallet af normerede stillinger, eksempelvis ved udvidelser/indskrænkninger i løbet af et år, journaliseres også her.
        Emnenummeret kan også anvendes af de enkelte institutioner i forbindelse med deres konkrete antal normeringer.";1
"79ce28af-a6d0-4602-bf5f-6d17fae49af8";"18.12.01";"Samarbejde klubber imellem";"Ingen beskrivelse";1
"79f8ff61-cbe4-4335-985e-b6d005025073";"83.00";"Kommunens driftsmidler og inventar";"Ingen beskrivelse";1
"7a0c3e1d-d4ce-428f-846e-b5a961db97fd";"09.17.07";"Indretning af afløb fra stalde, møddinger mv.";"Emnet dækker sager om indretning af afløb fra stalde, møddinger og ensilageoplag";1
"7a0e4862-81c5-4454-8e30-7284a67dec47";"04.00";"Parker, fritids- / idrætsanlæg og landskabspleje";"Ingen beskrivelse";1
"7a0f0851-fe8b-4c8a-9cc3-89aa4fdba85d";"04.10.02";"Fiskeri, jagt og vildt i skove";"Ingen beskrivelse";1
"7a181fb5-200f-4053-a99f-9a77634b97e6";"20.20";"Kulturaftaler";"Ingen beskrivelse";1
"7a332cbb-b3dd-4778-b05e-9474e1e6d7ae";"85.15.04";"Driftssikkerhed";"Ingen beskrivelse";1
"7a3e7f09-1a9f-42c0-bc61-897b2118bb80";"28.15.12";"Børnenes sikkerhed, klubtilbud";"Ingen beskrivelse";1
"7a58d91b-520e-4c8d-8959-ea87f1268438";"82.06.04";"Opførelse af byggeri";"Ingen beskrivelse";1
"7a8d1ece-0021-4c55-9833-aeb489e4bb3f";"17.00.00";"Folkeskoleundervisning i almindelighed";"Emnet dækker bl.a.:


    
        Generelle sager om folkeskoleundervisning
        Sager om tilsyn med skoler (tilføjes facet K09)
        Sager om folkeskoleundervisning som dækker to eller flere grupper i hovedgruppe 17, eller ikke entydigt kan placeres under et af emnerne i hovedgruppe 17";1
"7a9b6a12-78e8-4c6a-b067-421c06fa564b";"15.04";"Kommunale beskæftigelsesprojekter";"Ingen beskrivelse";1
"7aab2395-69d0-4448-95f7-160b4a336a61";"32.15.00";"Underholdsbidrag i almindelighed";"Udbetaling Danmark myndighedsopgave pr. 1. oktober 2012
        Kommuner sender kopier af akter i sager med opbevaringspligt, på Udbetaling Danmarks anmodning";1
"7ab85b6b-c4a6-4f56-868e-a5cc856f0bad";"03.00.00";"Boliger i almindelighed";"Emnet dækker bl.a.:


    
        Generelle sager om boliger
        Sager om boligpolitik (tilføjes facet P22)
        Sager om boliger som dækker to eller flere grupper i hovedgruppe 03, eller ikke entydigt kan placeres under et af emnerne i hovedgruppe 03
        
    


Henvisning til andre relevante emner:


    
        Sager om kommuneplanstrategi, se emnenr. 01.02.03";1
"7accbf01-5f64-4693-a5fa-517e24de7e8c";"81.14.01";"Diæter, befordring, overnatning mv.";"Ingen beskrivelse";1
"7ad73ee7-015f-439c-8e36-68db348ac763";"88.04.20";"Underhåndsbud, bygge- og anlægsarbejder";"Tilbud, der ikke indhentes ved en licitation eller på grundlag af en rammeaftale, er underhåndsbud";1
"7adad774-6ad4-4f01-8e37-a193104de519";"82.14";"Nøglesystemer, kommunens ejendomme";"Ingen beskrivelse";1
"7b2721cb-1885-45ac-be3a-2b56ab4e1546";"20.13.00";"Øvrige kulturinstitutioner (selvejende) i almindelighed";"Ingen beskrivelse";1
"7b6e40ad-c4b7-4bce-8e90-40ad32ccdcc3";"20.00";"Kulturvirksomhed";"Ingen beskrivelse";1
"7b7c9f8c-8b17-4e6d-9687-fec752bb6fb5";"00.32.10";"Årsregnskaber";"Emnet dækker bl.a. sager om kommunens årsregnskab, herunder godkendelse og offentliggørelse.
        Godkendelser tilføjes facet P19.
        Emnet kan også anvendes til kommunale institutioners årsregnskab.
        Vedr. budgetopfølgninger, se emnenr. 00.30.14
        Emnet erstatter sammen med emnenr. 00.32.12 facet S08";1
"7b8024e9-8707-43fe-aa66-ab3e2af323b9";"21.00.15";"Centralbiblioteksvirksomhed";"Emnet dækker bl.a. sager om aftale om centralbiblioteksfunktion - tilføjes facet P27";1
"7b9e4d82-2334-44b2-957c-7c22743b861b";"02.00.06";"Byggesagsgebyrer";"Emnet dækker sager om fastlæggelse af gebyrer
        Fastsættelse af gebyrer tilføjes facet S29
        
    


Henvisning til andre relevante emner:


    
        Gebyrbetaling for byggesagsbehandling danner ikke i sig selv sag, og dokumentationen journaliseres typisk sammen med byggesagen, se emnenr. 02.34.02";1
"7bd18bd3-074f-11f1-8dcf-0050c2490048";"32.70";"Engangsudbetalinger";"Gruppen dækker sager om engangsudbetalinger, dvs. ydelser der ifølge lovgivningen udbetales een gang.";1
"7bd18bd3-074f-11f1-8dd0-0050c2490048";"32.70.00";"Engangsudbetalinger i almindelighed";"Emnet dækker bl.a. sager om:


    
        generelle henvendelser / forespørgsler om fødevarecheck";1
"7bd18bd3-074f-11f1-8dd1-0050c2490048";"32.70.05";"Fødevarecheck - halvdelen af ydelsen";"Emnet dækker bl.a. sager om:


    
        udbetaling af engangsbeløb til modtagere af forsørgelsesydelser, folkepension, børne- og ungeydelse og uddannelsesstøtte m.v. efter lov om engangsbeløb til modtagere af forsørgelsesydelser, folkepension, børne- og ungeydelse og uddannelsesstøtte m.v.
        
    


Udbetaling Danmark myndighedsopgave.";1
"7bd18bd3-074f-11f1-8dd2-0050c2490048";"32.70.10";"Fødevarecheck - hele ydelsen";"Emnet dækker bl.a. sager om:


    
        udbetaling af engangsbeløb til modtagere af forsørgelsesydelser, folkepension, børne- og ungeydelse og uddannelsesstøtte m.v. efter lov om engangsbeløb til modtagere af forsørgelsesydelser, folkepension, børne- og ungeydelse og uddannelsesstøtte m.v.
        
    


Udbetaling Danmark myndighedsopgave.";1
"7be3c322-3d07-4774-ae24-9ddf63b44bb2";"84.07";"Valg til Europa-Parlamentet";"Ingen beskrivelse";1
"7c0a39fd-f25b-4096-b0a3-7621637664b5";"03.12.08";"Betaling af leje mv.";"Emnet dækker bl.a. sager om:


    
        betaling af leje
        beboerindskud og depositum
        konkrete afgørelser tilføjes facet G01.";1
"7c161687-6ffe-408a-ac46-fb2eb0ea1eea";"06.01.00";"Kloakker og ledningsnet samt private spildevandsanlæg i almindelighed";"Ingen beskrivelse";1
"7c30b42a-6f27-411b-a277-6ca5827f4439";"03.02.14";"Byggeriets afslutning, godkendelse af endelig anskaffelsessum, almene boliger";"Konkrete sager om godkendelse af anskaffelsessum tilføjes facet P19.
        Godkendelse af byggeregnskaber tilføjes facet S55.";1
"7c3ed129-ddf0-43b5-a392-1f9366866ff1";"83.01";"Inventar og udstyr";"Ingen beskrivelse";1
"7c56f88b-f575-43f1-bc9b-c94839e81a7c";"18.09.02";"Ungdomsskolebestyrelsens opgaver (vedtægt / forretningsorden)";"Emnet dækker sager om ungdomsbestyrelsens opgaver. Fx sager om:


    
        fastsættelse af regler om bestyrelsens opgaver
        vedtagelse af vedtægter – tilføjes facet P24
        fastlæggelse af budget
        indstilling om visse ansættelser og afskedigelser
        udpegning af repræsentant til at deltage i folkeoplysningsudvalgets møder.";1
"7c9c40e6-0b79-4808-b0ef-02d6b11b0286";"29.09.08";"Patientrettet forebyggelse";"Emnet dækker bl.a. sager om:


    
        Patientrettede forebyggelsestilbud
        Forebyggelsesindsats
        Organisering af den kommunale patientrettede forebyggelse
        
    


Henvisning til andre relevante emner:


    
        Sager om modtagelse, registrering og rapportering vedr. utilsigtede hændelser i den kommunale sundhedssektor, se emnenr. 29.09.05";1
"7c9c98c1-febb-47ac-a3d6-6251517b24fc";"14.14.11";"Udlejning af materiel / personel";"Ingen beskrivelse";1
"7c9febbf-3418-4f26-b36b-baf906c5b50c";"00.03.04";"Regionaludvikling EU";"Emnet dækker bl.a. sager om:


    
        EU's organisation og udvikling
        Aftaler om regionale programmer som fx: Strukturfond, Mål2, Mål3, Artikel 33, Socialfond og Interreg.
        
    


Henvisning til relevante facetter:


    
        Konkrete EU-tilskud til kommunen journaliseres under det relevante emne med facet Ø34.
        Når kommuner administrerer tilskud (indstiller til eller yder), hvor tilskuddene er finansieret eller medfinansieret af EU og staten, journaliseres sagen med facet Ø39.";1
"7cb5f47e-e168-11e6-bf01-fe55135034f3";"29.03.14";"Refusion af lægeregninger";"Emnet dækker bl.a. sager om:


    
        Refusion af lægeregninger til borgere, som tilhører sygesikringsgruppe 2. 
        Konkrete sager om refusion til borgere tilføjes facet G01.";1
"7cc64b3d-ef70-41ea-a532-3f60cd2fb37b";"81.45.00";"Seminarer i almindelighed";"Emnet er til kortvarige seminarer som ikke har uddannelsesformål, og omfatter seminarer både for personale og folkevalgte.";1
"7d0936f2-02c5-4efe-b3a5-60c4967b4e52";"32.15.06";"Børnebidrag, procenttillæg til normalbidrag";"Hvis bidragsbetaleren har gode økonomiske forhold, kan Familieretshuset fastsætte et højere bidrag end normalbidraget - eksempelvis normalbidraget + 100 % eller normalbidraget + 200 %";1
"7d1099ec-e1ad-4e87-82d2-c954e2cc6ea0";"05.04.16";"Beplantning, stier";"Ingen beskrivelse";1
"7d219c99-5e2d-11ef-b96b-0050c2490048";"09.08.28";"Boringsnære beskyttelsesområder (BNBO)";"Emnet dækker bl.a. sager om:


    
        Risikovurdering af boringsnære beskyttelsesområder
        Beskyttelsesindsats
        Aftaler om stop for erhvervsmæssig anvendelse af pesticider
        Påbud eller forbud mod erhvervsmæssig anvendelse af pesticider
        
    


Henvisning til relevante facetter:


    
        Klager tilføjes facet K02
        Tinglysning tilføjes facet G14
        Påbud og forbud tilføjes facet K08
        Risikovurdering tilføjes facet P30";1
"7d35e4a8-d539-437b-b1d9-ccaa0ce21ce5";"15.03.00";"Arbejdsmarkedsuddannelser i almindelighed";"Ingen beskrivelse";1
"7d51102c-7186-11e4-a9a2-0050c2490048";"54.17.20";"Undervisning og aktivering af asylansøgere";"Emnet dækker bl.a. sager om:


    
        Undervisning og aktivering af asylansøgere
        Asylansøgere over 18 år der skal deltage i et asylansøgerkursus om danske asylforhold, herunder en introduktion til dansk sprog og kultur
        Særskilt tilrettelagt undervisning til børn i den undervisningspligtige alder, og undervisning i folkeskolen (i det omfang der oprettes sager efter folkeskolelovens bestemmelser, anvendes emnerne i hovedgruppe 17)";1
"7d51102c-7186-11e4-a9a3-0050c2490048";"30.10.45";"Asylcentre";"Emnet bruges bl.a. til sager om:


    
        Kommunens tilvejebringelse eller drift af indkvarteringssteder for asylansøgere på vegne af staten (dvs. at kommunen er indkvarteringsoperatør)
        Pålæg fra staten om kommunens tilvejebringelse eller drift af sådanne indkvarteringssteder.
        Konkrete kontrakter tilføjes facet Ø54.
        Kommunens opgaver som følge af driften findes som separate emner i KLE.
        Ved indkvarteringsoperatører forstås private organisationer eller selskaber, statslige styrelser eller kommuner, der i samarbejde med Udlændingestyrelsen tilvejebringer og driver indkvarteringssteder.";1
"7d51102c-7186-11e4-a9a4-0050c2490048";"15.40.30";"Kontrakter for asylansøgere";"Emnet dækker bl.a. sager om:


    
        Kontrakter mellem udlændingen og indkvarteringsoperatøren
        Kontrakten kan revideres løbende
        
    


Henvisning til relevante facetter:


    
        Konkrete kontrakter i forhold til borgere tilføjes facet G01";1
"7d670b6c-f4b6-4438-b359-4c330acb0f8c";"05.14.05";"Stadepladser - genstande på vejareal";"Emnet dækker bl.a. sager om:


    
        vejmyndighedens tilladelse til handlende på eksempelvis torve og pladser, såkaldte stadepladser
        vejmyndighedens tilladelse til tivoliers og cirkussers benyttelse af vejarealer
        
    


Henvisning til relevante facetter:


    
        Konkrete tilladelser / rådighedstilladelser tilføjes G01.";1
"7d69c2ff-0043-46d9-b6e5-b1ad0d1d3648";"20.07.15";"Optagelse / venteliste til musikskole";"Dækker administration af optagelse/ventelister til musikskoler.";1
"7db14abd-8f47-4fa0-b104-6caddadf88b5";"09.13.03";"Fugle - skadedyrsbekæmpelse";"Ingen beskrivelse";1
"7dbab666-0424-41b8-b612-6836f072bcfe";"28.09.12";"Børnemiljø m.v., dagtilbud";"Emnet dækker sager om børnemiljø i dagtilbud. Fx:


    
        børnemiljøvurdering. Tilføjes facet P05. Det tidligere lovkrav efter dagtilbudslovens §§ 12-13 er ophævet.
        børnemiljøproblemer.
        fysisk børnemiljø.
        psykisk børnemiljø.
        sprogbrug.
        mobning, herunder forældres klage over mobning af deres børn. Tilføjes facet G01.";1
"7dbd1434-14b8-40db-b9f9-f72462df2438";"04.31.11";"Vedligeholdelse og pleje af kommunale kirkegårde";"Ingen beskrivelse";1
"7dc996fb-9e63-447f-bdec-b11cbffec5d9";"14.00.10";"Overenskomster / aftaler, redningsberedskab";"Emnet dækker sager, hvor kommunalbestyrelsen indgår aftaler med en anden kommunalbestyrelse, med private redningsvæsener eller med andre om at udføre opgaver, der er en del af kommunens redningsberedskab.
        Emnet dækker også sager, hvor kommunalbestyrelsen indgår aftaler med lokale udenlandske redningstjenester i grænsenære områder om ydelse af gensidig assistance i tilfælde af ulykker m.v.
        Har aftalen form af en kontrakt med økonomisk indhold, journaliseres den med facet Ø54.
        Til kontrakter uden økonomisk indhold anvendes facet P27.";1
"7e0a574a-98b3-42b8-9b41-ca93697e11dd";"27.36.08";"Afløsning eller aflastning til ægtefælle, forældre m.v. og midlertidigt ophold";"Emnet dækker bl.a. sager om:


    
        Afløsning og aflastning
        Midlertidige døgnophold (ikke børn og unge)
        Akutplejeophold
        Konkrete sager tilføjes facet G01";1
"7e55f88a-5007-4b99-abbe-70d148a1d093";"15.23.00";"Information og vejledning - beskæftigelsesindsats i almindelighed";"Emnet dækker bl.a. generelle sager om information og vejledning i beskæftigelsesindsatsen.";1
"7e717332-7674-46a4-902a-e114f16fb526";"17.13.03";"Undervisning i fritiden";"Skolen kan tilbyde eleverne undervisning i deres fritid, eksempelvis musikundervisning uden for musikskoleregi. Sager om sådanne tilbud placeres under dette nummer. Sager om musikskolen placeres i gruppe 20.07.";1
"7ea55e51-53f2-4653-aa49-b90d19d54a3e";"01.02.05";"Lokalplanlægning";"Emnet dækker sager om lokalplanlægning, fx:


    
        Lokalplaner (se sagsopdeling nedenfor)
        Dispensationer til lokalplaner (tilføjes facet P25)
        Konkrete sager, der afgøres på baggrund af lokalplaner tilføjes facet G01. Fx opsætning af facadeskilte, flagstænger hvor der henvises til vedtaget lokalplan.
        Oprettelse af grundejerforening (godkendelse af vedtægter tilføjes P24)
        
    


De enkelte lokalplanfaser kan opdeles vha facetterne:


    
        Udarbejdelse af forslag (tilføjes facet P16)
        Indsigelser (tilføjes facet K04)
        Endelig plan (tilføjes facet P16)";1
"7ea98615-78e8-4f06-ac68-f9518fbd241a";"21.10";"Biblioteksudstillinger og -arrangementer";"Ingen beskrivelse";1
"7ecd2a59-87d5-4856-93db-8f5f57356b32";"01.13.25";"Halvkulturarealer og udyrkede arealer";"Emnet dækker bl.a. sager om anmeldelse af et areal, som halvkulturareal eller udyrket areal til kommunalbestyrelsen (genopdyrkningsret) - tilføjes facet G01.";1
"7eecbe61-b08f-4e6a-b7c0-71288a96f2e8";"20.03.05";"Landsdelsorkestre";"Ingen beskrivelse";1
"7efd8edb-6775-42c9-9e97-800f1def8fb4";"87.01.01";"Arbejdsmiljøgruppe";"Ingen beskrivelse";1
"7f0f31d4-62e9-4fb3-87a6-a5d59af5b017";"28.15";"Klubtilbud og andre socialpædagogiske fritidstilbud til større børn og unge";"Gruppen dækker sager om klubtilbud og andre socialpædagogiske tilbud til børn indtil skolestart. Sager om etablering, struktur, /godkendelser, / driftsaftaler ift fritidshjem journaliseres i gruppe 28.03.";1
"7f8c5532-d1cc-4994-868b-e981e9e6679e";"06.01.25";"Renovering og sanering, kloakker";"Emnet vedrører primært driften og således ikke myndighedsopgaver.";1
"7fa11f91-1cef-45b6-bfaf-9a4f9ec3f5d7";"05";"Veje og trafik";"Hovedgruppe 05 omfatter bl.a. sager, der administreres/behandles i henhold til følgende lovgivning:


    
        LBK om færdselsloven (Færdselsloven)
        LBK om graveadgang, etablering og udnyttelse af infrastruktur til telekommunikationsformål samt udnyttelse af infrastruktur på tværs af forsyningssektorer m.v. (Graveloven)
        LBK om infrastruktur for alternative drivmidler til transport
        LBK om offentlige veje m.v. (Vejloven)
        LBK om private fællesveje (Privatvejsloven)
        LBK om tv-overvågning (TV-overvågningsloven)
        Adresseloven
        Jernbaneloven
        Lov om vagtvirksomhed
        BEK om anvendelse af vejafmærkning
        BEK om betaling af gebyrer efter lov om private fællesveje
        BEK om parkeringsskiver (Parkeringsskivebekendtgørelsen)
        BEK om særlig råden over vejareal
        BEK om særtransport (Særtransportbekendtgørelsen)
        BEK om vej- og stiregister
        BEK om vejafmærkning
        BEK om vejmyndighedernes parkeringskontrol
        BEK om vejnavne og adresser (Adressebekendtgørelsen)";1
"7fbe156d-8484-4895-b632-6c39e349ecc3";"84.10";"Valg til skolebestyrelser og ungdomsskolebestyrelser";"Ingen beskrivelse";1
"7fda457d-3bea-4cee-b310-0d526deb60e5";"84.01.00";"Folketingsvalg i almindelighed";"Emnet dækker sager om folketingsvalg
        
    


Henvisning til andre relevante emner:


    
        Folkeafstemninger, se gruppe 84.06";1
"7fdbb6cb-aec1-45a5-8fba-d65a4217c2ba";"15.25";"Orlovsordninger (ikke-kommunalt ansatte)";"Gruppen udgik maj 2013, da bekendtgørelse af lov om børnepasningsorlov ophævedes.

Genåbnet november 2021 for at gøre det muligt i KY at modtage dækninger på gamle krav.";1
"8023bae9-bf44-4949-91ec-cb48b3a25718";"54.32";"Forældrekontakt, gymnasier";"Ingen beskrivelse";1
"80244ac1-ea29-4378-9854-701459ac1aba";"32.24.00";"Ydelser efter lov om aktiv socialpolitik mv. i almindelighed";"Emnet dækker bl.a.:


    
        Generelle sager om ydelser efter lov om aktiv socialpolitik
        Sager der med lige god ret, kan placeres under to eller flere emner i gruppen
        STARs tilsyn med kommunernes rådighedsvurdering";1
"8047f34d-24d7-4930-b6a8-c6d6909fc4ef";"03.08.03";"Godkendelse af forbedringsarbejder mv. - selvejende ungdomsboliger";"Ingen beskrivelse";1
"80654d2f-6423-4a77-a2d2-921a241476a8";"05.09.12";"Parkeringsdispensationer";"Emnet dækker sager hvor kommunen udsteder kortvarige og midlertidige dispensationer fra de afmærkede parkeringsrestriktioner, fx til håndværkere, flyttebiler, enkeltstående offentlige arrangementer mv.
        
    


Henvisning til andre relevante emner:


    
        Kørselsdispensationer, se 05.13.18
        
    


Henvisning til relevante facetter:


    
        Konkrete dispensationer tilføjes facet P25";1
"8070f9e0-bb7f-4d9d-9d7f-39552c6d038a";"14.07.03";"Indkaldelse, redningsberedskab";"Ingen beskrivelse";1
"80729be1-b4a4-4db5-bb2e-c5fd7f359df0";"01.05.10";"Fredning";"Emnet er til sager om fredning.
        Sager om kommunalbestyrelsens udpegning af medlem til fredningsnævn journaliseres med facet A30.
        Sager om pleje af fredede arealer journaliseres under emnenr. 01.05.11, det gælder ligeledes plejeplaner i forbindelse med fredning.
        Fredningserstatninger tilføjes facet Ø61.";1
"808b3270-041d-4867-92a0-7390579aa6a0";"00.32.28";"Kommunal udligning og generelle tilskud til kommuner";"Emnet dækker sager om kommunal udligning og generelle tilskud til kommuner, jf. udligningsloven og anvendes især til den del af dokumentationen som ikke håndteres via økonomisystemet. Generelle tilskud er bloktilskud.";1
"809f1c67-86a7-4d5f-987a-1bd76765c25b";"14.07.05";"Rådighedsforpligtigelse, redningsberedskab";"Ingen beskrivelse";1
"80b32b4e-e121-486b-b5c9-aa6cec2879b9";"32.21.00";"Hjælp i særlige tilfælde i almindelighed";"Ingen beskrivelse";1
"80c4a6cb-3a08-4738-bb20-c84fde94d758";"07.22.06";"Opbevaring af bioaske til jordbrugsformål";"Her journaliseres bl.a. sager om:


    
        opbevaring af bioaske til jordbrugsformål
        påbud om afhjælpende foranstaltninger, hvis opbevaring af bioaske giver eller kan give anledning til forurening eller væsentlige gener - tilføjes facet K08.";1
"81504085-bd25-4e36-9b40-eec147d6d06e";"32.06";"Boligstøtte";"Ingen beskrivelse";1
"818a72f1-a87f-4031-a1df-14b455ebd9bd";"28.12.12";"Madordning, fritidshjem";"Ingen beskrivelse";1
"81b3bf95-7f35-456d-9708-10e8c044de03";"17.15";"Undervisning af tosprogede elever";"Gruppen dækker bl.a. sager om:


    
        Supplerende undervisning af tosprogede elever. Der skal, i henhold til folkeskoleloven, i fornødent omfang gives undervisning i dansk som andetsprog til elever fra børnehaveklassen til og med 9. klasse.
        Støtte til tosprogede børn, der endnu ikke har påbegyndt skolegangen.
        
    


Henvisning til andre relevante emner:


    
        Under 17.15.00 journaliseres sager, som omhandler to eller flere emner i gruppen, samt sager der ikke umiddelbart kan journaliseres under ét af emnerne.";1
"81f33402-a192-4c7f-98cb-ff1b38c0c1e9";"03.14";"Støttede private ungdomsboliger";"Gruppen er til sager om støttede private ungdomsboliger, der administreres iht Ungdomsboligloven.
Sager om nybyggeri/renovering af almene ungdomsboliger, se gruppe 03.02.";1
"81f49017-7d66-463a-b33d-71eac2113e7b";"84.08.00";"Valgdistrikter i almindelighed";"Ingen beskrivelse";1
"8228333d-f87c-4b6d-807f-cc96190eae8f";"09";"Miljøbeskyttelse";"Hovedgruppe 09 omfatter bl.a. sager, der administreres/behandles i henhold til følgende lovgivning:


    
        LBK om beskyttelse af havmiljøet (Havmiljøloven)
        LBK om drift af landbrugsjorder
        LBK om en Cityring
        LBK om havstrategi (Havstrategiloven)
        LBK om hold af dyr
        LBK om hunde (Hundeloven)
        LBK om husdyrbrug og anvendelse af gødning m.v. (Husdyrbrugloven)
        LBK om jagt og vildtforvaltning (Jagtloven)
        LBK om kemikalier (Kemikalieloven)
        LBK om miljø og genteknologi
        LBK om miljøbeskyttelse (Miljøbeskyttelsesloven)
        LBK om miljømål m.v. for internationale naturbeskyttelsesområder (Miljømålsloven)
        LBK om miljøvurdering af planer og programmer og af konkrete projekter (VVM) (Miljøvurderingsloven)
        LBK om undersøgelse, forebyggelse og afhjælpning af miljøskader (Miljøskadeloven)
        LBK om vandforsyning m.v. (Vandforsyningsloven)
        LBK om vandplanlægning
        Lov om administration af den fælles landbrugspolitik m.v. (CAP-loven)
        Lov om forurenet jord (Jordforureningsloven)
        BEK om anlæg og aktiviteter, hvor der bruges organiske opløsningsmidler (VOC-bekendtgørelsen)
        BEK om anmeldelse og dokumentation i forbindelse med flytning af jord (Jordflytningsbekendtgørelsen)
        BEK om anvendelse af restprodukter, jord og sorteret bygge- og anlægsaffald
        BEK om badevand og badeområder
        BEK om bekæmpelsesmidler (Bekæmpelsesmiddelbekendtgørelsen)
        BEK om begrænsning af emission af nitrogenoxider og carbonmonooxid fra motorer og turbiner (Gasmotorbekendtgørelsen)
        BEK om begrænsning af visse luftforurenende emissioner fra store fyringsanlæg
        BEK om brugerbetaling for godkendelse m.v. og tilsyn efter lov om miljøbeskyttelse og lov om husdyrbrug og anvendelse af gødning m.v. (Brugerbetalingsbekendtgørelsen)
        BEK om et register over udledning og overførsel af forurenende stoffer (PRTR) (PRTR-fyrbekendtgørelsen)
        BEK om forbrænding af visse typer af træaffald på trævareforarbejdende virksomheder (Træaffaldsbekendtgørelsen)
        BEK om forebyggelse og bekæmpelse af rotter (Rottebekendtgørelsen)
        BEK om godkendelse af listevirksomhed (Godkendelsesbekendtgørelsen)
        BEK om indberetning og registrering af jordforureningsdata
        BEK om indretning, etablering og drift af olietanke, rørsystemer og pipelines (Olietankbekendtgørelsen)
        BEK om indsatsplaner (Indsatsplanbekendtgørelsen)
        BEK om jordbrugsvirksomheders anvendelse af gødning  (Gødningsanvendelsesbekendtgørelsen)
        BEK om jordvarmeanlæg (Jordvarmebekendtgørelsen)
        BEK om kommunalbestyrelsens vandhandleplaner
        BEK om kontrol med risikoen for større uheld med farlige stoffer (Risikobekendtgørelsen)
        BEK om krav til udledning af visse forurenende stoffer til vandløb, søer, overgangsvande, kystvande og havområder
        BEK om kystvandråd
        BEK om miljøgodkendelse og samtidig sagsbehandling af ferskvandsdambrug (Dambrugsbekendtgørelsen)
        BEK om miljøkrav i forbindelse med etablering og drift af autoværksteder m.v. (Autoværkstedsbekendtgørelsen)
        BEK om miljøregulering af dyrehold og om opbevaring af gødning (Husdyrgødningsbekendtgørelsen)
        BEK om miljøregulering af visse aktiviteter (Miljøaktivitetsbekendtgørelsen)
        BEK om miljøtilsyn (Miljøtilsynsbekendtgørelsen)
        BEK om miljøzoner (Miljøzonebekendtgørelsen)
        BEK om modtagefaciliteter for affald fra skibe, om skibes aflevering af affald og havnes affaldsplaner (Modtagebekendtgørelsen)
        BEK om refusion af udgifter til beredskab, bekæmpelses- og saneringsforanstaltninger, samt affaldsbortskaffelse vedrørende olie- og kemikalieforurening (Strandrensningsbekendtgørelsen)
        BEK om regulering af luftforurening fra fyringsanlæg til fast brændsel under (Brændeovnsbekendtgørelsen)
        BEK om støj fra vindmøller (Vindmøllebekendtgørelsen)
        BEK om svovlindholdet i faste og flydende brændstoffer (Svovlbekendtgørelsen)
        BEK om svømmebadsanlæg m.v. og disses vandkvalitet
        BEK om tilladelse og godkendelse m.v. af husdyrbrug
        BEK om virksomheder, der forarbejder emner af jern, stål eller andre metaller (Maskinværkstedsbekendtgørelsen)
        BEK om vurdering og styring af luftkvaliteten (Luftkvalitetsbekendtgørelsen)";1
"8232bd3a-f040-43c8-bbc2-504e49c85233";"29.06.04";"Aktivitetsbestemt medfinansiering af sundhedsvæsenet [udgår 2027]";"Emnet udgår februar 2027, da § 13-14 med L 2025 719 er ophævet med virkning fra januar 2027.

Ingen oprindelig servicetekst.";1
"8249a43e-7c76-4ab8-9cd1-ba45040099f6";"01.01.00";"Landsplandirektiver mv. og regional udviklingsplanlægning i almindelighed";"Ingen beskrivelse";1
"825c8f68-0087-4622-aa30-c26a9d899330";"84.03.00";"Kommunale valg i almindelighed";"Ingen beskrivelse";1
"82600b23-1fa4-48e8-823c-564b1906e27e";"18.18";"Daghøjskoler (selvejende)";"Ingen beskrivelse";1
"826bac3e-a742-451f-823f-c7797431a10c";"25.03.00";"Ejendomsvurdering i almindelighed";"Ingen beskrivelse";1
"8280a681-c78f-4980-8ec7-4b359faf85b5";"03.12.20";"Beboerklagenævnets oprettelse og funktion mv.";"Emnet dækker sager om beboerklagenævn. Fx sager om:


    
        Oprettelse og organisering af nævnet
        Udpegning af medlemmer
        Beskikkelse af formand
        
    


Henvisning til relevante facetter:


    
        Sager om nedsættelse, oprettelse eller udpegning tilføjes facet A30.";1
"828fa08b-ce01-4d19-9def-78d431e9c346";"09.17.06";"Opbevaring af flydende husdyrgødning samt ensilagesaft og restvand";"Emnet dækker sager om opbevaring af flydende husdyrgødning samt ensilagesaft og spildevand.
        
    


Henvisning til relevante facetter:


    
        Sager om tilsyn tilføjes facet K08.
        
    


Henvisning til relevante emnenr.:


    
        Se også emnenr. 09.17.60.";1
"82934a6b-1ef6-11ed-bf22-0050c2490048";"03.01.20";"Kommunal udlejning af fast ejendom";"Emnet dækker sager bl.a. om:


    
        Kommunal udlejning af fast ejendom med henblik på at tiltrække tilflyttere
        Ansøgningsordning og retningslinjer herfor";1
"82e89e83-c7f7-420c-acf0-2944e57d8402";"27.12.00";"Forebyggelse og rådgivning, social service i almindelighed";"Ingen beskrivelse";1
"82f0471d-1e16-4d46-b022-2e71038148c4";"29.09.04";"Borgerrettet forebyggelse";"Emnet dækker sager om borgerrettet forebyggelse.
        Den borgerrettede forebyggelse retter sig mod den raske del af befolkningen og har til formål at hindre sygdom i at opstå.
        Emnet anvendes også til sager om psykiatriråd, hvis kommunen har valgt at nedsætte et sådant.";1
"82f787d4-f0bd-4f8e-9549-690adf8e73b1";"00.34";"Lån og lånoptagelse - kommunens økonomiske forvaltning";"Gruppen dækker bl.a. sager om:


    
        Lån og lånoptagelse
        Realkreditlån eller kreditforeningslån journaliseres under 00.34.05
        Andre typer lån journaliseres under 00.34.00
        Typiske facetter i gruppen er: G01 Generelle sager, P19 Godkendelser eller Ø54 Kontrakter
        Sager om kommunens udlån, fx til beboerindskud og ejendomsskatter, journaliseres med relevant emne og Ø50";1
"830962c7-a984-47de-8323-76c00a5eb2de";"00.13.02";"Markedsføring og PR-virksomhed";"Nummeret anvendes til sager om kommunens samlede markedsføring/PR initiativer, eller hvis det drejer sig om aktiviteter på tværs af forvaltningsområder.
        Sager om markedsføring/PR i forbindelse med konkret virksomhed journaliseres under relevante emnenummer med facet A50.";1
"834352b7-1100-4720-9477-f8748bd3f49c";"21.01.12";"Reservering af materialer - biblioteker";"Emnet dækker bl.a. sager om:


    
        reservering af diverse bøger og materialer.
        principper og retningslinjer for reservering.
        
    


Sager om hjemkomstmeddelelser via fx e-mail eller brev journaliseres også her.";1
"834c444b-0c77-4f4f-844b-59337afd1fd1";"04.20";"Læplantninger";"Ingen beskrivelse";1
"834e51ce-5a3a-47d9-84a0-98a0eec18e15";"84.06";"Folkeafstemninger";"Gruppen er til sager om nationale folkeafstemninger

Historik


    
        Gruppen har være udfaset siden august 2019, og i stedet henvist til gruppe 84.01 Folketingsvalg
        Genoprettet maj 2022, for at kunne adskille sager om folkeafstemninger";1
"834f5693-064e-415a-9135-bf5dbd543721";"13.06.02";"Salg af jord";"Emnet dækker sager om kommunens salg af byggegrunde. I tilknytning til emnet kan følgende handlingsfacetter være relevante:


    
        Fastlæggelse af salgspris S29.
        Konkret salg, inkl. skøde og købsaftaler G10 eller P19.
        
    


Henvisning til andre relevante emner:


    
        Salg af ejendom, se 82.02.00";1
"83513662-e42b-11e4-9e6a-0050c2490048";"05.01.35";"Vejplanlægning";"Emnet dækker bl.a. sager om:


    
        Vejplanlægning.
        Vejplaner. Hvis vejplanen er en integreret del af en lokalplan, kan dette journaliseres samlet under emnet lokalplanlægning.
        Fortegnelser over anlæg, der er optaget på vejplaner.
        Samarbejde og forhandling mellem vejmyndigheder vedr. vejplanlægning.";1
"83513662-e42b-11e4-9e6b-0050c2490048";"05.01.40";"Trafikstyring";"Emnet dækker bl.a. sager om:


    
        Trafikstyring.
        Aftaler om fælles trafikstyring.";1
"83513662-e42b-11e4-9e6c-0050c2490048";"05.01.45";"Statsveje";"Emnet dækker sager om statsveje. Fx


    
        Høringssvar til staten, forhandlinger, ifm. anlæg af statsveje, flytning eller nedlæggelse.
        Hvor kommunen er bemyndiget til at varetage visse af de opgaver på statsvejene, som ellers er henlagt til Vejdirektoratet.";1
"83605e14-f095-493e-97a7-63732d875879";"04.11";"Kommunale strande";"Gruppen er bl.a. til sager om strandes benyttelse og /renholdelse mv. Sager om strandparker journaliseres også her.

Sager, der administreres efter kystbeskyttelsesloven, journaliseres under gruppe 04.18.";1
"836d1a3f-7d95-42b4-b6a3-6aed57e223f5";"13.03.00";"Varmeforsyning i almindelighed";"Emnet dækker bl.a. sager om:


    
        Varmeforsyning, der ikke er dækket af de specifikke emner i gruppen
        Udskillelse og stiftelse af affaldsforbrændingsanlæg i et aktie- eller anpartsselskab";1
"83b53cab-fd91-4653-a360-b3e84d912c7d";"07.18.00";"Affald fra husholdninger, indsamlingsordninger i almindelighed";"Her journaliseres bl.a. sager om:


    
        Konkret anvisning af affald fra husholdninger
        Benyttelsespligt for ordninger for husholdninger
        Etablering af indsamlingsordning som en bringeordning, der giver husholdninger adgang til mindst én genbrugsplads";1
"83c45915-8d44-4876-b8a3-a0dbb87dad9e";"25.03.15";"Overdragelse af fast ejendom, skødepåtegning";"Her journaliseres sager vedrørende overdragelse af fast ejendom, hvor køberen (skødemodtageren) skal indlevere en udfyldt salgsindberetning til den kommune, hvor ejendommen er beliggende
        Herefter kan kommunen forsyne skødet med påtegning om ejendomsværdien (skødepåtegning).";1
"83c9d96b-b260-4492-8373-efb76f178d46";"28.06.12";"Støtte til børn efter dagtilbudsloven";"Emnet dækker sager om den støtte til børn, der kan gives efter dagtilbudsloven.
        Støtten kan f.eks. tildeles til børn og unge med motoriske vanskeligheder, langsomt udviklede børn og unge, børn og unge med adfærdsproblemer, børn og unge med fysisk og psykisk nedsat funktionsevne samt børn og unge med sociale og følelsesmæssige vanskeligheder.";1
"83fd02c5-2d13-11e4-87f6-0050c2490048";"15.40";"Integration og udlændinge";"Gruppen dækker sager vedrørende integration og udlændinge. Øvrige opgaver, der specifikt vedrører integration og udlændinge, dækkes af disse grupper:


    
        03.25 'Boligplacering af flygtninge'
        17.15 'Undervisning af tosprogede børn/elever'
        54.15 'Danskuddannelse til voksne udlændinge m.fl.'
        54.17 'Kurser og undervisning for udlændinge'
        
    


Opgaver der er den samme, uanset borgerens etniske oprindelse, journaliseres under relevant emne i planen i øvrigt, fx er der bestemmelser fra integrationsloven i gruppe 15.20 'Beskæftigelsesindsats'.

Tidligere havde gruppen gruppenr. 00.10";1
"83fd02c5-2d13-11e4-87f7-0050c2490048";"15.40.00";"Integration og udlændinge i almindelighed";"Emnet dækker bl.a. sager:


    
        om kommunens integrationspolitik - tilføjes facet P22
        hvor kommunalbestyrelsen afgiver udtalelse til Udlændingestyrelsen til brug for behandlingen af en sag, efter udlændingelovens § 9.
        
    


Henvisning til relevante facetter:


    
        Forretningsorden for integrationsrådet tilføjes facet A26
        Integrationspolitik tilføjes facet P22
        Nedsættelse af integrationsråd og medlemmer tilføjes facet A30";1
"83fd02c5-2d13-11e4-87f8-0050c2490048";"15.40.05";"Inddragelse af andre aktører, integration";"Emnet er til sager efter integrationslovens § 5, hvorefter en kommunalbestyrelse kan overlade udførelsen af bestemte opgaver som led i gennemførelse af introduktionsprogrammer til en eller flere organisationer eller foreninger m.v., herunder Dansk Flygtningehjælp, uddannelsesinstitutioner, private virksomheder og andre kommunalbestyrelser.";1
"83fd02c5-2d13-11e4-87f9-0050c2490048";"15.40.10";"Selvforsørgelses- og hjemrejseprogram og introduktionsprogram";"Emnet dækker sager om:


    
        selvforsørgelses- og hjemrejseprogram eller et introduktionsprogram (tidl. integrationsprogram) efter reglerne i integrationsloven
        hjælp til nærmere bestemte udgifter
        
    


Programmet omfatter:


    
        danskuddannelse, herunder undervisning i kultur- og samfundsforhold
        aktivering
        
    


Omfanget og indholdet af integrationsprogrammets enkelte elementer fastlægges i en kontrakt, som indgås mellem udlændingen og kommunalbestyrelsen. Kontrakten skal beskrive beskæftigelses- eller uddannelsesmål og fastlægge indholdet af de aktiviteter, der skal sikre, at de i kontrakten opstillede mål opfyldes.

Henvisning til andre relevante grupper:


    
        De konkrete forhold vedrørende danskuddannelse og kursus i danske samfundsforhold journaliseres under de relevante emner i grupperne 54.15 og 15.20.";1
"83fd02c5-2d13-11e4-87fb-0050c2490048";"15.40.20";"Introduktionsforløb for indvandrere";"Emnet dækker sager om:


    
        Introduktionsforløb for indvandrere
        Introduktionsforløb omfatter:
        Danskuddannelse, herunder undervisning i kultur- og samfundsforhold
        Aktivering, hvis indvandreren er berettiget og ønsker det
        
    


Henvisning til andre relevante grupper:


    
        De konkrete forhold vedrørende de enkelte dele af introduktionsforløbet journaliseres i henholdsvis gruppe 54.15 og 54.17";1
"83fd02c5-2d13-11e4-87fc-0050c2490048";"15.40.25";"Sikkerhedsstillelse efter udlændingeloven";"Emnet er til sager om sikkerhedsstillelse efter udlændingelovens §9, stk. 4. Ved familiesammenføring skal ægtefællen/partneren i Danmark (referencen) stille en økonomisk garanti. Garantien er beregnet til dækning af kommunens eventuelle fremtidige udgifter til hjælp til den udenlandske ægtefælle/partner efter lov om aktiv socialpolitik eller integrationsloven, fx kontanthjælp.

Vedrørende opbevaring af sikkerhedsstillelser i fysisk form:


    
        Hvis sikkerhedsstillelsen er oprettet efter BEK nr. 646 af 21/06/2012 skal kommunen fortsat opbevare sikkerhedsstillelserne i original fysisk form. Det fremgår af § 7, hvor der står, at den originale sikkerhedsstillelse skal sendes til kommunen.
        Hvis sikkerhedsstillelsen er oprettet efter bekendtgørelser, der er nyere end nr. 646 af 21/06/2012, kan de originale sikkerhedsstillelser kasseres, hvis de i øvrigt er digitalisereret. I de senere bekendtgørelser er ordet ”originale” fjernet, og deraf kan udledes, at de gerne må være digitale.";1
"84107409-1184-42f3-95cb-170ae8030ff3";"54.22.00";"Uddannelsens organisering og indhold, gymnasier i almindelighed";"Ingen beskrivelse";1
"844725d4-82a6-4b62-965e-359822887bd5";"20.03.14";"Honorarstøtte til musikvirksomhed";"Sager hvor der afsættes en årlig pulje til honorarstøtte til musikvirksomhed journaliseres med facet S49
        Konkrete ansøgninger om honorarstøtte journaliseres med facet Ø40";1
"84565c67-c77e-441c-8e3d-7f065d64d96f";"21.00.01";"Materialevalg - biblioteker";"Emnet dækker sager i forbindelse med materialevalg, fx sager om:


    
        overvejelser omkring materialets aktualitet, alsidighed og kvalitet
        principper i forbindelse med materialevalg - tilføjes facet P21
        
    


Det konkrete indkøb af det besluttede materiale journaliseres i gruppe 83.07.";1
"8488ae95-5842-49e1-bec1-3172d305d3a5";"06.03.20";"Drift af rensningsanlæg";"Emnet vedrører primært driften og således ikke myndighedsopgaver.
        Emnet dækker den daglige driftssituation omkring rensningen på anlægget. Fx:
        sager om krav til rensningen
        tilsyn
        påbud og forbud (facet K08), hvis forureningen er for stor.";1
"849de1f9-bdbb-4074-b2c1-35a104410061";"27.12.16";"Tilsyn og opfølgning efter servicelovens § 148";"Emnet dækker bl.a. sager om:


    
        socialtilsynets udførelse af tilsyn på vegne af kommunen
        kommunalbestyrelsens tilsyn i henhold til kommunalbestyrelsens vedtagne kvalitetsstandarder
        tilsyn og opfølgning efter SEL § 148 hvor kommunen fører tilsyn med de tilbud, som den har truffet afgørelse om hhv. løbende følger. De enkelte tilsyn efter § 148, vil oftest være knyttet til konkrete sager på relevant emne. Ønskes disse separeret ud som selvstændige sager kombineres med facet K09
        
    


Henvisning til andre emner og facetter:


    
        Sager om kommunalbestyrelsens vedtagne kvalitetsstandarder efter § 138-139 journaliseres med facet P23, kombineret med relevante emne
        Driftsorienteret tilsyn efter § 148a, se emnenr. 27.03.34, 27.03.30, 27.03.26";1
"84c2fcdc-4aea-46d4-b991-2b75e274cf39";"82.20.03";"Projektering af til- og ombygninger";"Ingen beskrivelse";1
"84f06971-7ce7-4ab3-ae27-a98bac422ffe";"83.28.00";"Rengøringsmaterialer og -maskiner i almindelighed";"Ingen beskrivelse";1
"84f7c2be-f241-4d76-bc1e-0f9dc2981183";"85.08.05";"Arkivering i eget arkiv";"Nummeret anvendes til sager om principper for arkivering til eget arkiv. Dette gælder såvel kontorarkiver som nærarkiver og fjernarkiver
        Eksempelvis kan der ligge beslutninger om, hvordan arkivsamlinger opbygges, indrettes, og hvornår der sker overflytning fra det ene arkiv til det andet
        Sager om selve arkivinstitutionens fysiske indretning og drift journaliseres under relevante 82 og 83 hovedgruppenumre";1
"851c2652-3e72-4b40-8126-bd4e39292bf3";"28.03";"Drift af dag-, fritids- og klubtilbud";"Gruppen dækker sager om drift, etablering, tilladelser til drift, driftsaftaler, godkendelser mv. af dag-, fritids- og klubtilbud, private pasningsordninger og åbne pædagogiske tilbud.

Aftaler/driftsoverenskomster med institutioner journaliseres på relevant emne i gruppen med facet P27.";1
"8521c89e-55f4-49fa-9c3a-04983491221e";"09.19.00";"Badevand og badeområder i almindelighed";"Ingen beskrivelse";1
"8523dfbe-131f-45cb-968d-c50c2e57b1b5";"01.02.20";"Vindmølleplanlægning";"Emnet dækker sager om vindmølleplanlægning.
        Grøn ordning til styrkelse af lokale landskabelige og rekreative værdier.
        Landzonetilladelse til opstilling af vindmølle, se emnenr. 01.03.03.
        Sager om støj fra vindmøller, se gruppe 09.11.";1
"852a778c-1ccc-425e-9e6b-ede9308cee22";"85.04.02";"KL autoriserede standardblanketter";"Emnet er bl.a. til sager om blanketlicens vedr. KL autoriserede standardblanketter, der også kan gå under andre produktnavne, fx Dafolo eller Kruse.";1
"852de8f7-c915-4192-b6a7-d9df5fa801cd";"82.20.00";"Til- og ombygning, kommunens ejendomme i almindelighed";"Sager om anlæg, herunder nyanlæg, kan inddeles i en række faser, der adskilles sagsmæssigt. Følgende facetter kan anvendes ifm. anlægsprojekter:


    
        anlægsplan med facet P16
        anlægsprojekter med facet P20
        anlægsbevilling under emnenr. 00.30.08 med facet P19
        aflevering af byggeregnskab under emnenr. 00.32.04 med facet G01
        godkendelse af anlægsregnskab under emnenr. 00.32.04 med facet P19
        byggemøder med facet P35";1
"853867c3-6316-4808-946f-2bea9614c8b4";"83.23.03";"Immobilt entreprenørmateriel";"Ingen beskrivelse";1
"85398308-b2bc-46f7-9968-69b06d6523d8";"84.06.00";"Folkeafstemninger i almindelighed";"Emnet dækker sager om folkeafstemninger

Historik


    
        Emnet har være udfaset siden august 2019, og i stedet henvist til gruppe 84.01 Folketingsvalg
        Genoprettet maj 2022, for at kunne adskille sager om folkeafstemninger";1
"855b7459-d065-47aa-9f27-3b731e2d8a92";"18.10.08";"Socialområdet, ungdomsskoletilbud";"Kommunalbestyrelsen kan beslutte, at ungdomsskoletilbuddet også skal omfatte andre aktiviteter, som i overensstemmelse med ungdomsskolens formål kan indgå i kommunens samlede ungdomspolitik.
        Disse andre aktiviteter kan indgå i et samspil med eksempelvis uddannelses- og oplysningsområdet (emnenr. 18.10.05), fritidsområdet (emnenr. 18.10.06), arbejdsmarkedsområdet (emnenr. 18.10.07) og socialområdet (emnenr. 18.10.08).";1
"857c773d-9e66-4767-ae83-d93ba98d737b";"28.06.16";"Børnenormering / -tal";"Emnet dækker bl.a. sager om:


    
        børnenormering / antal børn pr. institution/dagpleje
        opmåling af diverse lokaler med henblik på fastlæggelse af børnetallet
        indsamling af data til understøttelse af minimumsnormeringer i daginstitutioner m.v.
        
    


Henvisning til andre relevante emner:


    
        normering af antal ansatte/medarbejdere placeres under emnenr. 81.01.01";1
"85851377-8f07-4a40-90f5-6a9c9251f04e";"81.00.10";"Overførsel af personale";"Emnet dækker overordnede sager om overførsel af personale mellem myndigheder fx ved overflytning af opgaver på skatteområdet, opgave- og strukturreform mv.
        De konkrete sager i relation til den enkelte medarbejder, fx ansættelse, løn journaliseres under relevante emne.
        Se også gruppe 00.18 vedr. opgave- og strukturreform.";1
"85f3d254-a0f2-4ac8-8afb-a34bf39dc2c7";"09.08.09";"Tilsyn med kortlagte arealer";"Her journaliseres bl.a. sager om:


    
        Tilsyn med kortlagte arealer - tilføjes facet K08
        Videregivelse af sager til anden myndighed om manglende efterkommelse af påbud";1
"85fb38d3-4cef-4694-9b17-795a0bcf0790";"00.34.05";"Realkreditlån og kreditforeningslån";"Emnenummeret bruges i de tilfælde hvor der direkte er tale om realkreditlån eller kreditforeningslån
        
    


Følgende facetter anvendes typisk:


    
        G01 Generelle sager
        P19 Godkendelser
        Ø54 Kontrakter";1
"860fd8ab-9aff-46fe-94b7-a5e82ca98ade";"05.05.06";"Vedligeholdelse / renovering, pladser, torve og holdepladser";"Ingen beskrivelse";1
"861a1868-52b0-11e3-8697-0050c2490048";"87.14";"Arbejdsmiljøcertificering";"Ingen beskrivelse";1
"861a1868-52b0-11e3-8698-0050c2490048";"87.14.00";"Arbejdsmiljøcertificering i almindelighed";"Emnet dækker sager om arbejdsmiljøcertificering og arbejdsmiljøcertifikat.";1
"863b73c1-eeea-4190-8b42-6cf09a5c26f9";"81.30.01";"Tjenestefrihed med løn";"Ingen beskrivelse";1
"864c574e-2529-4951-86a9-655f6d721507";"28.12";"Fritidshjem til børn i skolealderen";"Gruppen dækker sager om fritidshjem til børn i skolealderen. Sager om etablering/godkendelser/driftsaftaler ift fritidshjem journaliseres i gruppe 28.03";1
"8660c06c-cc03-4b75-aa32-09f6028fe527";"27.57.00";"Botilbud i almindelighed";"Ingen beskrivelse";1
"867110da-e634-4641-bfee-6a3faaf3b858";"09.00.06";"Vandplaner og kommunale vandhandleplaner efter miljømålsloven";"Emnet dækker sager om vandhandleplaner efter miljømålsloven. Den kommunale vandhandleplans forskellige faser kan opdeles via facetterne:


    
        Udarbejdelse af forslag 01.02.05 P15
        Annoncering 01.02.05 A50
        Høringsfase 01.02.05 K04
        Endelig plan 01.02.05 P15
        
    


Sager efter miljøbeskyttelsesloven om beskyttelse af overfladevand og grundvand journaliseres i henholdsvis gruppe 06.11 og gruppe 09.08.";1
"8674f7d4-d287-4b4c-a09e-2b1ac4ac3ac5";"87.00.10";"Arbejdsmiljødrøftelse";"Emnet er til sager om arbejdsmiljødrøftelsen, der skal gennemføres hvert år af arbejdsgiver i samarbejde med medlemmerne af arbejdsmiljøorganisationen.
        Overfor Arbejdstilsynet skal det kunne dokumenteres, at den årlige arbejdsmiljødrøftelse har fundet sted.";1
"8686d0af-4855-4b3c-80be-2075d4fb439a";"25.02.03";"Dækningsafgift";"Emnet dækker bl.a sager om:


    
        dækningsafgift af grundværdien og af forskelsværdien for ejendomme som er fritaget for grundskyld
        dækningsafgift af visse erhvervsejendomme";1
"868d2631-0858-4bcb-ad34-3752c6cd1046";"54.06.08";"Organisering af undervisningen";"Ingen beskrivelse";1
"86a00a63-c940-4c55-b2a7-8ae0a03d1baf";"18.01.00";"Ungdomsskolens generelle og overordnede forhold i almindelighed";"Emnet dækker bl.a. sager om


    
        samarbejder / partnerskaber med kommunens folkeskoler.
        samarbejde mellem kommunernes ungdomsskoler om undervisningstilbud 
        konkrete aftaler tilføjes facet P27";1
"86a9b41b-9f95-44ea-be24-ec726c825241";"13.00.05";"Sparekampagner";"Ingen beskrivelse";1
"86bec627-6c6e-424b-a17d-c203a21c70f4";"03.00.07";"Opskrivning af værdien af ejendomme med tilskudsdeklaration";"Her journaliseres sager omkring opskrivning af værdien af ejendomme, hvortil der er knyttet en tilskudsdeklaration.
        Sager omkring frigørelse for visse tilskudsbestemmelser og sager om godkendelse af vedtægtsændringer for andelsboliger med tilskudsbestemmelser journaliseres under emnenr. 03.00.05.";1
"86c08e3f-6b36-4c7a-8292-bfe3b424df51";"04.11.03";"Nyanlæg af strande";"Sager om anlæg, herunder nyanlæg, kan inddeles i en række faser, der adskilles sagsmæssigt. Følgende facetter kan anvendes ifm. anlægsprojekter:


    
        Anlægsplan P16
        Anlægsprojekter P20
        Anlægsbevilling 00.30.08 med P19
        Aflevering af byggeregnskab 00.32.04 med G01
        Godkendelse af anlægsregnskab 00.32.04 med P19
        Byggemøder P35";1
"86c50bc3-5021-4127-9ceb-5a924df02293";"14.02.00";"Egenbeskyttelse i almindelighed";"Ingen beskrivelse";1
"86cef01e-5a7a-4c44-a764-2fb415d64312";"54.34.06";"Studierejser";"Ingen beskrivelse";1
"86e95941-ff3a-11eb-838e-0050c2490048";"06.01.54";"Ekspropriation til spildevandsanlæg";"Emnet dækker bl.a. sager om:


    
        Ekspropriation til spildevandsanlæg.
        
    


Henvisning til relevante facetter:


    
        Afgørelse om ekspropriation tilføjes facet P19
        Ekspropriationserstatning tilføjes facet Ø61";1
"87117ccd-2138-4864-9ea1-948e1d2d69f8";"83.06.00";"Beklædning og tekstiler i almindelighed";"Ingen beskrivelse";1
"872d89cc-0039-4ee5-9adb-3fec5d47d5e3";"23.05.05";"Navne- og adressebeskyttelse";"Emnet dækker bl.a. sager om:


    
        Registreredes beskyttelse mod videregivelse af oplysninger, herunder
        Navne- og adressebeskyttelse
        Lokalvejviserbeskyttelse
        Markering i CPR vedrørende kreditgivning";1
"874125c2-6a4c-40bd-b251-3f2b1df9c0fe";"81.00";"Kommunens personale";"Ingen beskrivelse";1
"87f851ae-aed8-11ea-9f14-0050c2490048";"09.40";"Miljøvurdering";"Gruppen er til sager om miljøvurdering af planer og programmer og af konkrete projekter (VVM).
        
    


Gruppen erstatter:


    
        09.00.04 Miljøvurdering af planer og programmer (udgår feb. 2021), og
        01.16 Vurdering af Virkninger på Miljøet (VVM) (udgår feb. 2021).";1
"8806edca-fc8a-47a0-9414-0d92b56ca443";"81.35";"Disciplinære foranstaltninger";"Gruppen dækker bl.a. sager om disciplinære personaleforanstaltninger. Herunder journaliseres også undersøgelser af arbejdets udførelse (dog ikke vedrørende arbejdsmiljø) med anvendelse af facet P05. Sager om arbejdsmiljø journaliseres i hovedgruppe 87.";1
"882b4c57-a0a5-49f6-b53e-f07e53cbd8f0";"04.08.10";"Nyanlæg af udendørsanlæg";"Sager om anlæg, herunder nyanlæg, kan inddeles i en række faser, der adskilles sagsmæssigt. Følgende facetter kan anvendes ifm. anlægsprojekter:


    
        Anlægsplan P16
        Anlægsprojekter P20
        Anlægsbevilling 00.30.08 med P19
        Aflevering af byggeregnskab 00.32.04 med G01
        Godkendelse af anlægsregnskab 00.32.04 med P19
        Byggemøder P35";1
"88353b8f-54d5-4dd0-a14e-99343727cfa6";"05.02.02";"Istandsættelse og vedligeholdelse - private fællesveje";"Emnet dækker bl.a. sager om: 


    
        Tilsyn med private fortove
        Sager om tilsyn tilføjes facet K08";1
"886ceaf7-0305-11ef-980b-0050c2490048";"02.34.35";"Midlertidig overnatning";"Emnet dækker sager om:


    
        Anmeldelse af midlertidig overnatning
        Byggetilladelse til midlertidig overnatning";1
"88a006e1-c0ee-421d-9377-b71eef5a2cdf";"14.05.10";"Forurenings-, miljø- og CRBNE-materiel";"Ingen beskrivelse";1
"88afce54-870c-11e7-bb31-be2e44b06b34";"27.35.24";"Sociale akuttilbud";"Emnet dækker sager om oprettelse og drift af sociale akuttilbud efter servicelovens § 82c, herunder sager om de konkrete ydelser, der tilbydes.
        Formålet med et socialt akuttilbud er at tilbyde personer med psykiske lidelser akut støtte, omsorg og rådgivning.";1
"88b4e9f6-6f6f-11eb-bc15-0050c2490048";"29.08.24";"Tilbud om vaccination mod COVID-19";"Emnet dækker bl.a. sager om:


    
        opsøgende tilbud til hjemmeboende borgere over 65, der modtager hjemmehjælp, om hjælp til vaccination mod Covid-19
        transport til og fra vaccinationssted
        praktiske foranstaltninger ifm. vaccinationer på plejehjem og midlertidige døgnophold
        registrering af givne vaccinedoser
        se i øvrigt vejledning til journalisering ifm Covid-19 under serviceteksten til gruppe 29.08
        
    


Henvisning til relevante facetter:


    
        Sager om information til ældre om vaccination mod Covid-19 tilføjes facet A50.";1
"88d6857e-3985-4993-adf6-3d15bcc686e2";"05.01.13";"Afvanding og dræning af veje";"Emnet dækker sager om afvanding og dræning af veje, hvor det behandles som en selvstændig sag
        Afvanding og dræning vil i flere tilfælde naturligt indgå i sager om vejes anlæg og renovering
        Under emnenr. 05.01.13 placeres de efterfølgende sager, eksempelvis om vand på vejbanen, akvaplaning o.l.";1
"8906d5b0-5bd2-4fdf-91cb-07f5f86bc9e6";"07.20.12";"Brugers anvendelse af affaldsprodukter";"Her journaliseres bl.a. sager om:


    
        gødningsplaner
        markplan for jordbrugsdriften for indeværende planperiode og kort med angivelse af udspredningsarealer - tilføjes facet G01.";1
"8907c4da-64e8-4696-896d-1fba7dc37bc2";"08.08.05";"Hovedreparationer / istandsættelse, færgelejer";"Ingen beskrivelse";1
"89237c82-b433-48e1-b454-55e300ceee98";"09.23";"Markafbrændinger";"Ingen beskrivelse";1
"892fdea3-167b-4857-bac6-bcc8e2dd417b";"87.10";"Arbejdsmiljø - hviletid og fridøgn";"Ingen beskrivelse";1
"8930dc2b-2fd3-4fe7-bd1b-26a0c0979bb3";"82.14.00";"Nøglesystemer, kommunens ejendomme i almindelighed";"Ingen beskrivelse";1
"894bd0db-7426-4501-adc7-5bce778e88bc";"87.12";"Arbejdsmiljø - lægeundersøgelser mv.";"Ingen beskrivelse";1
"8962feb1-8ddd-41c7-85e5-ee7dd54b0ad7";"83.38.00";"Affalds- og renovationsmaterialer i almindelighed";"Ingen beskrivelse";1
"89819e2f-8224-45f3-a6b9-9f4bc7d82c03";"09.30.03";"(C) Oplagring og fremstilling på basis af mineralolie, mineralolieprodukter og naturgas";"Emnet dækker bl.a. sager om kommunens tilsyn med brugerbetalingsbekendtgørelsens bilag 1-virksomheder, under pkt. C.
        De konkrete sager om tilsyn journaliseres med facet K08.";1
"89e61281-e51e-4478-a8ac-4d99d0b6fc01";"07.18";"Affald fra husholdninger, indsamlingsordninger";"Ingen beskrivelse";1
"89e6dd54-b9c5-478e-9075-b3fd08c47b16";"32.00";"Kontante ydelser";"Ingen beskrivelse";1
"8a1dc6af-ac7e-432e-a0f2-a4ebd88b48e1";"01.11.35";"Boligkommissionens organisering";"Emnet dækker bl.a. sager om:


    
        nedsættelse af boligkommission - tilføjes facet A30.
        fastlæggelse af procedurer for boligkommissionens arbejde - tilføjes facet A26.
        
    


Konkrete sager boligkommissionen behandler, journaliseres under emnenr. 01.11.34.";1
"8a2c95b8-dba2-4d94-a1b9-e8b6e90cc1fd";"04.31.09";"Renovering af kirkegårde";"Ingen beskrivelse";1
"8a52ded4-1b2b-45df-9e8c-9d321869c71f";"03.10.12";"Mærkning og ommærkning af almene boliger";"Emnet dækker bl.a. sager om:


    
        mærkning af almene boliger
        beslutning om udlejning af almene plejeboliger til personer under 35 år
        
    


Henvisning til relevante facetter:


    
        konkrete aftaler om mærkning tilføjes P27";1
"8a709cfa-2298-4452-bc4f-b6212fb49a16";"01.03.06";"Ændret anvendelse af landbrugsejendomme";"Ingen beskrivelse";1
"8a74728a-be9b-4d37-a064-e175f5780c64";"07.20.08";"Afhændelse af affaldsprodukter";"Emnet dækker bl.a. sager om:


    
        deklaration og leveringsaftaler i forbindelse med afhændelse af affald.
        årlige indberetninger til kommunen om affald der er afhændet til anvendelse til jordbrugsformål
        indberetninger til Miljøstyrelsen";1
"8ab4ac01-55ed-43f4-b950-97f666a36a96";"27.15";"Brugerinddragelse, rådgivende samarbejdsorganer m.v.";"Gruppen er til sager om brugerinddragelse, rådgivende samarbejdsorganer mv. Herunder samarbejde med frivillige organisationer og foreninger.";1
"8ab4fb2c-4aeb-473a-a9d9-ae91e216b14e";"83.02";"Telefoner, kommunikationsapparater, av-udstyr mv.";"Ingen beskrivelse";1
"8ad7f040-d768-4776-83d1-492d2dd95d9f";"32.42.12";"Tilskud til ydelser købt eller leveret i et andet EU/EØS-land";"Der kan ydes tilskud til visse varer, der købes i et andet EU-/EØS-land, og tjenesteydelser, der leveres i et andet EU-/EØS-land.
        Emnet er således til sager, hvor kommunalbestyrelsen træffer afgørelse om adgang til tilskud og udbetaling heraf.";1
"8afa034a-b090-42ee-a600-d1891f86e791";"07.20.10";"Opbevaring af affaldsprodukter til jordbrugsformål";"Her journaliseres sager, der vedrører opbevaring af affaldsprodukter til jordbrugsformål.
        Tilsyn med opbevaring af slam fra offentlige spildevandsanlæg journaliseres på dette emne med facet K08.
        Sager om godkendelse af listevirksomhed journaliseres i gruppe 09.02";1
"8b01dd5f-b285-4883-a1ee-4f3cb263bf03";"27.60.04";"Kropsbårne hjælpemidler";"Emnet dækker bl.a. sager om bevilling og tildeling af kropsbårne hjælpemidler.
        
    


Bemærkninger til brug:


    
        Hvis et hjælpemiddel både kan betegnes som et kropsbårne hjælpemiddel og genbrugshjælpemiddel, vælges emnet genbrugshjælpemiddel.
        
    


Henvisning til andre relevante emner:


    
        Kommunens indkøb af hjælpemidler (og dermed leverandøraftaler) journaliseres i gruppe 83.33.";1
"8b243ffc-83b5-4347-b6f7-1b9901b7bfb2";"01.06.05";"Grundkort";"Ingen beskrivelse";1
"8b4eb3e5-c172-48ef-8115-14a4debb8390";"85.15.10";"Erfa-samarbejde";"Ingen beskrivelse";1
"8b55336c-450a-40d1-b701-6950409d1797";"17.02.12";"Skemalægning";"Emnet dækker bl.a. sager om:


    
        skemalægningen, herunder placering af konfirmationsforberedelse
        den enkelte lærers ønsker til skemaet.";1
"8b565e01-8688-47a3-a56e-08ea2b05afe2";"32.21.08";"Hjælp til udgifter ved deltagelse i integrationsprogrammer";"Kommunen kan yde hjælp til rimelige og dokumenterede udgifter i forbindelse med udlændinges deltagelse i selvforsørgelses- og hjemrejseprogrammet eller introduktionsprogrammet, herunder deltagerudgifter, transportgodtgørelse, arbejdsredskaber og undervisningsmaterialer.";1
"8b66494e-4024-4825-9650-b89191dfa28e";"54.18.00";"Særligt tilrettelagt ungdomsuddannelse i almindelighed";"Ingen beskrivelse";1
"8bab5b20-8d00-11e5-874e-0050c2490048";"03.22.15";"Afregningspriser for ydelser efter serviceloven ift. friplejeboligleverandører";"Emnet dækker bl.a. sager om kommunalbestyrelsens fastsættelse af afregningspriser for ydelser efter serviceloven i forhold til friplejeboligleverandører";1
"8bb1c156-f453-4618-992f-3212ac7261be";"23.06";"Borgerlig personregistrering";"Ingen beskrivelse";1
"8be857c2-074c-4d35-a7c4-7d7e55116df7";"01.07.03";"Opførelse af flere bygninger";"Ingen beskrivelse";1
"8bff5c02-ea5e-11e3-9e63-0050c2490048";"15.17.26";"Jobafklaringsforløb";"Emnet dækker bl.a. sager om:


    
        Jobafklaringsforløb til sygedagpengemodtagere, som er uarbejdsdygtige på grund af egen sygdom, og som ikke kan få forlænget sygedagpengene.
        
    


Henvisning til relevante emner:


    
        Sager om ressourceforløbsydelse for personer i jobafklaringsforløb, se emnenr. 32.24.30.";1
"8bff5c02-ea5e-11e3-9e64-0050c2490048";"32.24.30";"Ressourceforløbsydelse, jobafklaringsforløb";"Emnet dækker sager om ressourceforløbsydelse til sygedagpengemodtagere, som ikke kan få forlænget deres sygedagpenge, men som fortsat er uarbejdsdygtige. Samtidig med overgangen til ressourceforløbsydelsen påbegyndes et jobafklaringsforløb.
        Konkrete sager om ressourceforløbsydelse tilføjes facet G01
        Sager om selve jobafklaringsforløbet, se emnenr. 15.17.26";1
"8bff5c02-ea5e-11e3-9e65-0050c2490048";"54.17.12";"Indfødsretsprøve";"For at opnå indfødsret skal ansøgere bestå en indfødsretsprøve, som afholdes af kommunale sprogcentre eller private sprogskoler, som har indgået aftale med kommunen om danskundervisning til voksne udlændinge.";1
"8c1df4aa-89c1-440f-9173-aa65ae8550de";"85.15.08";"Elektronisk fakturering / EAN lokationsnumre";"Emnet dækker bl.a. sager om:


    
        elektronisk fakturering
        tildelling og vedligehold af organisatoriske enheders og institutioners EAN lokationsnumre
        
    
    


Henvisning til andre relevante emner:


    
        Sager om kommunens CVR nummer journaliseres under emnenr. 85.02.20.";1
"8c1ffe06-5601-4b4e-9df4-b18b2a56e780";"81.01";"Stillinger i kommunen, klassificering mv.";"Gruppen dækker bl.a. sager om:


    
        Antallet af normerede stillinger
        Klassificering af de normerede stillinger
        Konkrete ændringer i klassificeringerne";1
"8c2fef30-9f46-4700-95ee-78dc5c935973";"03.14.00";"Støttede private ungdomsboliger i almindelighed";"Ingen beskrivelse";1
"8c4ec865-3f47-42a0-b8c4-59cd0daf1d58";"08.05";"Farvandsafmærkninger";"Ingen beskrivelse";1
"8c637fc8-52c6-4340-87e2-ddd0825e0669";"88.24.00";"Offentligt privat samarbejde om indkøb i almindelighed";"Ingen beskrivelse";1
"8c7a1916-5525-41c5-bc2e-8fed17531054";"17.21";"Befordring af elever";"I denne gruppe placeres alle sager omkring elevbefordring samt sager om vurdering af skolevejens farlighed.
        De konkrete foranstaltninger efter erkendelse af farlig skolevej i form af eksempelvis trafikbump, lyssignaler, indsnævringer, hastighedsbegrænsninger o.l. placeres i gruppe 05.13.";1
"8c7baad2-1a88-4968-8d30-33c788394c5d";"01.06.00";"Geografiske informationssystemer i almindelighed";"Emnet dækker bl.a. sager om:


    
        Kommuners udstilling af geodata
        Kommuner, som har indsamlet geodata i samarbejde med andre kommuner og Geodatastyrelsen, har mulighed for at stille disse data frit til rådighed for myndigheder, virksomheder og borgere";1
"8c7eeb29-5112-4471-8e56-4c0e6042e034";"83.31.00";"Pumper og pumpeanlæg i almindelighed";"Ingen beskrivelse";1
"8c8c393a-c2e5-472a-a192-73a68e76408d";"04.11.20";"Hærværk på strande";"Ingen beskrivelse";1
"8cc9765d-d7e7-4760-babe-5c2fffa61feb";"29.12.20";"Sundhedsmæssig bistand til skoler";"Emnet dækker sager omkring vejledning om almene sundhedsfremmende og sygdomsforebyggende foranstaltninger på skoler
        Sager omkring denne form for vejledning i daginstitutioner/dagpleje placeres under emnenr. 29.12.16. På den måde kan kommunerne skelne administrativt mellem aktiviteterne rettet imod henholdsvis skoler og daginstitutioner/dagpleje.";1
"8cf384ad-dee9-4d8d-8e80-62e81f41c7d1";"06.00.10";"Recipientkvalitet";"Ingen beskrivelse";1
"8d207d82-d0b2-11e5-83ad-0050c2490048";"85.02.08";"Journalføring og journalnotat";"Emnet dækker bl.a. sager om:


    
        Tilrettelæggelse af journalføringen
        Kvalitetssikring eller retningslinjer for journalføringen
        Arbejdsgangsbeskrivelser, egne procedurer
        
    


Borgerens konkrete journal, patientjournal, etc. journaliseres under relevante emne og CPR";1
"8d39da97-4dd2-45c6-a880-7beaa4fbb138";"27.57.16";"Midlertidige botilbud efter servicelovens § 110 (forsorgshjem og herberger)";"Emnet dækker bl.a. sager om:


    
        Visitation til boformer/ døgntilbud efter servicelovens § 110
        Anvisning til udslusningsbolig og refusion til lejere i udslusningsboliger
        Huslejetilskud i udslusningsboliger (SEL § 163a)
        Betaling for ophold i boformer efter SEL § 110 jf. SEL § 163 stk. 2-3
        Afgørelse om at udskrive en borger fra en § 110 boform
        
    


Henvisning til andre relevante emner/grupper:


    
        Husvilde efter SEL § 80, se emnenr. 27.35.12
        Sager om opbygning, struktur, tilrettelæggelse og fastlæggelse af egenbetaling, se gruppe 27.03
        
    


Emnet dækker desuden:


    
        Ansøgning til socialtilsynet om godkendelse
        Socialtilsynets godkendelser og tilsyn";1
"8d6416f3-a60a-4152-9eed-488a6ba33d7e";"04.21.05";"Fremme af udviklingen i særlige landdistrikter";"Ingen beskrivelse";1
"8d707098-92ba-4fa2-b278-2f879e7ea859";"15.22.09";"Personlig assistance til handicappede under efter- og videreuddannelse";"Her journaliseres sager om personlig assistance til handicappede under efter- og videreuddannelse.
        Det kan fx være sager om tilskud til undervisningstimer samt til forberedelse.";1
"8db27074-0d32-43de-83c1-81401025d4da";"04.12.00";"Vandrerhjem i almindelighed";"Emnet dækker bl.a. sager om:


    
        driftsaftaler med vandrerhjem
        økonomisk støtte til vandrerhjem (hjemmel i kommunalfuldmagten)
        
    


Henvisning til relevante facetter:


    
        Driftsaftaler tilføjes facet Ø54";1
"8de55b6e-2e82-4c29-8e27-f2f3e02650b3";"09.02.04";"(D) Kemisk og biologisk fabrikation mv.";"Emnet dækker bl.a. sager om:


    
        godkendelse og godkendelsespligt af listevirksomhed vedrørende (D) Kemisk og biologisk fabrikation mv.
        tilsyn med listevirksomhed
        
    


Henvisning til relevante facetter:


    
        Sager om tilsyn tilføjes K08
        Sager om godkendelser tilføjes P19
        
    


Navngivningen af emnerne følger listen af godkendelsespligtige listevirksomheder i bilag 1 og 2 til godkendelsesbekendtgørelsen";1
"8df8189e-3a58-47bb-ac32-00ad44d3ea1d";"04.00.00";"Parker, fritids- / idrætsanlæg og landskabspleje i almindelighed";"Emnet dækker bl.a.:


    
        Generelle sager om parker, fritids-/idrætsanlæg og landskabspleje
        Sager om parker, fritids-/idrætsanlæg og landskabspleje som dækker to eller flere grupper i hovedgruppe 04, eller ikke entydigt kan placeres under et af emnerne i hovedgruppe 04";1
"8df91395-6b5b-4b3a-a349-4268ec99054b";"09.17.60";"Tilsyn med husdyrbrug";"Konkrete sager om tilsyn tilføjes facet K08.
        Emnet er oprettet for at samle landbrugstilsyn, som dækker flere emner i gruppen, ét sted.
        Sager om tilsyn kan ligeledes placeres under relevante emne, med facet K08.";1
"8e137a14-3428-432d-bcf4-5b40c10041df";"32.30.04";"Udbetaling af sygedagpenge";"Her journaliseres bl.a. sager om:


    
        beregning og udbetaling af sygedagpenge
        afgørelse om forlængelse af sygedagpengeperioden
        statsrefusion af sygedagpenge, tilføjes handlingsfacet Ø36
        
    


Der findes i KLE to emner vedrørende sygedagpenge, nemlig:


    
        KLE 32.30.04 Udbetaling af sygedagpenge og
        KLE 15.17.06 Sygedagpengeopfølgning
        
    


Selv om begge emner tilsammen dækker over én enkeltsag og del af det samme sygeforløb, er der oprettet et selvstændigt emne til selve sygedagpengeopfølgningen, og kan anvendes, såfremt myndigheden ønsker at adskille opfølgningen i en selvstændig sag.";1
"8e4f5169-5646-4bf8-89a4-444134d5c1fb";"32.27";"Ydelser efter beskæftigelsesindsatsloven og fleksydelsesloven";"Ingen beskrivelse";1
"8e508392-dd4a-49f3-a467-f8f59d2e8b9d";"24.10.11";"Regionale erhvervsudviklingsprogrammer";"Emnet dækker bl.a. sager om regionale erhvervsudviklingsprogrammer, herunder også sager om en regional vækst- og udviklingsstrategi.";1
"8e990a15-1541-4f9f-b2ef-a1f73795047e";"81.08";"Frikøb af medarbejdere";"Ingen beskrivelse";1
"8ea37b40-5c29-11ed-983f-0050c2490048";"00.17.25";"Tværsektorielle aktiviteter og samarbejder";"Emnet dækker sager om:


    
        Emnet dækker sager om tværsektorielle aktiviteter og/eller samarbejder, der ikke entydigt kan placeres under et konkret emne og hovedgruppe
        Eksempler kan være projekter om fremme af samarbejde på tværs af sektorer, ligestillingsprojekter, samarbejder på tværs af forvaltningsområder
        
    


Henvisning til andre relevante emner:


    
        Tværsektorielle udviklingsprojekter, se emnenr. 00.16.02
        Ligestilling og ligebehandling af personale, se emnenr. 81.00.15";1
"8ea71d12-8436-4329-a0fd-33c959044973";"18.09";"Ungdomsskolens bestyrelse, råd";"Ingen beskrivelse";1
"8eb8eadb-3628-476b-95ec-8f7c93ef039c";"04.01.11";"Pleje af parker og anlæg";"Ingen beskrivelse";1
"8f847ae9-cc68-414a-81b3-6444b46d8480";"85.15";"Drift af it-systemer og systemanvendelse";"Gruppen dækker bl.a. sager om:


    
        Drift og anvendelse af IT-systemer
        IT-sikkerhed og sikkerhedsforanstaltninger
        Driftssikkerhed
        IT-kriminalitet
        Sager vedrørende dataregistre/ forskrifter journaliseres i gruppe 85.10
        Sager om udbud af it-systemer journaliseres i hovedgruppe 88";1
"8fa08fd9-5537-400a-841b-abf40dc7fdf6";"83.11.06";"Indretning af køretøjer";"Ingen beskrivelse";1
"8fa5ee9a-4857-4fba-9848-8483670ea3fa";"17.15.02";"Basisundervisning i udvidede modtagelsesklasser";"Emnet dækker sager om:


    
        Basisundervisning i dansk som andetsprog i en udvidet modtagelsesklasse.
        Tilrettelæggelse af undervisningen
        
    


Tosprogede elever, hvis behov for sprogstøtte betyder, at de ikke ved optagelsen kan deltage i den almindelige undervisning i klassen med et tilstrækkeligt udbytte, skal gives basisundervisning i dansk som andetsprog.

Henvisning til andre relevante emner:


    
        Sager om visitation og afdækning af sproglige kompetencer mv, se emnenr. 17.15.12";1
"8faa216d-9899-4b27-a370-3cd172a4cd3f";"29.27.00";"Befordring og befordringsgodtgørelse efter sundhedsloven i almindelighed";"Emnet dækker sager om befordring og befordringsgodtgørelse i forbindelse med genoptræning samt til og fra alment praktiserende læge eller speciallæge.
        Emnet dækker også sager, hvor kommunalbestyrelsen træffer afgørelse om, hvorvidt patient og ledsager skal tilbydes overnatning eller overnatningsgodtgørelse, samt om ledsager skal tilbydes befordring eller befordringsgodtgørelse.";1
"8fab188f-1c6d-43fb-a8e4-c06637b11030";"81.02";"Rekruttering";"Ingen beskrivelse";1
"8faf3a9a-e9ae-11e8-8e54-0050c2490048";"87.12.04";"Helbredskontrol ved natarbejde";"Emnet dækker bl.a. sager om helbredskontrol af personale, som udfører natarbejde.
        Medarbejdere som udfører natarbejde skal tilbydes en gratis helbredskontrol i forbindelse med deres natarbejde.
        Personalesager om sygdom og fravær journaliseres under emnenr. 81.28.00";1
"8feec5ea-c16b-49cc-8e8b-4edee48f1f3e";"82.16.01";"Sæsonudlån af kommunens ejendomme og lokaler";"Ingen beskrivelse";1
"9059e74f-2f30-4842-a559-ccd2896dbba6";"81.36";"Afsked";"Ingen beskrivelse";1
"906a3e7c-bce6-11e9-a820-0050c2490048";"81.29.08";"Nærved-ulykker, personale";"Emnet dækker bl.a. sager om:


    
        Registrering af nærved-ulykker. Nærved-ulykker er ulykker, der var lige ved at ske eller en pludselig hændelse, der kunne have medført personskade, men ikke gjorde det.";1
"906f2ac1-f219-4f6b-a03e-867fe3db9ee4";"83.01.04";"Institutionsinventar / udstyr";"Ingen beskrivelse";1
"9097c394-f28e-11ef-aad3-0050c2490048";"85.13.10";"Webtilgængelighed";"Emnet dækker bl.a. sager om implementering og sikring af webtilgængelighed.
        Sager om tilgængelighed for handicappede/personer med nedsat funktionsevne på kommunens hjemmesider journaliseres også her.
        
    


Historik:


    
        Sager om webtilgængelighed på kommunens hjemmesider lå tidligere under emnenr. 00.13.10.";1
"909e2ae5-da75-4690-852d-610fe18d919c";"04.14.10";"Nyanlæg af camping- og lejrpladser";"Emnet dækker sager om nyanlæg af campingpladser og lejrpladser, der ejes af kommunen. Bemærk, at sager om nyanlæg af campingpladser, hvor kommunen er myndighed, journaliseres under emnenr. 01.02.05.
        
    


Sager om anlæg, herunder nyanlæg, kan inddeles i en række faser, der adskilles sagsmæssigt. Følgende facetter kan anvendes ifm. anlægsprojekter:


    
        Anlægsplan P16
        Anlægsprojekter P20
        Anlægsbevilling 00.30.08 med P19
        Aflevering af byggeregnskab 00.32.04 med G01
        Godkendelse af anlægsregnskab 00.32.04 med P19
        Byggemøder P35";1
"90aa7fbe-d007-4043-bca3-43fb474069e9";"84.03.10";"Valgklage / fritagelse for valg";"Ingen beskrivelse";1
"90bfd02b-8092-4b52-855c-e08f87aeadc0";"15.17.12";"Revalidering [udgår 2027]";"Emnet udgår februar 2027, da ordningen om revalidering herunder forrevalidering er ophævet 1. feb. 2026 med L 1750 2025. Emnet opretholdes i en overgangsperiode af hensyn til eksisterende bevillinger.

Oprindelig servicetekst:


    
        Emnet dækker sager om revalidering, herunder konkrete aktiviteter, jobplan, særlig støtte under revalideringen og støtte til start af selvstændig virksomhed.
        
    


Henvisning til andre relevante facetter:


    
        Konkrete sager om revalidering tilføjes G01
        Tilsyn efter bekendtgørelse om andre aktører journaliseres tilføjes facet K09
        
    


Henvisning til andre relevante emner:


    
        Sager om revalideringsydelse, se 32.24.08";1
"90e8b9be-e1ac-4a74-9bd0-e751c8f21753";"84.11";"Valg til forældrebestyrelser";"Ingen beskrivelse";1
"90e9fdbb-047f-44b9-8627-289da641c62a";"04.08.20";"Hærværk på udendørsanlæg";"Ingen beskrivelse";1
"90f1a17b-7f5e-4ad6-93b8-63eea8832244";"09.10.08";"Brændstoffers svovlindhold";"Emnet dækker bl.a. sager om:


    
        brændstoffers overholdelse af grænseværdier for svovl
        kommunalbestyrelsens tilsyn";1
"90f60b98-aeeb-468b-a1a2-4a51223aae80";"81.29.01";"Arbejdsulykker / arbejdsskader vedr. personale";"Emnet dækker bl.a. sager om:


    
        arbejdsulykker vedrørende personale
        arbejdsskader vedrørende personale";1
"90fa57e6-f9fc-4753-af3a-9b667bde8247";"83.07.00";"Informationsmaterialer og programmel i almindelighed";"Ingen beskrivelse";1
"9121275a-4cf4-476b-b76e-1f260d49fdaf";"17.05.15";"Obligatorisk selvvalgt opgave, 10. klasse";"Emnet dækker sager vedr. den obligatorisk selvvalgt opgave i 10. klasse.";1
"9144f628-5ab7-49c7-a58d-d3a52ba79b6c";"15.20.22";"Opkvalificering ved afskedigelse";"Emnet dækker sager om opkvalificering ved afskedigelse.
        Ved større afskedigelser kan kommunen tilbyde jobsøgningskurser og tilskud til opkvalificering.";1
"9146fd1e-7091-44b9-a2eb-c85c454c83ca";"03.03.17";"Kommunens indbetaling og udbetaling af forskelsafgift";"Her journaliseres bl.a. sager om ind- og udbetaling af forskelsafgift til andelsboligforeninger, svarende til forskellen mellem boligafgift og omkostningsbestemt leje.";1
"91573da5-730b-496b-9a92-7870ca40ffc2";"17.27.00";"Kommunal ungeindsats i almindelighed";"Emnet dækker bl.a. sager om:


    
        Overordnede forhold vedr. kommunal ungeindsats
        System til kvalitetsudvikling af vejledning
        Virksomhedsaftaler, og lignende styringsaftaler, Ungdommens Uddannelses-vejledning";1
"915b478a-0598-4fe0-bbc8-b1b2d55faa52";"14.00.22";"Ekstern beredskabsplan for kolonne 3-virksomheder [udgår 2026]";"Emnet udgår nov. 2026, da det er flyttet til gruppe 14.25, som rummer emner til sager om beredskabsopgaver vedrørende risikovirksomheder. 

Oprindelig servicetekst:


    
        Emnet dækker sager om eksterne beredskabsplaner for kolonne 3-virksomheder.
        Beredskabsplanen har bl.a. til formål at beskytte personer og omgivelser i tilfælde af uheld mv., samt at begrænse og genoprette skader som følge af sådan uheld.
        Øvrige sager, der omhandler godkendelsespligtige virksomheder, placeres i gruppe 09.02.";1
"915dccff-09f4-4266-9e4f-e30136098775";"83.27";"El-materiel, el-ledninger";"Ingen beskrivelse";1
"919ea9bb-29f6-4373-b3cb-4ca45b9be4f9";"07.13.00";"Farligt affald i almindelighed";"Ingen beskrivelse";1
"91c43640-ce65-4323-a00b-349bc9cd119b";"14.01.13";"Ambulanceberedskab";"Ingen beskrivelse";1
"91fcc1d6-7748-4f48-8f60-985c289b3cf7";"88.00.04";"Kommunens årlige udbudsplan";"Emnet dækker sager om årlig udbudsplan. Ordregiver kan informere de økonomiske aktører om sine udbudsplaner og krav. Ordregiver kan i denne sammenhæng have dialog og modtage rådgivning fra de økonomiske aktører, forudsat at denne rådgivning ikke overtræder principperne i § 2 i udbudsloven.
        Ordregiver bestemmer, hvilke oplysninger der skal være tilgængelige i køberprofilen. Køberprofilen kan udover vejledende forhåndsmeddelelser indeholde oplysninger om offentliggjorte udbudsbekendtgørelser, igangværende udbud, planlagte indkøb, indgåede kontrakter og annullerede procedurer samt andre oplysninger af almen interesse såsom kontaktpersoner, telefonnummer, postadresse og e-mailadresse.";1
"924102cf-8c97-49c2-bafc-3d0b0c61e97e";"02.25.00";"Brandværnsforanstaltninger for skorstene og ildsteder i almindelighed";"Ingen beskrivelse";1
"92686bec-ad4e-4679-aa95-c05af026cd83";"04.08.12";"Tekniske installationer i udendørsanlæg";"Ingen beskrivelse";1
"928be13e-a791-4440-9f4e-19cf00bafc48";"07.04.10";"Nyanlæg, affaldsbehandlingsanlæg";"Sager om anlæg, herunder nyanlæg, kan inddeles i en række faser, der adskilles sagsmæssigt. Følgende facetter kan anvendes ifm. anlægsprojekter:


    
        Anlægsplan P16
        Anlægsprojekter P20
        Anlægsbevilling 00.30.08 med P19
        Aflevering af byggeregnskab 00.32.04 med G01
        Godkendelse af anlægsregnskab 00.32.04 med P19
        Byggemøder P35";1
"92904c03-0e63-4c6c-89fe-5787df643574";"81.14.10";"Vederlag, honorar og pension";"Ingen beskrivelse";1
"92e8081c-4a2f-426c-bcc2-9bdb31c7d67b";"06.03.02";"Maskiner / inventar, ikke-faste installationer, rensningsanlæg, pumpestationer mv.";"Emnet vedrører primært driften og således ikke myndighedsopgaver.";1
"92fee087-2703-40ac-86bf-2684952765b2";"81.23.08";"AKUT-bidrag";"Ingen beskrivelse";1
"9323bf78-0d71-439d-b296-5bc5f994005d";"83.12";"Flydende materiel mv.";"Ingen beskrivelse";1
"93368f82-3d3e-4b7c-a33d-afc8a1b41563";"81.35.00";"Disciplinære foranstaltninger i almindelighed";"Disciplinære sager, hvor kommunen som arbejdsgiver giver en påtale journaliseres med facet K08.";1
"9346ae97-814f-45a8-96cd-2bd328e0b57c";"18.16.00";"Fritidsaktiviteter uden for folkeoplysningsloven i almindelighed";"Emnet dækker bl.a. sager om:


    
        kommunens fritidsaktiviteter generelt
        fritidspasordninger
        
    


Henvisning til andre relevante emner:


    
        Drejer det sig derimod om folkeskolens arrangementer, herunder også sommerferiearrangementer for folkeskoleelever, anvendes emnenr. 17.13.02.";1
"93626cc7-f469-4f31-8b19-eff62ff3be99";"81.22";"Pension, personale";"Ingen beskrivelse";1
"93edaab6-26f9-4042-8205-3abc025001d7";"02.02.04";"Bygningsfremspring";"Ingen beskrivelse";1
"94151fa3-ff0a-4aab-badb-47e04e01ae78";"13.09";"Udleje / udlån af materiel";"Ingen beskrivelse";1
"941ae1e8-7967-4d27-bf95-47f00a49cbc1";"32.45";"Tilbagebetaling";"Ingen beskrivelse";1
"941cccdf-f5cb-4c69-93a5-9c2ed07c0b6f";"27.35.12";"Husvilde";"Her journaliseres sager om tilbud til husvilde.
        Kommunalbestyrelsen skal anvise husly mod betaling, hvis en enlig eller en familie akut har mistet en bolig, fx pga. brand, orkan eller forurening. Indkvarteringen kan fx være hotel, pensionat eller lignende.";1
"94627e90-6768-42b1-b741-92e16470a7d9";"14.06.10";"Øvelsesanlæg";"Emnet dækker sager om beredskabslokaliteter i form af øvelsesanlæg";1
"946a233f-6f5e-48fc-a2cd-4e7a94d55bc7";"17.05.11";"Den frie selvvalgte opgave, 9. klasse";"Udover den obligatoriske projektopgave kan eleverne på 9. klassetrin tillige udføre en fri selvvalgt opgave.
        Sager om denne opgave placeres under dette nummer.";1
"94702b7c-1e52-11e9-8522-0050c2490048";"25.45.26";"Opkrævning - tilbagebetaling delpension";"Ingen beskrivelse";1
"947c8245-42c8-44ec-9971-fa0e53033500";"13.00";"Forsyning";"Ingen beskrivelse";1
"9483a8e8-64fc-49b9-b817-22c7d7590f00";"81.44.00";"Kongresser, konferencer, årsmøder, foredragsrækker, arrangementer mv. i almindelighed";"Emnet er til kortvarige arrangementer, der ikke har uddannelsesformål.
        Kurser og uddannelse journaliseres i gruppe 81.39.
        Deltagelse i konkrete arrangementer tilføjes facet G01.
        Kommunens egne regler for deltagelse tilføjes facet P21.";1
"94932d22-69e7-43e4-a3f4-1500244a559c";"07.04.03";"Tekniske installationer, affaldsbehandlingsanlæg";"Ingen beskrivelse";1
"94beb4ce-a88f-46a7-8380-c78e64416807";"01.02.32";"Ekspropriation af fast ejendom efter planloven";"Emnet dækker sager om ekspropriation af fast ejendom, der tilhører private, og ekspropriation af private rettigheder over fast ejendom";1
"94c8f858-f4b4-4428-90d9-4af2cd3da1c6";"81.39";"Uddannelse af personale og folkevalgte";"Gruppen dækker bl.a. sager om uddannelse af personale og folkevalgte. Fx:


    
        Rammebeslutninger om personaleuddannelse
        Konkrete sager om den enkelte medarbejders uddannelsesaktiviteter (kurser, efteruddannelse o.lign.)
        Beviser og vurderinger ifm uddannelsesforløb
        Kurser kommunen selv afholder, se også facet G20";1
"94de28d0-e1e3-4ad6-9264-a8d164bb9e87";"01.00.10";"Kommunens arealmæssige afgrænsning";"Emnet er til de forholdsvis få sager, hvor kommunen afgiver eller modtager jord/areal til/fra en nabokommune. Dette kan eksempelvis ske i forbindelse med vejanlæg, hvor det kan være hensigtsmæssigt at ændre kommunegrænsen af hensyn til enkelte lodsejeres benyttelse af deres jord.
        Sager om geografiske afgrænsninger inden for kommunen, fx skoledistrikter og hjemmeplejedistrikter, journaliseres på relevant emne med facet P16.";1
"94e0dbd0-b23c-49de-bf88-18c969aa05d7";"81.34.00";"Sundhedsfremmende foranstaltninger for personalet i almindelighed";"Ingen beskrivelse";1
"94e62d7f-d131-11ec-90a6-0050c2490048";"03.09.19";"Regulering af depositum, forudbetalt leje og sikkerhedsstillelse";"Emnet dækker bl.a. sager om:


    
        Tvister om depositum, forudbetalt leje og sikkerhedsstillelse";1
"950cb5b3-679a-4f14-8a2f-7b6f922c42de";"27.60.00";"Hjælpemidler, forbrugsgoder, boligindretning m.v. i almindelighed";"Emnet dækker bl.a. sager om:


    
        Hjælpemidler, som vedrører to eller flere emner i gruppen, eller ikke entydigt kan placeres under et af emnerne i gruppen";1
"95233cd2-b189-420b-b88d-e9203b69a0d7";"05.04.11";"Vejvisning på cykel-, ride- og vandreruter";"Emnet er til sager om udpegning, planlægning og ændring af regionale og nationale cykelruter. Herunder afmærkning og vejvisning.";1
"9541d135-6f72-11eb-830e-0050c2490048";"81.28.08";"Smitteopsporing, personale";"Emnet dækker bl.a. sager om:


    
        Test af personale for smitsomme sygdomme.
        Registrering og videregivelse af testresultater til sundhedsmyndigheder.
        Udarbejdelse af instrukser for udførelse af tests og håndtering af testresultater.
        
    


Henvisning til relevante facetter:


    
        Sager om smitteopsporing tilføjes facet G01.
        Instrukser om smitteopsporing tilføjes facet A26.";1
"9549cb4a-6a45-11ed-a0de-0050c2490048";"27.42.10";"Plejeboliger til unge under 35 år (visitation og anvisning)";"Emnet dækker bl.a. sager om:


    
        Visitation og anvisning til plejeboliger til unge ml. 18 og 35 år med fysisk eller psykisk funktionsnedsættelse eller særlige sociale udfordringer
        Afholdelse af udgifter til istandsættelse ved fraflytning
        Vurdering af lejers behov efter voksenudredningsmetoden (VUM)";1
"9566080d-d966-4088-a724-16f45e204d8f";"83.07.15";"Programmel, elektroniske tjenester og licenser";"Emnet dækker bl.a. sager om:


    
        separat indkøb af software/programmel til implementering i et eksisterende it-system.
        køb af diverse elektroniske tjenester som eksempelvis web-tjenester, licenser og internetydelser.
        intern fakturering mellem kommunens organisatoriske enheder ved leje af software/programmel eller elektroniske tjenester og licenser.
        
    


Henvisning til andre relevante emner:


    
        Software og licenser til undervisningsvirksomhed, se gruppe 83.10.
        Indkøb og vedligeholdelse af it-systemer, se hovedgruppe 85.";1
"95690c7f-e77b-483d-a140-395c42044b43";"81.04.02";"Medarbejdersamtaler (MUS)";"Emnet dækker både medarbejdersamtaler for medarbejdere og for ledelse.
        
    


Henvisning til relevante facetter:


    
        Sager om MUS-samtaler tilføjes facet G01";1
"95a169f3-7f56-11ec-be81-0050c2490048";"32.30.16";"Sorgorlov";"Emnet dækker sager om sorgorlov og udbetaling af barselsdagpenge under sorgorlov
        Udbetaling Danmark myndighedsopgave";1
"95d5664d-94a4-4e2f-afb8-de6d1e946708";"82.00.10";"Bygnings- / lokaletegninger, kommunens ejendomme";"Ingen beskrivelse";1
"95f567ff-5e43-42b8-b1d2-f31a1ce1037e";"32.06.16";"Beboerindskud";"Emnet dækker bl.a. sager om støtte til betaling af beboerindskud efter boligstøtteloven og lån til betaling af indskud m.v. til flygtninge
        Lån ifm beboerindskud tilføjes facet Ø50. Kautionslån, hvor kommunen kautionerer for lånet tilføjes facet Ø60.
        Iht ældreboliglovens §16 kan kommunen yde et beløb til beboere til dækning af indskud fx ved ombygning til ældrebolig, visitation fra plejehjem eller beskyttet bolig til ældrebolig
        Sager hvor kommunalbestyrelsen dækker beboerindskud i forbindelse med omdannelse til friplejebolig journaliseres også her";1
"9603068f-2dc3-4263-8606-0c4f1557d53d";"54.26.00";"Prøver og eksamen, gymnasier i almindelighed";"Ingen beskrivelse";1
"960ce3c1-dab9-4227-93e9-495b8eddaa38";"01.13.40";"Vurderingsforretning";"Her journaliseres bl.a. sager om kommunalbestyrelsens beskikkelse af vurderingsmænd, der skal vurdere skader forvoldt af husdyr (tilføjes facet A30).";1
"96170298-fcf8-4bfc-8e9d-cda7442d45ea";"20.01.06";"Amatørteatre";"Emnet dækker sager om kommunal støtte til amatørteatre
        Sager om konkrete tilskud tilføjes facet Ø40";1
"962f8544-3432-4d29-a7e6-c576fd9f345a";"04.10.03";"Pleje / hugst af skove";"Ingen beskrivelse";1
"96c8dba4-7942-432b-ac59-18adad8cd5d4";"88.20.00";"Kommunens indkøbsaftaler i almindelighed";"Ingen beskrivelse";1
"96e7562d-908f-4d81-a934-7ef57d69421a";"07.00.05";"Oplysninger om affaldsforhold";"Kommunalbestyrelsen indsamler og registrerer oplysninger om eksisterende affaldsmængder fordelt på type og materialer samt om affaldets behandling og bortskaffelse.
        Kommunalbestyrelsen indsamler og registrerer ligeledes oplysninger om eksisterende og planlagte affaldsanlæg, herunder behandlings- og deponeringsanlæg. Oplysningerne fremsendes til Miljøstyrelsen.
        
    


Henvisning til andre relevante emner:


    
        Sager hvor oplysninger om affaldsforhold indgår i affaldsplanlægning, se emnenr. 07.00.01.";1
"96f36934-90d9-4c1c-a74f-d08b73ac1ed7";"81.07.00";"Elev-, praktik- og lærepladser, personale i almindelighed";"Ingen beskrivelse";1
"9763752c-c4cd-4ff6-be6b-9c9f5d3e1746";"21.00.02";"Biblioteksreglement";"Emnet dækker bl.a. sager om fastsættelse af reglement for brugernes benyttelse - tilføjes facet P24
        Reglementet skal bl.a. indeholde bestemmelser om låneridentifikation, lånetiden, misligholdelse af det lånte samt diverse gebyrer.";1
"978bb654-2f73-437a-a19c-2854b42b88ec";"30.10.40";"Trafikbetjening";"Ingen beskrivelse";1
"97ae950d-f1d9-4024-85f1-1ac1407292ed";"15.20.00";"Beskæftigelsesindsats i almindelighed";"Emnet dækker bl.a:


    
        Sager der med lige god ret, kan placeres under to eller flere emner i gruppen.
        
    


Henvisning til andre relevante emner:


    
        Sager om erstatning er pr. nov 2019 flyttet til emnenr. 15.18.00.";1
"97aef53a-e6b2-47a7-ae96-820fa2954c9d";"15.17.06";"Sygedagpengeopfølgning";"Der findes i KLE to emner vedrørende sygedagpenge, nemlig:


    
        KLE 32.30.04 Udbetaling af sygedagpenge og
        KLE 15.17.06 Sygedagpengeopfølgning
        
    


Selv om begge emner tilsammen dækker over én enkeltsag og del af det samme sygeforløb, er der oprettet et selvstændigt emne til selve sygedagpengeopfølgningen, og kan anvendes, såfremt myndigheden ønsker at adskille opfølgningen i en selvstændig sag.


    
        Tilsyn efter bekendtgørelse om andre aktører journaliseres også her med facet K09.";1
"97afa89d-c01a-47b9-9ecf-2a8b61c7479f";"25.02.09";"Lån til betaling af ejendomsskatter mv.";"Emnet dækker sager om lån til betaling af ejendomsskatter.
        Frem til 2024 var det kommunerne, der administrerede pensionistlånene. Fra den 1. januar 2024 overgik ordningen til Skatteforvaltningen.
        Lovreferencen er til lån hos Skatteforvaltningen.
        Pensionistlån frem til 2024 ligger fortsat i den kommune, der har bevilget lånet (den kommune, som ejendommen ligger i). Emnet forbliver derfor aktivt.
        Sager opbevares så længe lånet eksisterer (typisk indtil lånet indfries ifm. et salg) eller hvis de senere overføres til SKAT.
        
    


Henvisning til andre relevante emner:


    
        For lån til betaling af kommunale ejendomsbidrag, henvises til KLE 25.29.20";1
"97b1f98d-8a26-11ea-8aa3-0050c2490048";"29.08.00";"Foranstaltninger mod smitsomme sygdomme i almindelighed";"Emnet dækker bl.a:


    
        Generelle sager om foranstaltninger mod smitsomme sygdomme
        Sager der med lige god ret kan placeres under 2 eller flere emner i gruppen
        Se i øvrigt vejledning til journalisering ifm COVID-19 under serviceteksten til gruppe 29.08";1
"97b1f98d-8a26-11ea-8aa4-0050c2490048";"29.08.06";"Foranstaltninger efter epidemiloven mod COVID-19";"Emnet dækker bl.a. sager om:


    
        Foranstaltninger mod COVID-19, og primært hvor opgaven er hjemlet i bekendtgørelser udstedt efter epidemiloven. Se også lovreferencerne.
        Se i øvrigt vejledning til journalisering ifm COVID-19 under serviceteksten til gruppe 29.08
        
    


Henvisning til andre relevante emner:


    
        Midlertidige foranstaltninger på børne- og undervisningsområdet og nødundervisning, se emnenr. 17.01.00
        Restriktioner som led i foranstaltninger mod COVID-19, se emnenr. 29.08.12";1
"97b1f98d-8a26-11ea-8aa5-0050c2490048";"29.08.12";"Restriktioner som led i foranstaltninger mod COVID-19";"Emnet dækker bl.a. sager om:


    
        Restriktioner som led i foranstaltninger mod COVID-19
        Midlertidigt påbud om lukning af dagtilbud, skoler og uddannelsesinstitutioner m.v (facet K08)
        Herunder besøgsrestriktioner og afspærringer
        Besøgsrestriktioner på plejehjem og i plejeboliger
        Opgaverne/sagerne tager afsæt i bekendtgørelser udstedt med hjemmel i epidemiloven
        Se i øvrigt vejledning til journalisering ifm COVID-19 under serviceteksten til gruppe 29.08
        
    


Henvisning til andre relevante emner:


    
        Foranstaltninger efter epidemiloven mod COVID-19, se emnenr. 29.08.06
        Regulering af besøgsrestriktioner på plejehjem efter serviceloven, se 27.42.40";1
"97b3247c-54c8-4889-96d2-f0b6932ff149";"17.03";"Specialundervisning og specialpædagogisk bistand";"Gruppen dækker bl.a. sager om:


    
        Specialundervisning og specialpædagogisk bistand
        Tilbud om ordblindetest
        
    


Henvisning til andre relevante emner:


    
        Under 17.03.04 journaliseres sager om pædagogisk-psykologisk vurdering (PPV) i regi af PPR";1
"97bfcdad-5297-41b9-991c-1dc644f792a5";"17.01.15";"Målsætninger for undervisningen";"Her journaliseres det enkelte teams, holds og/eller klasses målsætninger for undervisningen.
        Journalnumrene 17.01.10, 17.01.11 og 17.01.15 afspejler således et ""målsætningshierarki"", hvor de overordnede politiske målsætninger omsættes til mere konkret og operationelt indhold.";1
"97d17bef-72cf-4c9b-b173-d6fa317c402a";"83.03";"Kontorartikler";"Ingen beskrivelse";1
"97fd1770-d697-47b5-99aa-1de2856526ef";"54.18";"Særligt tilrettelagt ungdomsuddannelse";"Gruppen er til sager efter LBK om særligt tilrettelagt ungdomsuddannelse.";1
"98034eaf-a734-4d6d-8130-3e6f9aaa60d3";"81.44";"Kongresser, konferencer, årsmøder, foredragsrækker, arrangementer mv.";"Ingen beskrivelse";1
"984817e8-1ff1-4b8b-b433-c2b579c590e9";"00.30.14";"Budgetopfølgninger";"Emnet dækker sager om budgetopfølgning. På enkeltområder, centralt og decentralt og med forskellig hyppighed: Kvartalsvis eller månedlig.


    
        Facet G01 anvendes til budgetopfølgning
        Forretningsgangsbeskrivelser vedr. budgetopfølgning tilføjes facet A26
        Vedr. årsregnskaber og halvårsregnskaber til godkendelse efter styrelsesloven se emnenr. 00.32.10 og 00.32.12
        Emnet erstatter facet Ø 09";1
"9867f770-94fc-4526-80b4-c63f7a28116a";"29.06";"Medfinansiering af sundhedsvæsenet";"Ingen beskrivelse";1
"987da94c-f058-11ef-b03e-0050c2490048";"03.09.54";"Vedligeholdelsesplaner";"Emnet dækker bl.a. sager om:


    
        tvister om uenighed om udarbejdelse og gennemførelse af vedligeholdelsesplaner
        
    


Henvisning til relevante facetter:


    
        Konkrete sager om tvister tilføjes G01
        
    


Historik:


    
        Emnet har tidligere ligget under emnenr. 03.09.02.";1
"9895171e-ef7f-40af-92a0-d18ae2871bf5";"21.08";"Biblioteksbetjening af institutioner og enkelte befolkningsgrupper";"Kommunalbestyrelsen skal så vidt muligt etablere biblioteksbetjening af de børn og voksne, der er afskåret fra selv at komme på biblioteket, eksempelvis fordi de er på sygehuset eller på sociale institutioner. Endvidere kan folkebibliotekerne oprette og drive afdelinger i virksomheder og institutioner eller træffe aftale om biblioteksbetjening af sådanne.";1
"9898245a-b775-11e9-a824-0050c2490048";"32.66.00";"International pension i almindelighed";"Emnet dækker bl.a. sager om:


    
        Henvendelser fra udlandet i relation til pensionsforhold i Danmark og ansøgning om enke- og børnepension.";1
"989a62ef-f320-4787-b855-1c6e2bbc86fd";"03.12.18";"Tvister om anvisning af almene familieboliger";"Emnet dækker beboerklagenævnets sager, vedrørende tvister om anvisning af almene familieboliger.";1
"98a0fddc-3402-4e4a-afbb-2882311cf255";"20.01.07";"Skoleteatre";"Ingen beskrivelse";1
"98ad3db1-7e0d-4112-b156-f80cf69b489c";"20.01.01";"Det lokale teater / teaterforeninger";"Ingen beskrivelse";1
"98d41ace-b426-46ad-b3fc-dacca9ab79c0";"27.69.14";"Refusionsundersøgelse";"Emnet dækker sager om: 


    
        Refusionsundersøgelse, hvor der er sendt eller modtaget en anmodning om refusion til eller fra en anden kommune, og det endnu ikke er klart, hvordan betalingsforholdet er
        Indbringelse for Ankestyrelsen om uenighed mellem kommuner om deres forpligtelser";1
"9945eae9-ffb4-11e5-8761-0050c2490048";"18.15.08";"Folkeoplysende foreninger som grundlag for tilskud";"Emnet dækker bl.a. sager om:


    
        Foreninger i kommunen, fx oplysninger som foreninger sender til kommunen
        Tilbagebetaling af folkeoplysningstilskud, tilføjes facet Ø30
        Fortegnelser om foreninger
        Tilsyn med foreninger efter folkeoplysningsloven, tilføjes facet K08
        Erklæring om indhentelse af børneattest
        
    


Henvisning til andre relevante emner:


    
        Sager om fritagelse af foreninger med CVR-nummer for tilslutning til Offentlig Digital Post, se emnenr. 24.00.15.";1
"99754178-6e5f-4aa5-84b6-cd38bd57881f";"09.30.15";"(I) Dambrug";"Emnet dækker bl.a. sager om kommunens tilsyn med brugerbetalingsbekendtgørelsens bilag 1-virksomheder, under pkt. I.
        De konkrete sager om tilsyn journaliseres med facet K08.";1
"999af2b2-a981-4e53-a6a3-0a1b0ea76c6d";"03.00.12";"Ejendomme med hjemfaldsklausuler, frikøb mv.";"Ingen beskrivelse";1
"99b65662-d8c9-49a6-b6d9-d0f5082bf316";"00.36.00";"Pantebreve, obligationer og aktier i almindelighed";"Emnet er til sager om pantebreve, obligationer og aktier.
        Emnenr. 00.36.00 erstatter facet Ø51.
        Regnskabet i forbindelse med pantebreve, obligationer og aktier journaliseres i gruppe 00.32.";1
"99c8da93-5cf7-44f5-a1f4-70b4003fee54";"00.15.15";"Administrativ og økonomisk bemyndigelse";"Emnet er til sager om administrativ og økonomisk bemyndigelse. Fx:


    
        når kommunalbestyrelsen giver bemyndigelse til en fagforvaltning eller juridisk enhed
        underskriftsbemyndigelse
        bemyndigelse til at foretage vielse
        bemyndigelse til at give tillægsbevillinger
        bemyndigelse til at godkende udstedelse af betalingskort til medarbejder";1
"99caa126-e357-496c-9ccd-0e939a611424";"02.05.10";"Plejeinstitutioner, brandforhold";"Ingen beskrivelse";1
"99e6b31b-2f0a-488e-9ec3-77fe551350ef";"88.20.04";"Kommunens egne indkøbsaftaler";"Ingen beskrivelse";1
"99e8beef-b70d-443d-99e3-a483e835d6be";"17.01";"Styrelsen af kommunens skolevæsen";"Ingen beskrivelse";1
"99ed47ec-ca6c-498b-bcfd-a20cf62a5e05";"19.02.03";"Konservering af arkivalier";"Ingen beskrivelse";1
"9a18524b-e1f2-4cb1-9589-e0ebcbac425b";"04.30.00";"Kommunale begravelser i almindelighed";"Ingen beskrivelse";1
"9a2d0b11-3d7c-4d76-8737-8faa1ca13d7b";"15.03";"Arbejdsmarkedsuddannelser";"Kurser ifm. arbejdsmarkedsuddannelser journaliseres som ""AMU-kurser"" under 15.03.10. Herunder journaliseres også sager om træningsskolens arbejdsmarkedsuddannelser (TAMU), og virksomhedstilpasset uddannelse (VTP).";1
"9a3c2183-5bd3-4c6c-af5b-ead0aac85b3d";"21.09.00";"Fysisk biblioteksstruktur, bogbusser mv. i almindelighed";"Emnet dækker bl.a. sager om:


    
        den fysiske biblioteksstruktur, herunder antal, beliggenhed, størrelse mv.
        andre betjeningstilbud fx bogbusser
        
    



    
        Den konkrete virksomhed, der foregår de pågældende steder journaliseres under de pågældende emner, eksempelvis udlånsvirksomheden i gruppe 21.01, idet der ikke er forskel på opgaverne/emnerne uanset om de foregår på et fysisk bibliotek eller i en bogbus.
        Sager om åbningstider journaliseres med emnenr. 00.14.00";1
"9a490de4-1a54-4760-ac6d-21167d214019";"09.05.02";"Forureningsbekæmpelse i havne";"Ingen beskrivelse";1
"9a55af0a-a3c4-486c-b5c1-c1e5309ca210";"05.02.12";"Belysning - private fællesveje / stier";"Ingen beskrivelse";1
"9a702da2-ce3e-4a6e-a588-5facb7633592";"21.11";"Formidling og referencearbejde";"Ingen beskrivelse";1
"9a74ecae-0900-4a20-989a-8291dc3e412b";"17.20.03";"Fravær fra undervisningen og fritagelse fra fag";"I henhold til folkeskolelovens § 39 påhviler det skolens leder at påse, at alle elever deltager i undervisningen.
        Ved fravær skal forældrene skriftligt eller mundtligt give oplysning om årsagen.
        Ved ulovligt fravær over en vis grænse skal skolens leder underrette kommunalbestyrelsen.
        Her placeres sager om den praktiske tilrettelæggelse af denne opgave, herunder eksempelvis retningslinjer for afgivelse af lægeattest ved udeblivelse på grund af sygdom af mere end 2 ugers varighed.
        Sager om fritagelse for kristendomsundervisning journaliseres også her.";1
"9a863fe4-a8e0-4184-9111-058e3e28f354";"20.04.01";"Kunstudstillinger og ophæng";"Emnet dækker bl.a. sager om:


    
        støtte til billedkunstneriske projekter
        ansøgning af fondsmidler til billedkunst i det offentlige rum - tilføjes facet Ø34.";1
"9a91dc8f-f18d-42cd-9016-df4bf6131fef";"27.39.12";"Fleksibel hjemmehjælp";"Emnet er til sager om bytteret for ydelser, hvor borgeren helt eller delvist vælger en anden hjælp end den, der er truffet afgørelse om i visitationen.";1
"9a9d7132-84d8-4222-b5ee-781ec6d6d16e";"85.08.00";"Arkivering i almindelighed";"Ingen beskrivelse";1
"9a9f2db3-6538-4dae-ba09-9b0f401ef6b8";"02.04.03";"Byggepladsens indretning";"Ingen beskrivelse";1
"9aab515c-ee1e-4669-8d53-1b4a0aebfe13";"27.42.20";"Serviceydelser, plejeboliger og plejehjem";"Emnet er til sager om tilbud og serviceydelser til beboerne på plejehjem og beskyttede boliger.
        Eksempelvis tilbud om kost, vask, rengøring og leje af linned.";1
"9ab79349-9f0f-4653-aafd-025e8c7832a7";"85.00.00";"Kommunens administrative systemer i almindelighed";"Emnet dækker bl.a. sager, der med lige god ret kan placeres i to / flere grupper, eller går på tværs af flere grupper i hovedgruppe 85.";1
"9abdc6b9-cf5b-4d5d-9763-6b5a102a4c5e";"18.13.00";"Fritidsvirksomhed i almindelighed";"Ingen beskrivelse";1
"9ad6adf7-c030-11e5-ba3d-0050c2490048";"32.30.10";"Ferieydelse optjent under barsel";"Ingen beskrivelse";1
"9ae9a8b9-6d60-11eb-9b76-0050c2490048";"05.14.30";"Udlejningscykler og -køretøjer - benyttelse af vejareal";"Emnet dækker bl.a. sager om:


    
        Udlejningscykler, elløbehjul o.lign.
        Aftaler med udlejningsoperatøren om udlejningscykler og elløbehjul
        Regulering af placering af løbehjul mv. på vejarealet ved udlejning
        
    


Henvisning til relevante facetter:


    
        Konkrete aftaler tilføjes facet P27";1
"9af3c0a9-a622-4533-abfa-9eaa45275de2";"04.31.15";"Gravsteder";"Her journaliseres sager om det enkelte gravsted. Fx sammenlægning, deling eller nedlæggelse af gravsted.
        Sager om hærværk på gravsted journaliseres under emnenr. 04.31.20.
        Sager om vedligeholdelse og pleje af gravsteder journaliseres under emnenr. 04.31.11.";1
"9af727ec-3274-4255-ae53-7488352c17c1";"81.38";"Samarbejds- / MED-udvalg, tillidsrepræsentanter";"Gruppen dækker bl.a. sager om :
        Opbygning, mål og rammer for kommunens samarbejds-/MED-udvalg
        Sager om kommunens udpegelse af tillidsrepræsentanter
        De konkrete sager udvalget arbejder med, journaliseres under relevant emnenummer
        Emnenumrene 81.38.02 - 81.38.07 dækker primært den oprindelige samarbejdsstruktur i kommunerne
        Med den nye rammeaftale for medindflydelse og medbestemmelse opstår der en række nye begreber
        Undernumrene i gruppen vil derfor blive ændret i takt med, at der sker en vis fælles begrebsanvendelse i kommunerne";1
"9b53f420-013f-4dc7-a9be-d416cce38f56";"19.02.11";"Omvisninger / besøg på arkiver";"Ingen beskrivelse";1
"9b805f3a-5b85-4023-9bb8-0e4e4b80eb83";"27.00";"Social service";"Ingen beskrivelse";1
"9b8fa60b-7bb5-11e5-a210-0050c2490048";"00.22.12";"Sagsindsigt for kommunalbestyrelsesmedlemmer";"Emnet dækker sager om sagsindsigt for medlemmer af kommunalbestyrelsen. Ethvert medlem af kommunalbestyrelsen har som led i varetagelsen af sit hverv ret til at gennemse sagsmateriale, der i endelig form foreligger i kommunens administration, efter lov om kommuners styrelse.
        Konkrete begæringer og adgang tilføjes facet G01
        Til aktindsigt efter forvaltningsloven og offentlighedsloven anvendes facet A53, kombineret med relevant emne.";1
"9ba01424-3775-48be-b383-a120d2d02096";"07.20.14";"Anvendelse af affaldsprodukter til jordbrugsformål efter § 19";"Her journaliseres bl.a. sager om:


    
        anvendelse af affaldsprodukter til jordbrugsformål
        fastsættelse af vilkår og skærpelse af disse";1
"9bc0b4c7-74cf-4626-af04-e9aa332096e4";"81.12";"Arbejdskonflikter";"Ingen beskrivelse";1
"9bdb1afa-3afb-4af9-b1e0-9a6b29248d4e";"00.07.05";"Begrundelser i afgørelser - forvaltningsprincipper";"Ingen beskrivelse";1
"9be77c88-7139-4857-8ffb-eff19c01d237";"25.45";"Opkrævning";"Ingen beskrivelse";1
"9bf49ffb-c6d5-4f19-8edf-9cd12e646af4";"27.42.12";"Venteliste til plads på plejehjem eller almen plejebolig for ældre";"Emnet er til sager om optagelse på og administration af generelle og specifikke ventelister til plads på plejehjem eller almen plejebolig. Herunder også om fastsættelse og opkrævning af gebyr for administration af ventelisten.
        Eventuelle sager omkring personers adgang til efter anmodning at gøres bekendt med plads på ventelisten journaliseres også her.
        Sager om ventelister til plads på plejehjem eller almene boliger for ældre tilføjes facet P07";1
"9bfa3d8b-3acc-464f-9f88-ce22575ecf18";"00.32.02";"Regnskabsregler (principper og procedurer)";"Emnet dækker bl.a. sager om kasse- og regnskabsregulativ, herunder forskrifter for forretningsgangen inden for kasse- og regnskabsvæsenet.
        Konkrete sager om regulativ tilføjes facet P24";1
"9c07f0ae-665b-4868-b5ff-c7e5d565dc84";"02.01.01";"Bebyggelsens opholdsarealer";"Ingen beskrivelse";1
"9c0843dc-4243-472f-a9e7-dee0b33b27ef";"83.23";"Værktøjsmaskiner og håndværktøj";"Ingen beskrivelse";1
"9c205fd4-7b05-11e9-8dfa-0050c2490048";"54.42";"Forberedende grunduddannelse (FGU)";"Den forberedende grunduddannelse (FGU) erstatter 1. august 2019 bl.a. erhvervsgrunduddannelse (EGU) i gruppe 15.08 og produktionsskoler i gruppe 18.17. Disse grupper vil blive udfaset i 2020.";1
"9c252e0e-aaa9-438d-bee0-6381de83519f";"81.30.04";"Plejeorlov, personaleforhold";"Ingen beskrivelse";1
"9c439701-c85f-441f-a136-381eb73a7331";"13.02.19";"Ændring i og bortfald af retten til vandindvinding";"Emnet dækker bl.a. sager om:


    
        Udarbejdelse af planer for og overslag over udgifterne ved udførelse af et alment vandforsyningsanlæg.
        Afgørelse om, at en eller flere ejendomme skal tilsluttes et bestående alment vandforsyningsanlæg
        Erstatningssager i forbindelse med udgifter ved tilslutning til fælles anlæg
        Påbud om at sløjfe en vandforsyningsbrønd eller en ikke-almen vandforsyningsboring";1
"9c5db2b2-a66d-44f7-b979-9f0e5da49848";"86.03";"Trykte materialer";"Gruppen dækker bl.a. sager om produktion af trykt/publiceret materiale, herunder pligtaflevering af offentliggjorte materialer.";1
"9c94fbd9-9233-430f-88b6-3b2f7257c733";"01.15.15";"Drift af jord, jordfordeling";"Her journaliseres bl.a. sager omkring drift af de erhvervede arealer, indtil de afhændes.";1
"9ca16277-6e5a-4eba-b2d9-449163208775";"03.25.07";"Kommunekvoter - boligplacering af flygtninge";"Emnet dækker bl.a. sager om:


    
        Aftaler som kommunerne i hver region indgår om fordeling af nyankomne flygtninge. Aftalerne indgås i regi af de fem regionale kommunekontaktråd
        Kommunalbestyrelsens frivillige anmodning til Udlændingestyrelsen om fordeling af flygtninge til kommunen forud for fastsættelsen af kommunekvoterne
        Udlændingestyrelsens forholdsmæssige fordeling af personer fordrevet fra Ukraine
        Meddelelse fra Udlændingestyrelsen om landstallet for antal flygtninge det kommende år, samt regionskvoter
        
    


Historik:


    
        Emnerne 03.25.01 Landstal - boligplacering af flygtninge og 03.25.03 Regionskvoter - boligplacering af flygtninge er fra 01-05-2024 lagt ind under dette emne.";1
"9cab8ab2-6c50-461b-9610-8eb99aba6b0d";"00.32.04";"Anlægsregnskaber";"Emnet dækker sager om anlægsregnskaber, hvis disse ønskes journaliseret i selvstændig sag.";1
"9d1526e6-e32c-40b7-b997-ed40f544eef1";"25.00.01";"Skatteankenævn og vurderingsankenævn";"Her journaliseres bl.a. sager om kommunalbestyrelsernes indstilling af nævnsmedlemmer/suppleanter til skatteankenævn og vurderingsankenævn.
        Sager om indstillinger kombineres med facet A30";1
"9d179963-46a5-48e6-bfbc-f986ec860fd4";"28.18.04";"Tilskud til privat pasning";"Emnet dækker bl.a. sager om:


    
        Tilskud til privat pasning
        Principper for tilskud, tilføjes facet P21
        Tilskuddets størrelse, tilføjes facet S49
        Konkrete tilskud, tilføjes facet G01
        
    


Henvisning til andre relevante emner:


    
        Tilladelser til etablering og drift, godkendelser mv af private pasningsordninger, se emnenr. 28.03.16";1
"9d419649-f45d-400e-b5d2-47357e697570";"06.03";"Rensningsanlæg, pumpestationer mv.";"Gruppen vedrører primært driften og således ikke myndighedsopgaver.
        Gruppen er til sager om rensningsanlæg, pumpestationer mv.
        Når der i gruppen er emner til ""fornyelse"", ""forbedring"", ""vedligeholdelse"" mv., er der tale om selve det tekniske anlæg.
        Det bygningsmæssige vedrørende rensningsanlæg placeres i hovedgruppe 82.";1
"9d4a0f54-0046-40d0-afc7-f8a52a1f3043";"86.03.00";"Trykte materialer i almindelighed";"Organisering af afleveringspligt af egne trykte materialer efter pligtafleveringsloven, journaliseres under dette nummer.";1
"9d5e80f5-11a4-4bdd-bb4e-7635f86606a3";"81.29.03";"Erhvervssygdomme, personale";"Emnet dækker bl.a. sager om:


    
        erhvervssygdomme
        erhvervssygdomme anmeldt før den 1. januar 2004 (jf arbejdsskadesikringsloven § 85a)
        erhvervssygdomme anmeldt efter den 1. januar 2004 (jf. arbejdsskadesikringsloven § 85, stk. 3)";1
"9d6eb3b3-72b7-47c7-9cbf-3cd1465212e7";"02.03";"Bygningers indretning";"Gruppen bruges hvis man har sager af principiel karakter om bygningers indretning, fælles adgangsveje mv. som ikke er dækket i henhold til planlægning eller til bygningsregulering i almindelighed. Fx sager om tilgængelighedskravene for handicappede efter bygningsreglementet og bek. om tilgængelighedsforanstaltninger i forbindelse med ombygninger i eksisterende byggeri.";1
"9d84c631-3d8f-4b98-815e-81001ffe0943";"09.23.00";"Markafbrændinger i almindelighed";"Ingen beskrivelse";1
"9d8a9d1d-2f08-11eb-aff4-0050c2490048";"83.09.15";"Ladestandere, opladere";"Emnet dækker bl.a. sager om kommunens opsætning af ladestandere og opladere til brug i kommunens egne køretøjer.

Henvisning til andre relevante emner:


    
        Kommunens tilladelse til etablering af private og kommercielle ladestandere på offentlig vej, se emnenr. 83.09.15";1
"9d9bf0b1-22cf-4e27-8963-6d1a97ac0a94";"88.04.16";"Prækvalifikation, bygge- og anlægsarbejder";"Ved begrænset licitation kan udbyderen gennemføre en prækvalifikationsrunde ved at indkalde mulige tilbudsgivere ved offentliggørelse af en udbudsannonce i pressen eller i elektroniske medier.";1
"9dcdcbe0-2bac-4472-8e81-af5ad4589421";"82.00.11";"Navngivning af kommunale ejendomme";"Ingen beskrivelse";1
"9dcee4d7-9f5f-45db-83f5-1e6d20b449fc";"28.03.04";"Dagtilbud, organisering, driftsaftaler og godkendelser";"Et dagtilbud kan etableres som en kommunal daginstitution, en selvejende daginstitution, en privatinstitution, en kommunal dagpleje eller en privat dagpleje. Emnet dækker bl.a. sager om:


    
        dagtilbuddenes overordnede struktur, herunder fordelingen og udbygningen af tilbud
        etablering, aftaler om og godkendelser af dagtilbud
        tilbagekaldelse af godkendelse
        
    
    


Henvisning til relevante facetter:


    
        Aftaler/driftsoverenskomster med institutioner journaliseres med facet P27.
        Godkendelser tilføjes facet P19. Hvis godkendelsen indgår i aftalen/driftsoverenskomsten bruges fortsat P27.";1
"9df97f36-bd49-11eb-a45e-0050c2490048";"01.11.60";"Boligforhold ved indkvartering af ansatte";"Emnet dækker bl.a. sager om:


    
        Tilsyn med boligforholdene, hvor arbejdsgivere stiller bolig til rådighed for sine ansatte, efter underretning fra Arbejdstilsynet
        
    


Henvisning til relevante facetter:


    
        Tilsyn og påbud tilføjes facet K08";1
"9e0db8d4-ea8f-41eb-9a76-a101f37c251b";"09.01";"Miljøreglementet";"Ingen beskrivelse";1
"9e1a1773-de89-4087-a74e-860b53ed563e";"21.06";"Skolebiblioteker";"Gruppen dækker sager om folkeskolens skolebiblioteker, (tidl. pædagogiske læringscentre), som efter folkeskoleloven skal oprettes ved alle kommunens skoler.";1
"9e1b6d3a-2a67-447b-af61-108a8bd2a8d1";"03.12.00";"Almene boliger - tvister mellem lejer og udlejer i almindelighed";"Ingen beskrivelse";1
"9e28407a-2784-449b-884a-c4d2b2bfc141";"83.35.00";"Vejmaterialer i almindelighed";"Ingen beskrivelse";1
"9e285b6e-92f1-43d7-8edc-6b392c3b9661";"04.10";"Kommunale skove";"Gruppen dækker sager om selve driften af kommunale skove. Sager hvor kommunen er myndighed ift. skovrejsning, se nr. 01.13.23.";1
"9e3ca694-5fd9-4201-9033-6b9b9e6d2752";"08.03";"Havnearealer og -anlæg";"Ingen beskrivelse";1
"9e4dc961-16ae-4355-83cd-7108d738151d";"19.03";"Museer";"Gruppen er til sager om den museumsfaglige del af museers drift og aktiviteter.
        Der skelnes ikke emnemæssigt mellem typer af museer; kunstmuseer, kulturhistoriske museer, naturhistoriske museer m.v. Nogle emner vil derfor være mere relevante for en museumstype, end andre.
        Til sager om personale og bygninger mv. anvendes relevante emner i hovedgrupperne 81-88. Budget og regnskab, se gruppe 00.30 og gruppe 00.32.";1
"9e52cb18-60e7-4959-a086-2c77116870d6";"20.08.25";"Billedskolebestyrelse";"Emnet dækker bl.a. sager om:


    
        nedsættelse af billedskolebestyrelser
        vedtægter for billedskoler
        forretningsorden for billedskoler";1
"9e768b63-5b58-47da-a172-78109a35cb61";"14.01.12";"Stabsgrupper / indsatsledelse";"Ingen beskrivelse";1
"9e7ec3a9-8d7f-11ec-a2b7-0050c2490048";"02.60";"Dokumentation af brandforhold";"Gruppen er til sager hvor beredskabskommisionen medvirker i sagsbehandlingen vedr. byggetilladelser
        Detaljeringsgraden på emner afspejler primært beredskabskommissionens behov for emneopdeling ifm. byggesagsbehandlingen";1
"9e7ec3a9-8d7f-11ec-a2b8-0050c2490048";"02.60.00";"Dokumentation af brandforhold i almindelighed";"Ingen beskrivelse";1
"9e7ec3a9-8d7f-11ec-a2b9-0050c2490048";"02.60.05";"ITT, forhåndsdialog, brandforhold";"Emnet dækker sager om:


    
        Indsatstaktisk traditionelt byggeri, brandforhold ifm. forhåndsdialog";1
"9e7ec3a9-8d7f-11ec-a2ba-0050c2490048";"02.60.10";"ITT, byggesagsvurdering, brandforhold";"Emnet dækker sager om:


    
        Indsatstaktisk traditionelt byggeri, brandforhold ifm. byggesagsvurdering";1
"9e7ec3a9-8d7f-11ec-a2bb-0050c2490048";"02.60.15";"ITT, byggetilladelse og ibrugtagningstilladelse, brandforhold";"Emnet dækker sager om:


    
        Indsatstaktisk traditionelt byggeri, brandforhold ifm. byggetilladelse og ibrugtagningstilladelse";1
"9e7ec3a9-8d7f-11ec-a2bc-0050c2490048";"02.60.20";"ITUT, forhåndsdialog, brandforhold";"Emnet dækker sager om:


    
        Indsatstaktisk utraditionelt byggeri, brandforhold ifm. forhåndsdialog";1
"9e7ec3a9-8d7f-11ec-a2bd-0050c2490048";"02.60.25";"ITUT, byggesagsvurdering, brandforhold";"Emnet dækker sager om:


    
        Indsatstaktisk utraditionelt byggeri, brandforhold ifm. byggesagsvurdering";1
"9e7ec3a9-8d7f-11ec-a2be-0050c2490048";"02.60.30";"ITUT, byggetilladelse og ibrugtagningstilladelse, brandforhold";"Emnet dækker sager om:


    
        Indsatstaktisk utraditionelt byggeri, brandforhold ifm. byggetilladelse og ibrugtagningstilladelse";1
"9eb62606-b518-491a-9279-583d9b1d4552";"81.14.00";"Økonomiske ydelser til folkevalgte i almindelighed";"Ingen beskrivelse";1
"9ef76e4c-6395-4cc6-a6f7-ec50258a3ef0";"81.05.00";"Introduktion af nye medarbejdere i almindelighed";"Ingen beskrivelse";1
"9f761efd-141f-429f-ac24-65515bcb9358";"03.03.03";"Byggeriets afslutning, private andelsboliger";"Ingen beskrivelse";1
"9facf8fb-b9ad-46e7-b846-0a63327526de";"07.00.01";"Affaldsplanlægning";"Emnet dækker bl.a. sager om:


    
        kommunal affaldsplanlægning
        affaldshåndteringsplan for den kommunale håndtering af affald, der beskriver status for affaldsområdet i kommunen og som redegør for kommunens overordnede målsætninger på affaldsområdet
        
    


Henvisning til relevante facetter:


    
        Affaldshåndteringsplaner tilføjes facet P15";1
"9fd812a0-f251-4115-a12f-6d380cb54e74";"01.11.27";"Bygningsfornyelse af forsamlingshuse mv.";"Emnet er til sager, hvor kommunalbestyrelsen træffer beslutning om at yde støtte til udgifter til istandsættelse af forsamlingshuse og bygninger med lignende anvendelse beliggende i landsbyer og landdistrikter.";1
"9ffe29c9-f2ff-44fb-893e-4cfc53b0bbc4";"88.04.00";"Bygge- og anlægsarbejder, indhentning af tilbud i almindelighed";"Ingen beskrivelse";1
"a02f664e-718b-11e4-8940-0050c2490048";"29.35";"Sundhedsydelser til asylansøgere";"Ingen beskrivelse";1
"a02f664e-718b-11e4-8941-0050c2490048";"29.35.00";"Sundhedsydelser til asylansøgere i almindelighed";"Emnet dækker bl.a. sager om:


    
        Sundhedsydelser til asylansøgere.
        Sundhedsbetjening af asylansøgere.
        Hjælpemidler, asylansøgere.
        
    


Kontakt redaktionen hvis der er behov for yderligere detaljering af gruppen.";1
"a0519029-1de5-4710-b1e4-5ceb824f9679";"05.07.00";"Renholdelse og vintertjeneste i almindelighed";"Ingen beskrivelse";1
"a0604024-d9fa-4286-b245-decb27731b5c";"00.07.02";"Vejledning og partsrepræsentation - forvaltningsprincipper";"Vejledning som forvaltningsprincip
        Videresendelse af henvendelser om andre myndigheders sagsområder
        
    


Henvisning til andre relevante emner:


    
        Sager om åben anonym rådgivning efter serviceloven, se emnenr. 27.12.04
        Henvisning af forespørgsler på Udbetaling Danmarks sagsområde, se emnenr. 32.64.04
        Sager om videreformidling af forespørgsler på skatteområdet, se emnenr. 25.10.00";1
"a0733d9e-a07f-482d-abd9-c0fafe46967d";"04.21";"Udvikling af landdistrikterne";"Gruppen dækker bl.a. sager om:


    
        Kommunernes deltagelse i finansieringen af de støtteforanstaltninger, der er nævnt i lov om Landdistriktsfonden.
        Landdistriktsloven er ophævet, men regulerer fortsat de bevillinger, der er givet efter denne.";1
"a0b0e60c-767b-41b0-ba00-fa9d3a776b3c";"86.11.00";"Kommunal selvforsikringsordning i almindelighed";"Her journaliseres sager om drift af kommunale selvforsikringsordninger.
        De konkrete erstatningssager ifm kommunens selvforsikringsordning journaliseres med relevant emne og facet Ø61.";1
"a0e56646-6198-4a97-a7ac-67a46c059c0f";"30.10.10";"Kredsråd";"I hver politikreds oprettes et kredsråd vedrørende politiets virksomhed.
        Her journaliseres sager om valg af stedfortræder blandt kommunalbestyrelsens medlemmer og evt. andre medlemmer end borgmesteren i kommuner, hvor det er muligt - tilføjes facet A30.";1
"a0fe29d6-3016-4f55-8233-fdbf59c37395";"84.05.03";"Stemmeafgivning på institutioner og i hjemmet";"Ingen beskrivelse";1
"a10d4836-f709-41d0-90e0-24ae5f0a1cbf";"09.05.01";"Sanering af kyststrækninger";"Ingen beskrivelse";1
"a140f399-a854-4921-a56d-a367902ce5ab";"32.03.36";"Forhøjet almindelig førtidspension";"Her journaliseres sager om forhøjet almindelig førtidspension, der består af grundbeløb, førtidsbeløb, ekstra tillægsydelse og pensionstillæg
        Gælder for førtidspension tilkendt før 1. januar 2003
        Beregning og udbetaling efter gammelførtidspensionsloven varetages af Udbetaling Danmark
        Tilkendelse og frakendelse efter gammelførtidspensionsloven varetages af kommunalbestyrelsen";1
"a1867331-c1ae-4c6a-9404-bcdc50b98b07";"27.69.20";"Yder refusion, har ikke handlingsforpligtigelse";"Emnet er til sager, hvor den oprindelige handlekommune (betalingskommunen) yder refusion til den nye handlekommune, og hvor den nye handlekommune har handleforpligtigelse efter serviceloven. Det er altså sager, hvor den oprindelige handlekommune har delegeret sin handleforpligtigelse efter serviceloven til den nye handlekommune.";1
"a1b125fd-295b-470f-bfcf-cb4859ee90ec";"25.00";"Beskatning";"Ingen beskrivelse";1
"a1c5da4b-26ca-4238-856b-9412d3d7d078";"17.13.10";"Optagelse i skolefritidsordning (SFO)";"Emnet dækker sager om optagelse i skolefritidsordning.";1
"a1cdd612-4bee-11ea-a2ce-0050c2490048";"05.13.30";"Selvkørende motorkøretøjer";"Emnet dækker bl.a. sager om:


    
        Forsøg med selvkørende motorkøretøjer
        Tilladelse til forsøg
        
    


Henvisning til relevante facetter:


    
        Forsøg tilføjes facet P08
        
    


Ved et selvkørende motorkøretøj forstås et motorkøretøj, som er teknisk indrettet således, at det er i stand til at køre helt eller delvis uden en fører.";1
"a1e0150f-45a8-4659-8afe-960178588087";"81.04";"Personaleudvikling";"Gruppen dækker bl.a. sager om personaleudvikling. Her journaliseres sager, der ikke har direkte uddannelsesformål, men aktiviteter ifm. udviklingssamtaler/medarbejdervurderinger, mv.

Personaleuddannelse journaliseres i gruppe 81.39.";1
"a2034eac-fe65-41de-bd9e-1e4972164961";"14.00.00";"Beredskab i almindelighed";"Emnet dækker bl.a.:


    
        Generelle sager om beredskab
        Sager om beredskab som dækker to eller flere grupper i hovedgruppe 14, eller ikke entydigt kan placeres under et af emnerne i hovedgruppe 14";1
"a22a9c77-23d1-4ab3-b9b2-15bc50380d08";"04.10.00";"Kommunale skove i almindelighed";"Emnet dækker bl.a. sager om:


    
        Regulativer for kommunale skove
        Skovdrift der ikke entydigt kan placeres under et af emnerne i gruppen
        Kommunens ansøgning om tilskud til skov med biodiversitetsformål
        
    


Henvisning til andre relevante emner:


    
        Sager hvor kommunen afgiver høringssvar til Landbrugsstyrelsen ifm private skovejeres ansøgning til biodiversitetsformål, se emnenr. 01.05.18";1
"a230f74d-95f6-4507-a679-985d56a301d1";"27.66.04";"Magtanvendelse, børn og unge";"Emnet dækker sager om magtanvendelse overfor børn og unge
        
    


Henvisning til andre relevante emner:


    
        Sager om anvendelse af personlige alarm- eller pejlesystemer over for børn og unge med nedsat psykisk funktionsevne journaliseres under emnenr. 27.66.05
        Sager om magtanvendelse ifm. voksne journaliseres under emnenr. 27.66.08";1
"a256fc70-dd1b-409f-8b81-b29a2b9319a6";"00.07.10";"Notatpligt mv.";"Ingen beskrivelse";1
"a29a30f8-a07e-4f64-96f3-947d5d71fb60";"14.12.22";"Fyrværkeri og andre pyrotekniske artikler";"Emnet er bl.a. til sager, hvor kommunalbestyrelsen giver tilladelse til:


    
        overdragelse
        erhvervelse
        anvendelse
         

    


af fyrværkeri og andre pyrotekniske artikler.";1
"a29fa465-dc99-407d-8b20-f5e2765a0c9a";"32.12";"Børne- og ungeydelse";"Ingen beskrivelse";1
"a2a63689-f675-49b3-9cbb-e216098d30af";"05.02.00";"Private fællesveje / stier i almindelighed";"Ingen beskrivelse";1
"a2b3e212-ff62-465a-8607-1b32f0e45f02";"27.39.20";"Borgerstyret personlig assistance";"Emnet er til sager, hvor kommunalbestyrelsen skal tilbyde borgerstyret personlig assistance.
        Borgerstyret personlig assistance ydes som et tilskud til dækning af udgifter ved ansættelse af hjælpere til pleje, overvågning og ledsagelse til personer med betydelig og varigt nedsat fysisk eller psykisk funktionsevne, der har et aktivitetsniveau, som gør det nødvendigt at yde en ganske særlig støtte.
        Sager hvor borgeren eller nærtstående er arbejdsgiver, og kommunalbestyrelsen tilbyder at varetage lønudbetaling journaliseres også her.";1
"a2b59e8f-7ee6-431c-8897-d9ca7ea7e779";"03.01.10";"Anvisningsret i private udlejningsejendomme";"Emnet dækker sager bl.a. om:


    
        Kommunal anvisningsret til lejligheder i private udlejningsejendomme
        
    


Henvisning til relevante facetter:


    
        Konkrete aftaler tilføjes facet P27
        Refusion af udgifter til godtgørelse ved erhvervelse af anvisningsret tilføjes facet Ø36";1
"a2db08a4-f29d-4c80-9b92-44c8d754468e";"00.06.00";"Administration af fonde, legater og stiftelser i almindelighed";"Emnet dækker bl.a.:


    
        sager om administration af fonde og legater
        
    


Henvisning til relevante facetter:


    
        Godkendelse af årsregnskab for fonde og legater journaliseres med facet S55.
        Udpegning af medlemmer til legatbestyrelse journaliseres med facet A30.
        Bemyndiger et udvalg en forvaltning til at bevilge støtte, journaliseres denne med facet A21.";1
"a2e86061-46b1-4929-bd51-e14612d9aa2c";"19.03.01";"Indsamlingsvirksomhed - museer";"Ingen beskrivelse";1
"a2ef5d90-29bc-4087-8fcc-bb0d677fcfa0";"83.23.02";"Værktøjsmaskiner";"Ingen beskrivelse";1
"a2fe076d-782d-4acb-859d-5297779d266d";"85.02.20";"Administrativ kommuneidentifikation";"Her journaliseres sager vedr. administrativ kommuneidentifikation, fx kommunenumre, institutionsnumre, og domænenavne på Internettet.
        Sager om kommunens byvåben journaliseres i gruppe 00.20.
        Sager om design af logo, se emnenr. 00.13.10.
        Til sager om kommunens EAN-lokationsnummer anvendes emnenr. 85.15.08.";1
"a31c879d-f07d-4661-a7fa-12a451fa12b5";"20.04.00";"Kunstvirksomhed i almindelighed";"Ingen beskrivelse";1
"a32078bb-c23d-43b0-88a4-2f66b5cee589";"06.02.02";"Klassifikation af vandløb og anlæg";"Emnet er til sager omkring klassifikation af vandløb og anlæg";1
"a32c3e11-9778-47a6-b0c6-d9620cb3c9cc";"05.05.12";"Belysning, pladser, torve og holdepladser";"Ingen beskrivelse";1
"a33af0f8-edb4-4fc3-8953-d48972b7d0d9";"83.26";"Brand- og redningsmateriel";"Ingen beskrivelse";1
"a33bb6ca-e696-44b3-a1fc-c1723da4c17c";"08.06";"Isbrydning og istjeneste";"Ingen beskrivelse";1
"a3ae5d21-3eda-4b0f-b400-cd0f5179c22f";"07.03.03";"Tekniske installationer, anlæg for deponering af affald";"Ingen beskrivelse";1
"a3b7028d-9c87-47a5-b73e-cdf9f2692fa7";"04.30.01";"Begravelser og urnenedsættelser";"Emnet dækker bl.a. sager om:


    
        Begravelser og urnenedsættelser (offentlige begravelser)
        Anmodning om foretagelse af begravelse eller ligbrænding
        Boudlæg i forbindelse med offentlige begravelser
        
    


Henvisning til relevante facetter:


    
        Aftale om gravstedsvedligeholdelse tilføjes facet P27
        Sagen afsluttes ved udløb af aftalen om gravstedsvedligeholdelse";1
"a3b9b726-2460-43cc-82c6-7cf960b21058";"28.09.16";"Forældrebestyrelser og principper for dagtilbuddets arbejde";"Emnet dækker bl.a. sager om:


    
        oprettelse af forældrebestyrelse i dagtilbud, herunder forældrebestyrelsens vedtægter og kompetence, samt beslutning om medarbejderrepræsentanternes stemmeret.
        forældrebestyrelsens principper for daginstitutionens/dagplejens arbejde.
        mødereferater fra forældrebestyrelsesmøder. Journaliseres her med facet P35, hvis der har været drøftet forskellige emner. Alternativt kan anvendes relevante emner i denne gruppe, med facet P35.";1
"a3bcfa49-ab73-4be5-bf92-1afc9df5c50c";"01.00.09";"Test";"Test";1
"a3d10df4-4975-11e9-a072-0050c2490048";"32.12.10";"Ungeydelse - hele ydelsen";"Emnet dækker sager om:


    
        Ungeydelse - hele ydelsen
        Ligedeling af børne- og ungeydelse træder i kraft 1. januar 2022
        Udbetaling Danmark myndighedsopgave";1
"a3f48df8-66ef-45b1-b62a-db4531747dc0";"09.08.20";"Grundvandsovervågning";"Ingen beskrivelse";1
"a411be8d-ec33-495b-bf88-3af22b34cc96";"83.12.05";"Vedligeholdelse af flydende materiel";"Ingen beskrivelse";1
"a44364b1-e2e5-11ea-9859-0050c2490048";"14.12.34";"Brændbare faste stoffer";"Emnet dækker bl.a. sager om:


    
        Godkendelsespligt for visse brandfarlige virksomheder og oplag med brændbare faste stoffer jf. bekendtgørelsen herom.";1
"a45f046f-5f69-4a01-8082-27d163ff4abc";"21.08.04";"Sociale institutioner, biblioteksbetjening";"Emnet dækker sager om særlige udlånsordninger til sociale institutioner, eksempelvis plejehjem og bofællesskaber
        Udlån fra biblioteket, hvor brugerne selv afhenter det lånte, journaliseres i gruppe 21.01.";1
"a46081f5-3f30-497e-ba69-e0aefdc3c8b1";"83.01.02";"It-udstyr, anskaffelse";"Under nummeret journaliseres sager vedrørende anskaffelse og udskiftning af it-udstyr.
        Indkøbes der gennem et udbud, journaliseres selve udbudsprocessen i hovedgruppe 88
        Sager i forbindelse med driften journaliseres i hovedgruppe 85
        Indkøb af programmel journaliseres under emnenr. 83.07.15";1
"a4a7691a-d4ec-4368-85ac-f57a2387003c";"32.36.00";"Repatriering i almindelighed";"Her journaliseres bl.a. sager om:


    
        repatriering efter bek. af repatrieringsloven
        rådgivning om repatriering
        hjælp til repatriering, fx udgifter til billet til fly, tog, transport af ejendele, etablering i hjemlandet, sygeforsikring i et år
        beskrivelse af repatrieringsindsatsen
        reintegrationsbistand
         

    


Udbetaling Danmark forestår selve udbetalingen

Henvisning til relevante facetter:


    
        Sager om refusion ifm repatriering journaliseres med facet Ø36.";1
"a4a890e7-b881-449f-8c32-9ed8111e9475";"03.00";"Boliger";"Ingen beskrivelse";1
"a4ab6653-811b-4698-83bd-bdbe23655dda";"14.05.07";"Redningsmateriel";"Ingen beskrivelse";1
"a4c474c5-f45c-4bba-89d4-0fa3ef8cbc0b";"17.03.09";"Vidtgående specialundervisning ved regionsrådets foranstaltning";"Emnet dækker bl.a. sager om specialundervisning og anden specialpædagogisk bistand ved regionsrådets foranstaltning, også kaldet vidtgående specialundervisning. Fx:


    
        afgørelser om henvisning eller afslag på henvisning til specialundervisning - tilføjes facet G01
        klager til Klagenævnet for vidtgående specialundervisning, herunder genvurdering og videresendelse af klager - tilføjes facet K03.
        vidtgående specialundervisning ved regionsrådets foranstaltning til førskolebørn. Det er kommunalbestyrelsen, der til regionsrådet foretager indstilling om disse foranstaltninger til børn, der endnu ikke har påbegyndt skolegangen.";1
"a4d65ac0-6f3d-4c48-bb74-e578ffbfbfc9";"01.15.12";"Salg af jord, jordfordeling";"Den jord, et jordkøbsnævn erhverver, skal afhændes så hurtigt som muligt, normalt indenfor få år.
        Emnet her er til sager omkring afhændelse af jord.";1
"a4d9567d-621d-485a-8bfc-93285b593446";"14.12";"Forebyggende beredskabsforanstaltninger";"Gruppen er til sager om forebyggende beredskabsforanstaltninger efter beredskabsloven.
        
    


Henvisning til andre relevante grupper:


    
        Vedrørende de byggetekniske foranstaltninger, se gruppe 02.05.
        For skorstene og ildsteder, se gruppe 02.25.";1
"a4e60cc4-b235-11ea-83c4-0050c2490048";"29.08.16";"Isolationsfaciliteter til indkvartering af borgere";"Sundhedslovens § 210 a om isolationsfaciliteter til indkvartering af borgere i forbindelse med håndtering af COVID-19 er ophævet feb. 2021. Emnet opretholdes i første omgang af hensyn til historik.

Oprindelig servicetekst: Emnet dækker bl.a. sager om:


    
        Tilvejebringelse af isolationsfaciliteter til indkvartering af borgere i forbindelse med håndtering af COVID-19
        Aftale med andre myndigheder/private om isolationsfaciliteter
        Etablering og drift af isolationsfaciliteter i kommunens egen lokaler
        Visitation af borgere til en isolationsfacilitet";1
"a4f0f581-5661-4298-8fd2-b66189eb39c9";"17.20.05";"Rullende skolestart";"Emnet dækker sager om rullende skolestart. Fx sager om:


    
        beslutning om rullende skolestart
        projekt om rullende skolestart - tilføjes facet P20.";1
"a5055c42-8277-488d-b9c1-38efd1f5399a";"15.28";"Seniorjob";"Ingen beskrivelse";1
"a5470bf4-09cf-444b-939b-2beecbcabd29";"82.09.00";"Energiforhold, kommunens ejendomme i almindelighed";"Ingen beskrivelse";1
"a54c5696-dc86-4c07-9e65-dcdbd0afc1d5";"03.09.40";"Manglende efterlevelse af Huslejenævnets afgørelse";"Emnet dækker bl.a. sager om:


    
        Manglende efterlevelse af Huslejenævnets afgørelse
        Frakendelse af retten til at administrere udlejningsejendomme
        
    


Tidligere lovreference:


    
        Lejeloven § 113a (LBK 2019-09-04 nr. 927)";1
"a5556fc4-40fb-4c0e-b586-3a72f4b3595b";"27.42.32";"Sikkerhedsforhold, plejeboliger og plejehjem";"Nummeret dækker sikkerhedsforhold for ældre og handicappedes boliger, herunder bl.a. nødkaldeanlæg og vagtcentraler.";1
"a55fde49-f172-4a03-8427-19f77fc0683f";"04.31.20";"Hærværk på kirkegårde";"Ingen beskrivelse";1
"a592217c-780b-4cf2-850b-572e5ccddf03";"27.60.20";"Støtte til bil efter serviceloven";"Emnet er til sager, hvor kommunalbestyrelsen yder støtte til køb af bil til personer med varigt nedsat fysisk eller psykisk funktionsevne.";1
"a5985040-4dda-49f5-b698-b1231265317e";"86.00.00";"Kommunal selvforsyning mv. i almindelighed";"Emnet dækker bl.a. sager, der med lige god ret kan placeres i to / flere grupper, eller går på tværs af flere grupper i hovedgruppe 86.";1
"a59ff3da-2989-11e7-93ae-92361f002671";"32.26.14";"Midlertidig jobpræmie";"Emnet dækker sager om afgørelse, udbetaling og beregning af midlertidig jobpræmie.";1
"a5d21f14-8347-11e7-bb31-be2e44b06b34";"09.17.39";"Anmeldelse - vinteropstaldning af dyrehold";"Emnet dækker bl.a. sager om:


    
        Anmeldelse - vinteropstaldning af dyrehold til naturafgræsning
        Konkrete anmeldelser tilføjes facet G01";1
"a668116f-0e92-4544-b1b2-a0e051cadfb6";"27.57";"Botilbud";"Ingen beskrivelse";1
"a69dee7b-4bee-4c17-a67e-61cb7f8c92f0";"01.11";"Byfornyelse og udvikling af byer";"Ingen beskrivelse";1
"a6ceff58-1747-429f-b32b-8eef6dabbe5f";"27.42.36";"Arrangementer, aktiviteter og underholdning";"Emnet er til sager omkring de aktiviteter, arrangementer og underholdning, der afholdes på plejehjem og i plejeboliger.";1
"a6ef4526-9901-4f9f-9097-89f9049f3e0d";"05.04.00";"Stier i almindelighed";"Ingen beskrivelse";1
"a7116caf-ca02-4194-81e3-10d3f728b315";"28.03.24";"Åbne pædagogiske tilbud, organisering";"Her journaliseres bl.a. sager om etablering af åbne pædagogiske tilbud
        Det anbefales at bruge relevante emner fx i gruppe 28.09 til de konkrete aktiviteter.
        Åbne pædagogiske tilbud er til børn under skolealderen uden et egentligt pasningsbehov.
        Åbne pædagogiske tilbud og legestuer indgår ikke i kommunalbestyrelsens forsyning af pladser på dagtilbudsområdet.";1
"a73ff58a-0756-4389-b433-7a3bc92d151a";"05.02.05";"Vejnavne / husnumre på private fællesveje";"Emnet dækker bl.a. sager om kommunens opgaver som adressemyndighed for de private fællesveje i kommunen, herunder:


    
        fastsættelse af vejnavne
        fastsættelse af adresser
        fastsættelse af husnumre
        registrering af vejnavne og adresser i Danmarks Adresseregister (DAR)";1
"a75f2ad0-129c-438f-82bd-d9c52bcab6da";"18.18.00";"Daghøjskoler (selvejende) i almindelighed";"Ingen beskrivelse";1
"a770804f-5b4b-4db9-87f5-e184a2296236";"13.10.00";"Fællesantenneanlæg / kabel-tv i almindelighed";"Ingen beskrivelse";1
"a7785301-5dd4-11e5-b020-0050c2490048";"83.15.24";"Tøjvask";"Emnenummeret anvendes til sager om køb af tøjvask.
        Kontrakter tilføjes facet Ø54.";1
"a798bd68-de15-4a51-b3dc-df65716b02ee";"83.23.01";"Håndværktøj";"Ingen beskrivelse";1
"a7a95241-c8ba-11e5-aa0c-0050c2490048";"27.69.68";"Tolkebistand";"Emnet dækker bl.a. sager om:


    
        Organisering af tolkebistand, fx bestillinger, konkrete aftaler mv.
        Bevilling af tolkebistand, hvor bevillingen ønskes journaliseret i en selvstændig sag (tilføjes facet G01). Alternativt følger bevillingen den relevante sag.";1
"a7bfb41a-9fc4-4405-86cd-6398a9c7c7ec";"19.03.02";"Registrering af genstande";"Ingen beskrivelse";1
"a7cd5db4-0fb8-4b9b-a911-7f01fbb59537";"83.07.10";"Video, film og foto";"Ingen beskrivelse";1
"a8319b7f-862d-4890-a819-4e68a49b3dd7";"03.11.08";"Garanti, driftsstøtte, lån - almene boliger";"Ingen beskrivelse";1
"a8423eff-6d66-11eb-bf91-0050c2490048";"05.09.20";"Fjernelse af køretøjer";"Emnet dækker bl.a. sager om:


    
        vejmyndighedernes fjernelse af køretøjer, herunder biler, motorcykler, cykler
        høring af ejeren
        efterfølgende salg eller bortgivelse af køretøjet";1
"a8542283-a52f-44a6-83b8-d3c96e2d199e";"01.05.12";"Naturforvaltning";"Emnet dækker bl.a. sager om:


    
        Naturforvaltning efter naturbeskyttelseslovens kapitel 8
        Naturforvaltningsprojekter";1
"a897d8cb-5651-4dba-9501-17b09246e4f5";"07";"Affald og genanvendelse";"Hovedgruppe 07 omfatter bl.a. sager, der administreres/behandles i henhold til følgende lovgivning:


    
        LBK om afgift af affald og råstoffer (Affalds- og råstofafgiftsloven)
        LBK om apoteksvirksomhed (Apotekerloven)
        LBK om miljøbeskyttelse (Miljøbeskyttelsesloven)
        BEK om affald (Affaldsbekendtgørelsen)
        BEK om Affaldsdatasystemet (Affaldsdatabekendtgørelsen)
        BEK om affaldsregulativer, -gebyrer og -aktører m.v.
        BEK om affaldstilsyn (Affaldstilsynsbekendtgørelsen)
        BEK om anvendelse af affald til jordbrugsformål (Slambekendtgørelsen)
        BEK om anvendelse af bioaske til jordbrugsformål (Bioaskebekendtgørelsen)
        BEK om anvendelse af restprodukter, jord og sorteret bygge- og anlægsaffald (Restproduktbekendtgørelsen)
        BEK om asbest i arbejdsmiljøet (Asbestbekendtgørelsen)
        BEK om at bringe elektrisk og elektronisk udstyr i omsætning samt håndtering af affald af sådant udstyr (Elektronikaffaldsbekendtgørelsen)
        BEK om batterier og akkumulatorer og udtjente batterier og akkumulatorer
        BEK om biomasseaffald (Biomassebekendtgørelsen)
        BEK om håndtering af affald i form af motordrevne køretøjer, opkrævning af miljøbidrag og udbetaling af skrotningsgodtgørelse (Bilskrotbekendtgørelsen)
        BEK om pant på og indsamling m.v. af emballager til visse drikkevarer (Pantbekendtgørelsen)
        BEK om tilsyn med spildevandsslam m.m. til jordbrugsformål";1
"a8b92d75-6beb-46a8-bf9d-e238968b8403";"14.00.09";"Andres beredskabsplaner";"Ingen beskrivelse";1
"a8c79aad-c096-45c1-bfbe-ad11a4a7cb98";"32.03.38";"Almindelig førtidspension";"Her journaliseres sager om almindelig førtidspension, der består af grundbeløb, ekstra tillægsydelse og pensionstillæg
        Gælder for førtidspension tilkendt før 1. januar 2003
        Beregning og udbetaling efter gammelførtidspensionsloven varetages af Udbetaling Danmark
        Tilkendelse og frakendelse efter gammelførtidspensionsloven varetages af kommunalbestyrelsen.";1
"a8de3fba-c33e-4864-8dfe-dfc351f60756";"32.24.12";"Ledighedsydelse";"Her journaliseres sager om ledighedsydelse.
        Sager om kommunernes ret til statsrefusion af ledighedsydelse tilføjes facet Ø36.
        Sager om fleksydelse, se emnenr. 32.27.05.
        Sager om fleksjob, se emnenr. 15.20.24.";1
"a8ecae0b-8f84-453d-80b3-810db1116d2a";"03.01";"Benyttelse af boliger";"Gruppen dækker bl.a. sager efter lov om boligforhold";1
"a8ee85ac-c922-11eb-bad1-0050c2490048";"32.03.54";"Efterlevelsespension";"Emnet dækker sager om efterlevelsespension
        Anvendes primært i efterlevelsespensionssager relateret til tidlig pension
        Udbetaling Danmark myndighedsområde";1
"a9225a7e-04c3-41ca-897c-b32de5b3a3e7";"05.14.13";"Faste genstande over vejareal";"Emnet dækker sager om:


    
        vejmyndighedens tilladelse til anbringelse af faste genstande, skilte, el. lign., hvis de rager ind over en offentlig vejs areal
         

    


Henvisning til relevante facetter:


    
        Konkrete tilladelser / rådighedstilladelser tilføjes G01.";1
"a95f312f-3564-4be0-abea-f00033de1b57";"24.15";"Kommunal eksport / salg";"Gruppen dækker alle former for eksport og salg, herunder også salg af knowhow.

Når kommunen eksempelvis som leverandør udarbejder tilbud journaliseres sagen i denne gruppe med facet G10. Konkrete kontrakter der indgås journaliseres med relevant undernummer og facet Ø54.

Kommunal fremstillingsvirksomhed og selvforsyning dækkes af hovedgruppen 86.";1
"a96ede65-71f6-47f4-84aa-01dbda60f5a4";"13.06.04";"Byggemodning";"Her journaliseres sager om byggemodning
        Til konkrete sager om byggemodning anvendes facet P20.
        Sager om erhvervelse af jord (grund) til byggemodning se emnenr. 13.06.01";1
"a9754d1f-0b8e-11ea-989b-0050c2490048";"29.70.00";"Digitale sundhedsydelser i almindelighed";"Emnet dækker sager om:


    
        Sager om digital sundhed, fx i form af politikker, strategier og planer for digital sundhed.";1
"a9754d1f-0b8e-11ea-989c-0050c2490048";"29.70.10";"Telesundhed";"Emnet dækker bl.a. sager om:


    
        Telesundhed
        Undervisningsmaterialer på webportaler (telesundhed)
        Sundhedsmonitorering via www, WANS eller VPN
        Trænings-app’s";1
"a9754d1f-0b8e-11ea-989d-0050c2490048";"29.70.20";"Telemedicin";"Emnet dækker bl.a. sager om:


    
        Diagnostik og behandling ved hjælp af video, billeder, lyd og måleresultater via www.
        I det omfang kommunen ønsker en øget detaljering ift emnet telemedicin, anbefales det at oprette et selvstændigt 4. niveau, som en udvidelse af KLEs 3. niveau. Det 4. niveau bør forankres eksisterende standarder, og i denne sammenhæng med sundhedsdatastyrelsens klassifikation af sygdomme (SKS).
        Link til en nærmere beskrivelse af udvidelse til et 4. niveau lægges ind på servicesiden her. Kontakt gerne KLE redaktionen for information om mulighederne for en 4. niveau udvidelse.
        
    


Henvisning til andre relevante emner:


    
        Emnenr. 27.60.14 Vælfærdsteknologiske hjælpemidler";1
"a9764b2c-24a5-4c2b-8426-e87bc012802e";"00.14.00";"Borgerbetjening i almindelighed";"Emnet omfatter alle former for betjening, således også betjening af virksomheder og erhvervsliv.
        Sager om overordnede forhold vedrørende elektronisk borgerbetjening, fx politikker (tilføjes facet P22) journaliseres her.
        Den tekniske side af elektronisk borgerbetjening, se gruppe 85.15 digital signatur (emnenr. 85.15.07) og blanketter (gruppe 85.04).
        Sager om etablering og organisering af borgerservicecentre og fælleskommunale callcentre journaliseres under emnenr. 00.15.01.
        Sager om vejledning om digitale selvbetjeningsløsninger, se emnenr. 00.14.20.";1
"a9964297-68ca-4ca2-926b-87d76a502620";"81.38.04";"Hovedsamarbejdsudvalg";"Ingen beskrivelse";1
"a9d169af-77c2-4bb8-bd50-478afe23a59c";"05.13";"Færdselsregulering / trafiksikkerhed";"Gruppen dækker bl.a. sager om:


    
        Færdsels- og vejafmærkninger
        Trafiksaneringer
        Trafikbegrænsning
        Forsøg med selvkørende motorkøretøjer";1
"a9fd60f4-bf6a-4233-a30d-93d2d6b77abf";"82.06.03";"Projektering af nybyggeri";"Ingen beskrivelse";1
"aa05d87e-529c-4ba1-baa7-4f780b9f36fc";"85.04";"Blanketter og formularer";"Gruppen dækker bl.a. sager om:


    
        Principper for og anvendelse af digitale og papirbaserede blanketsystemer.
        Køb af blanketsystemer journaliseres i gruppe 83.03.";1
"aa17e59e-abb7-4868-ba66-50b4cb59eba6";"15.04.00";"Kommunale beskæftigelsesprojekter i almindelighed";"Ingen beskrivelse";1
"aa2e40f5-1da6-46e7-9387-6770cca09e8e";"54.34.04";"Orienteringsaftener";"Ingen beskrivelse";1
"aa720548-7faa-4856-babc-9f560a663b24";"00.05";"Besøg, repræsentation mv.";"Ingen beskrivelse";1
"aaa5d468-2db2-49a2-9cd6-d9efc3b65b6b";"82.13";"Sikring af kommunale ejendomme";"I gruppen placeres sager om sikring af kommunale ejendomme, fx:


    
        kriminalpræventive bygningsmæssige foranstaltninger (emnenr. 82.13.05)
        teknisk sikring af kommunale ejendomme (emnenr. 82.13.10).
        
    


Der skelnes mellem brandteknisk tilsyn udført af kommunen som brandmyndighed (se gruppe 02.05) og brandteknisk eftersyn (sikring), som ikke udføres af brandmyndigheden (emnenr. 82.13.10).";1
"ab247c27-ca68-11e5-ba80-0050c2490048";"85.15.05";"It-kriminalitet og bevissikring";"Emnet dækker bl.a. sager om:


    
        It-kriminalitet/datakriminalitet, der rammer kommunen
        Kommunens håndtering af datakriminalitet
        Ransomware
        Datalogning, logfiler
        Bevissikring og analyse
        Resultatet af genskabelsen af data
        Indberetning af sikkerhedshændelser
        
    
    


Henvisning til andre relevante emner:


    
        Sager om sikkerhedsforanstaltninger til forebyggelse af it-kriminalitet, se emnenr. 85.15.02
        Sager om brud på persondatasikkerheden journaliseres under emnenr. 85.10.13";1
"ab2d823d-fa96-11e7-9394-0050c2490048";"17.15.12";"Visitation og afdækning af sproglige kompetencer mv.";"Emnet dækker bl.a. sager om:


    
        Afdækning af nyankomne elevers sproglige og faglige kompetencer
        Løbende vurdering af elevernes sproglige udvikling
        Beslutning om henvisning til dansk som andetsprog
        Beslutning om sprogstøtte";1
"ab300b2d-bf53-42ed-ab51-abd418bfc501";"54.18.11";"Ungdomsuddannelsens tilrettelæggelse";"Emnet dækker bl.a. sager om:


    
        Ungdomsuddannelsens tilrettelæggelse
        Aftaler med andre institutioner ift. uddannelsens tilrettelæggelse
        Udgifter til bl.a. undervisning og administration på uddannelsesinstitutionen
        
    


Henvisning til relevante facetter:


    
        Konkrete kvalitetsaftaler tilføjes facet P27.
        Afgørelser og sager efter faste regler tilføjes G01";1
"ab3e4531-53da-45ff-a11a-b58c3e66d71f";"14.01.00";"Redningsberedskabets indsats i almindelighed";"Ingen beskrivelse";1
"ab44a09a-03bd-441c-925f-13a6f6e95c55";"06.02.11";"Vandløbsvedligeholdelse";"Her journaliseres bl.a. sager, hvor kommunen som vandløbsmyndighed fastsætter nærmere bestemmelser omkring videreførelse af slam, grøde og andet, der ophobes ved stemmeværker eller andre anlæg.";1
"ab60eb01-1160-462e-a84b-6bc24f9d842c";"85.11.00";"Etablering og udvikling af it-systemer i almindelighed";"Ingen beskrivelse";1
"ab81160e-8db0-4097-b888-198fc9a2e36a";"13.03.01";"Kollektive varmeforsyningsanlæg";"Her journaliseres bl.a. sager om kommunalbestyrelsens godkendelse af projekter og projektforslag for kollektive varmeforsyningsanlæg.
        Konkrete godkendelser tilføjes facet P19.";1
"abfe1022-a60e-4cd2-a1ba-65530d342eae";"03.25.25";"Udlændingestyrelsens anvisning af boliger";"Anviser kommunalbestyrelsen ikke nogen form for bolig inden for 3 måneder, kan Udlændingestyrelsen i henhold til § 15 i integrationsloven indgå aftaler på kommunalbestyrelsens vegne.";1
"ac1e51d2-c6d0-11ec-b30a-0050c2490048";"28.77.10";"Behandlingsmæssigt fripladstilskud";"Emnet dækker bl.a. sager om:


    
        Behandlingsmæssigt fripladstilskud
        Konkret og individuel vurdering af barnet ift. fripladstilskud";1
"ac20f15e-a146-40cd-8512-05de21ed974d";"27.09.08";"Private behandlingstilbud mv, driftsaftaler / godkendelser / tilsyn med driften";"Emnet dækker sager om godkendelse af private behandlingstilbud mv.
        Desuden journaliseres sager om kommunens driftsaftale med private behandlingstilbud her.
        Driftsorienterede tilsyn tilføjes facet K09.
        De konkrete tilbud, botilbud mv. til borgere, herunder visitationen hertil, journaliseres bl.a. i grupperne 27.51, 27.54 og 27.57.";1
"ac319caf-7226-4dad-808f-03a293e6eb01";"20.01.00";"Teatervirksomhed i almindelighed";"Ingen beskrivelse";1
"ac3ff784-986c-41e7-824f-00f08b678412";"01.07";"Sommerhusområder";"Ingen beskrivelse";1
"ac48ea47-5bc7-47aa-83ce-bed5fa3fb4a2";"27.69.00";"Retssikkerhed i almindelighed";"Emnet dækker bl.a.:


    
        sager der med lige god ret, kan placeres under to eller flere emner i gruppen.
        sager om samtykkeerklæringer, hvis de ønskes separeret ud som en selvstændig sag.";1
"ac50945a-f025-4f60-9a05-55f6dc3c5e69";"18.10.15";"Tværgående ungdomsskoletilbud";"De aktiviteter, som kommunalbestyrelsen kan tilbyde i henhold til Lbk. om ungdomsskoler § 3, stk. 2, nr. 3 (emnenr. 18.10.05-18.10.08 ), kan ikke altid specificeres på de fire nævnte områder. I de tilfælde, hvor aktiviteterne er tværgående i forhold til områderne, anvendes emnenr. 18.10.15.";1
"ac57735b-f7ed-434c-b60b-23b067731f66";"28.06.08";"Tilsyn med dagtilbud, fritidstilbud og klubtilbud";"Emnet dækker bl.a. sager om: 


    
        Tilsyn med indholdet af tilbuddene og måden hvorpå opgaverne udføres, herunder at de mål og rammer, der er fastsat efterleves
        Tilsyn med det pædagogiske indhold
        Dokumentation for tilsynet med kvaliteten af de pædagogiske læringsmiljøer
        Fastsættelse og offentliggørelse af rammerne for tilsynet
        
    


Henvisning til relevante facetter:


    
        Konkrete tilsyn /tilsynsrapporter tilføjes facet K09
        Rammer for tilsyn tilføjes facet P21
        
    


Henvisning til andre relevante emner:


    
        Tilsyn med private pasningsordninger, se emnenr. 28.03.16";1
"ac70d946-50ab-45ca-b2fd-fda7b2ab94f3";"81.28";"Sygdom og fravær, personale";"Ingen beskrivelse";1
"ac7240ad-6591-11e4-adc0-0050c2490048";"17.27.21";"Vejledning om valg af ungdomsuddannelse og erhverv";"Emnet dækker sager om vejledning om valg af ungdomsuddannelse og erhverv.";1
"ac7f421a-6195-405e-a343-46f4350b5f7e";"17.20.17";"Skolegang uden for eget skoledistrikt";"Emnet dækker sager omkring valg af folkeskole udenfor eget skoledistrikt.
        Forældre har iflg. folkeskolelovens § 36, stk. 3 krav på, at deres barn optages i en folkeskole efter eget valg i bopælskommunen.
        Hvis det ikke er muligt at imødekomme alle ønsker om optagelse i en anden skole end distriktsskolen, sker optagelse efter retningslinjer fastsat af kommunalbestyrelsen i skolekommunen for, hvilke børn der skal optages først.
        Fastsættelsen af retningslinjerne journaliseres med facet P21";1
"ac862b74-16b4-4955-af5e-069815661b54";"81.08.01";"Internt frikøb af medarbejdere";"Ingen beskrivelse";1
"ac9cc95c-277a-4de7-8389-70e7e792accf";"27.54.00";"Beskyttet beskæftigelse og aktivitets- og samværstilbud i almindelighed";"Ingen beskrivelse";1
"aca35300-db87-4d46-bd14-e30dc2354d64";"82.01";"Køb af areal og ejendom til kommunens eget brug";"Ingen beskrivelse";1
"acc38959-7722-4fea-8a93-8ae9d0e1b903";"81.01.00";"Stillinger i kommunen, klassificering mv. i almindelighed";"Ingen beskrivelse";1
"accd0808-ea3d-44fa-98e5-db6278399f44";"00.05.11";"Besøg til og fra kommunen / modtagelse af gæster";"Nummeret dækker sager om:


    
        besøg til og fra kommunen, herunder modtagelse af gæster
        studieture som kommunen deltager i
        udgifter til medarbejdere mv. i forbindelse med besøg journaliseres under hovedgruppen 81";1
"ad010268-fd27-46a3-8708-3322069fc2b2";"05.14.02";"Cykelstativer - genstande på vejareal";"Emnet dækker sager om opstilling af cykelstativer, eksempelvis på arealer ved vejhjørner eller på brede fortove.
        
    


Henvisning til relevante facetter:


    
        Konkrete tilladelser / rådighedstilladelser tilføjes G01.";1
"ad129860-3bbb-4650-8847-eb5a4c0b8116";"88.04.08";"Offentlig licitation, bygge- og anlægsarbejder";"Ved offentlig licitation rettes opfordring til at byde til en ubestemt kreds ved annonce i pressen eller i elektroniske medier.";1
"ad1cf98a-157f-45a8-a516-420b341bbc84";"24.10.00";"Erhvervsfremme i almindelighed";"Ingen beskrivelse";1
"ad283ac4-a048-4914-ad34-c931e8a187b7";"24.09.00";"Øvrige erhverv i almindelighed";"Her journaliseres bl.a. sager om støtte til forskerparker og tilskud til private jernbaner.
        Er der tale om rammebevilling journaliseres med facet S49.";1
"ad632bca-1462-4825-b8e2-64ce681d5688";"83.09.04";"El indkøb";"Ingen beskrivelse";1
"ad74af9c-7028-42ae-979f-c0f1e40b9374";"04.08.09";"Renovering af udendørsanlæg";"Ingen beskrivelse";1
"ad7d5ccc-1010-4ebb-992d-7b797a4b6c49";"14.14";"Redningsberedskabets opgaver for eksterne";"Ingen beskrivelse";1
"adb82dd5-db4d-4c31-997d-2761211aa663";"23.06.00";"Borgerlig personregistrering i almindelighed";"Ingen beskrivelse";1
"add8d275-4bf4-4023-bc37-fd6f5a2884de";"81.34";"Sundhedsfremmende foranstaltninger for personalet";"Gruppen dækker bl.a. sager om sundhedsfremmende personaleforanstaltninger, fx den direkte indsats overfor den enkelte medarbejder vedr. rygning, alkohol, rusmidler mv.

Sager vedrørende arbejdsmiljø, fx røgfrit miljø, arbejdsstedets indretning og psykisk arbejdsmiljø, placeres under hovedgruppe 87.";1
"addb169c-11cf-11e6-b939-0050c2490048";"27.45.12";"Almene ældre og handicapboliger efter almenboliglovens § 105";"Emnet dækker bl.a. sager om:


    
        udlejning af almene ældre og handicapboliger
        Aftaler vedr. lejekontrakter og husorden";1
"adf026f2-beea-4ae4-b625-70125d80c96a";"09.13.05";"Mosegrise - skadedyrsbekæmpelse";"Emnet dækker bl.a. sager om:


    
        bekæmpelse af mosegrise
        betaling for bekæmpelsen";1
"adfa132a-6e49-41ad-8390-6d3d345f8198";"82.00";"Kommunens ejendomme og lokaler";"Ingen beskrivelse";1
"ae18a935-b7c7-4bbc-b92e-4a21469b8b65";"07.00.03";"Regulativpligt og affaldsregulativer";"Her journaliseres sager om kommunens regulativpligt efter bl.a. affaldsbekendtgørelsens bestemmelser herom.
        Kommunalbestyrelsen fastsætter i et eller flere regulativer forskrifter om indsamlingsordningers omfang og tilrettelæggelse samt om anvisning af affald, der ikke er omfattet af en indsamlingsordning.
        Sager om konkrete regulativer tilføjes facet P24.
        Sager hvor kommunalbestyrelsen i et regulativ fastsætter nærmere bestemmelser om anvisning af affald af andet elektrisk og elektronisk udstyr journaliseres også her.";1
"ae3c21a0-169b-43ad-bd94-c58c39b386a5";"24.00.01";"Samarbejde med aktieselskaber mv.";"Under dette nummer journaliseres sager om selskabets dannelse, organisation, bestyrelse mv.
        Selskabets konkrete aktiviteter journaliseres under de emner/opgaver, selskabet beskæftiger sig med.
        Kommuner kan deltage finansielt og ledelsesmæssigt i selskaber, der med henblik på salg forarbejder og videreudvikler viden samt produkter og tjenesteydelser byggende på kommunal viden - evt. kombineret med sammenhængende privat viden.";1
"ae4d6cd6-2504-4359-9fbb-1c1362b81ee2";"09.30.02";"(B) Forarbejdning af mineralske råstoffer";"Emnet dækker bl.a. sager om kommunens tilsyn med brugerbetalingsbekendtgørelsens bilag 1-virksomheder, under pkt. B.
        De konkrete sager om tilsyn journaliseres med facet K08.";1
"ae93d792-6951-4540-931b-0a1662610de3";"83.09.03";"Gas";"Ingen beskrivelse";1
"aea5f9a1-495f-11e9-90a4-0050c2490048";"32.12.05";"Børneydelse - halvdelen af ydelsen";"Emnet dækker sager om:


    
        Børneydelse - halvdelen af ydelsen
        Ligedeling af børne- og ungeydelse træder i kraft 1. januar 2022
        Udbetaling Danmark myndighedsopgave";1
"aece85e1-1e22-4673-80f1-01ae03f3d69f";"83.07.05";"Musik";"Ingen beskrivelse";1
"aeda1148-45fc-447e-960e-a7adf83ddd9e";"24.09";"Øvrige erhverv";"Ingen beskrivelse";1
"aedb9d98-c8b5-4537-b68b-14e7ee8d852a";"13.30.00";"Decentral kraftvarme i almindelighed";"Ingen beskrivelse";1
"af0836bb-c81d-41fa-a4fc-66cd5954f577";"00.20";"Kommunens / institutionens historie, våben mv.";"Ingen beskrivelse";1
"af1636d2-0483-4bee-8139-25e1636ebeb0";"86.00";"Kommunal selvforsyning mv.";"Ingen beskrivelse";1
"af4a12aa-5130-4963-af7b-9858c416b4ec";"09.02.16";"(K) Nyttiggørelse og bortskaffelse af affald";"Emnet dækker bl.a. sager om:


    
        godkendelse og godkendelsespligt af listevirksomhed vedrørende (K) Nyttiggørelse og bortskaffelse af affald
        tilsyn med listevirksomhed
        
    


Henvisning til relevante facetter:


    
        Sager om tilsyn tilføjes K08
        Sager om godkendelser tilføjes P19
        
    


Navngivningen af emnerne følger listen af godkendelsespligtige listevirksomheder i bilag 1 og 2 til godkendelsesbekendtgørelsen";1
"af78e755-d386-4f20-bcdc-1f6d2d7c1849";"06.20.00";"Offentlige toiletter i almindelighed";"Her journaliseres kommunens virksomhed og aktiviteter i forbindelse med offentlige toiletter. Fx regler for anvendelse, betaling.
        Det bygningsmæssige journaliseres under hovedgruppen 82.";1
"af7ef819-1adb-43a4-8d52-34a8b7ff7086";"04.08.11";"Pleje af udendørsanlæg";"Ingen beskrivelse";1
"af7efb6f-a223-4d7e-b669-a8b632c69173";"29.15.12";"Omsorgstandpleje";"Kommunalbestyrelsen tilbyder forebyggende og behandlende tandpleje til personer, der på grund af nedsat førlighed eller vidtgående fysisk eller psykisk handicap kun vanskeligt kan udnytte de almindelige tandplejetilbud.";1
"af9f9820-c0ef-4390-8fb1-7d61c6fb8b2c";"83.05.04";"Kolonial";"Ingen beskrivelse";1
"afc6fd58-5e2d-11ef-a97c-0050c2490048";"23.30.20";"Værgemål";"Emnet dækker bl.a. sager om:


    
        Værgemål, fx når kommunalbestyrelsen sender anmodning til Familieretshuset om værgemål, ændring eller ophævelse af værgemål.
        
    


Historik:


    
        Emnet er flyttet fra det tidligere emnenr 27.69.56 aug. 2024";1
"afc6fd58-5e2d-11ef-a97d-0050c2490048";"27.29.35";"Lommepengejob";"Emnet dækker bl.a. sager om:


    
        Tilbud om lommepengejob
        Ret til lommepengejob til kriminalitetstruede unge";1
"b028e865-a481-11e8-ab8e-0050c2490048";"01.24";"Kystbeskyttelse";"Gruppen dækker sager efter kystbeskyttelsesloven. Fx


    
        Kystbeskyttelsesprojekter
        kystbeskyttelsesforanstaltninger
        Tilladelser til kystbeskyttelse
        
    


Kystbeskyttelse var tidligere placeret i gruppe 04.18.";1
"b028e865-a481-11e8-ab8f-0050c2490048";"01.24.00";"Kystbeskyttelse i almindelighed";"Emnet dækker bl.a. sager om:


    
        Kystbeskyttelse i almindelighed.
        Sager der ikke kan placeres under et af de specifikke emner i gruppen.";1
"b028e865-a481-11e8-ab90-0050c2490048";"01.24.04";"Kommunale fællesprojekter om kystbeskyttelse";"Emnet dækker bl.a. sager om:


    
        Kystbeskyttelsesprojekter, som er igangsat af en kommune selv, eller på baggrund af, at en gruppe ejere af fast ejendom har bedt kommunen igangsætte en sag.
        Kystbeskyttelsesforanstaltninger fx anlæg eller andre foranstaltninger.
        Kystbeskyttelsesprojekter tilføjes facet P20.
        Bidragsfordeling ved etablering og vedligeholdelse af kystbeskyttelsesforanstaltninger.
        Digelag. Vedtægter tilføjes facet P24.";1
"b028e865-a481-11e8-ab91-0050c2490048";"01.24.08";"Tilladelse til kystbeskyttelse";"Emnet dækker bl.a. sager om:


    
        Tilladelse til kystbeskyttelse.
        Forsøgsprojekter, nye kystbeskyttelsesmetoder.
        
    


Sager om høring af kystbeskyttelsesprojekter tilføjes facet K04.";1
"b028e865-a481-11e8-ab92-0050c2490048";"01.24.12";"Ekspropriation ved kystbeskyttelse";"Emnet dækker bl.a. sager om:


    
        Ekspropriation ved kystbeskyttelse.
        Ekspropriationsbeslutning, tilføjes facet P19.
        Ekspropriationserstatning, tilføjes facet Ø61.";1
"b028e865-a481-11e8-ab93-0050c2490048";"01.24.16";"Badebroer og bådebroer";"Emnet dækker bl.a. sager om:


    
        Ansøgninger om bade- og bådebroer";1
"b028e865-a481-11e8-ab94-0050c2490048";"01.24.20";"Risikostyringsplan, oversvømmelse ved kyster";"Emnet dækker sager vedr. vurdering og risikostyring for oversvømmelser fra havet, fjorde eller andre dele af søterritoriet.
        Kommunalbestyrelsen udarbejder en risikostyringsplan for risikoområder udpeget af Kystdirektoratet.
        
    


Følgende handlingsfacetter kan bruges til de enkelte faser i risikostyringsplanlægningen:


    
        P16 for forslag.
        K04 for høringsfasen.
        P16 til endelig plan.";1
"b02c9591-de57-42e2-b4b2-219446babde1";"14.01.06";"Rydning og bekæmpelse af følgeskader";"Ingen beskrivelse";1
"b0639371-3128-4615-a561-be4575a0cec5";"32.27.00";"Ydelser efter beskæftigelsesindsatsloven og fleksydelsesloven i almindelighed";"Sager om fleksydelse er flyttet til emnenr. 32.27.05, fra nov 2012 versionen";1
"b0986394-655d-4a15-bdb1-ffbdd706370f";"27.69.28";"Pensionsudvalg";"Emnet er til sager om nedsættelse af pensionsudvalget.
        De konkrete behandlinger og afgørelser af ansøgninger om førtidspension, invaliditetsydelse mv. journaliseres under relevant emne.";1
"b0a8b3cd-428f-41fb-a36f-09b3a502ba6f";"09.20";"Særlige brancher og brancheaftaler";"Gruppen dækker følgende lovgivning:


    
        Miljøbeskyttelsesloven
        Bek. om brugerbetaling for godkendelse og tilsyn efter lov om miljøbeskyttelse og lov om miljøgodkendelse m.v. af husdyrbrug
        Pelsdyrbekendtgørelsen
        Bek. om miljøkrav i forbindelse med etablering og drift af autoværksteder mv.
        Bek. om anmeldelse af slagteribranchen
        Bek. om anmeldelse for levnedsmiddelbranchen
        Vindmøllebekendtgørelsen
        Renseribekendtgørelsen
        VOC-bekendtgørelsen";1
"b1153b19-f2a5-4eed-b92d-79b458659b35";"08.03.35";"Fjernelse / nedlæggelse, havne";"Ingen beskrivelse";1
"b126d5e1-06d7-41a3-bbe2-955093bb1062";"29.03.04";"Udstedelse af sundhedskort";"Ingen beskrivelse";1
"b12f6463-56d0-4788-b80d-f34fab15b59f";"18.12.03";"Egenbetaling / kontingenter";"Ingen beskrivelse";1
"b14f15d5-cc77-498b-a48a-379212a65348";"19.02.04";"Undersøgelsesvirksomhed, arkiver";"Her journaliseres sager, der vedrører arkivernes undersøgelsesvirksomhed.";1
"b15ced5e-e9ad-4393-b322-375162715841";"13.05.12";"Trafikselskabers finansiering";"Ingen beskrivelse";1
"b1889f95-689b-4151-acbf-50b310406072";"20.01";"Teatervirksomhed";"Teaterloven
        Bek. om statstilskud til små storbyteatre
        
    


I henhold til denne bekendtgørelse yder staten driftstilskud til små storbyteatre i bl.a. Odense, Århus og Aalborg Kommuner. Kommunerne skal indgå en minimum 3-årig aftale om driftstilskud (teateraftale) med de enkelte teatre for at kunne opnå statstilskud. Desuden skal indgås en 4-årig budgetaftale mellem Kulturministeriet og kommunen.


    
        Egnsteater-bekendtgørelsen
        
    


I henhold til denne bekendtgørelse refunderer staten 50% af kommunernes driftstilskud til egnsteatre uden for bl.a. Odense, Århus og Aalborg Kommuner. Der skal som betingelse for refusion indgås en minimum 3-årig skriftlig aftale om driftstilskud med det enkelte teater (egnsteateraftale).

Paragrafhenvisningerne er til teaterloven.";1
"b1a75db5-b657-4120-a645-0291bdf975f6";"86.07";"Råstoffer";"Ingen beskrivelse";1
"b1bbd607-2479-11e9-bfee-0050c2490048";"27.35.28";"Socialt frikort";"Emnet dækker sager om socialt frikort
        Kontrol af om betingelser for udstedelse stadig er opfyldt
        Konkrete sager tilføjes facet G01";1
"b1db2d59-2a67-11eb-9c6b-0050c2490048";"09.17.23";"Revurdering af godkendelser af IE-husdyrbrug";"Emnet dækker sager om revurdering af godkendelser af husdyrbrug, bl.a:


    
        Husdyrbrug, der er godkendt efter § 11 og § 12 i lov om miljøgodkendelse m.v. af husdyrbrug
        Husdyrbrug, der er godkendt efter kapitel 5 i lov om miljøbeskyttelse, og som ikke er IE-husdyrbrug.
        
    


Henvisning til relevante facetter:


    
        Revurdering af godkendelser tilføjes P19";1
"b1eaff7e-12e7-425e-8f33-4d4a7f689d67";"02.02";"Bebyggelsens højde- og afstandsforhold";"Ingen beskrivelse";1
"b1f22296-c7ac-43ad-b241-6d373c05ad12";"83.10";"Materialer til undervisnings- og beskæftigelsesvirksomhed";"Ingen beskrivelse";1
"b1fe39ad-e89d-491d-8c8d-c1703478090f";"88.08";"Offentlige indkøb under tærskelværdi";"Gruppen dækker sager om:


    
        Indkøb af vare- og tjenesteydelseskontrakter under tærskelværdien, efter udbudslovens afsnit IV og V 
        
    


Generel vejledning til udbudsgruppen:


    
        Formålet med opbygningen af udbudsgruppen er, at den understøtter dokumentationen ifm. de forskellige typer af indkøb, og de trin kommunen skal igennem i en udbudsproces.
        Genstanden for udbuddet (hvad udbuddet omhandler) tilføjes i sagstitlen.
        Konkrete udbudssager tilføjes facet G01.
        Når kontrakt indgås med leverandøren, og udbudsprocessen er gennemført, journaliseres selve kontrakten/driftssagen på relevant emne i KLE.
        Kontrakten/driftssagen tilføjes facet Ø54.
        (Hovedgruppe 88-emnerne erstatter tidligere facet Ø22).
        
    


Gruppen hed tidligere ’varer og tjenesteydelser’ (feb 2018). Se nu gruppe 88.12.";1
"b1ffb942-70b1-42ed-820a-4a3b6d2f6165";"22.11.10";"Tilladelser til limousine";"Her journaliseres sager om tilladelser til limousine.
        Det gælder både dem der bevilges og hvor der gives afslag.
        De konkrete ansøgninger tilføjes facet G01.
        
    


Emnet udgik august 2018 da administrationen af taxiområdet er flyttet til Trafik-, Bygge- og Boligstyrelsen. Genåbnet februar 2019, da kommuner fortsat får henvendelser, bl.a. om ombytning af tilladelser.";1
"b1fff685-0c12-11e8-bab5-0050c2490048";"88.04.42";"Konkurrencepræget dialog, bygge- og anlægsarbejder";"Emnet dækker udbudssager om:


    
        Konkurrencepræget dialog ved bygge- og anlægsarbejder.
        Anvendes ved udbud af bygge- og anlægsarbejder, hvor en række kriterier gør sig gældende.";1
"b2076daf-cc38-442a-8aa8-9821f3e80f9c";"23.09.04";"Kørekort";"Emnet dækker bl.a. sager om:


    
        Ansøgning om kørekort
        Midlertidigt erstatningskørekort
        Udstedelse af kørekort
        Generhvervelse
        Ansøgning om deltagelse i en alkolåsordning";1
"b21fbfba-bded-4a20-8389-d137267fbfed";"30.10.15";"Domstole";"Emnet dækker sager om nævninges og domsmænds udtagelse.";1
"b228a5ee-05fe-4081-be7f-d92d09ad7392";"17.20.07";"Skoleskift og skoleflytning";"Emnet dækker bl.a. sager om:


    
        Skoleskift
        Flytning af elever
        Afgørelse om flytning af elev
        Midlertidig fratagelse af en forælders rettigheder efter folkeskoleloven ved en elevs ophold på krisecenter
        Afgørelse om bortfald af den anden forælders rettigheder med henblik på skoleskift
        Overflytning af elev til en anden skole";1
"b22d395f-5c99-4661-9866-c91af9bd96fc";"20.08.06";"Billedskolers udstyr og materialer";"Ingen beskrivelse";1
"b2620176-ea1d-44c4-b63c-6bce535a6342";"02.08.00";"Installationer m.m. i almindelighed";"Ingen beskrivelse";1
"b264820c-f582-11e9-ad05-0050c2490048";"32.10.70";"Midlertidigt børnetilskud til enlige";"Emnet dækker sager om:


    
        Midlertidigt børnetilskud til enlige
        Udbetaling Danmark myndighedsopgave";1
"b264820c-f582-11e9-ad06-0050c2490048";"32.10.72";"Midlertidigt børnetilskud til særligt nedsatte ydelsesmodtagere";"Emnet dækker sager om:


    
        Midlertidigt børnetilskud til enlige
        Udbetaling Danmark myndighedsopgave";1
"b264820c-f582-11e9-ad07-0050c2490048";"32.10.74";"Midlertidigt børnetilskud til gifte og samlevende";"Emnet dækker sager om:


    
        Midlertidigt børnetilskud til gifte eller samlevende
        Udbetaling Danmark myndighedsopgave";1
"b264820c-f582-11e9-ad08-0050c2490048";"32.10.76";"Midlertidigt børnetilskud - enligtillæg";"Emnet dækker sager om:


    
        Midlertidigt børnetilskud som enligtillæg
        Udbetaling Danmark myndighedsopgave";1
"b27089e3-2681-43f9-b4f1-8db351e5a8c4";"81.30.02";"Tjenestefrihed uden løn";"Ingen beskrivelse";1
"b278fffb-586f-41a4-9994-ae7488df8ceb";"14.00.11";"Totalforsvarssamarbejde";"Ingen beskrivelse";1
"b2b8f878-0402-4681-9f35-7ca97ed34552";"83.01.01";"Kontorinventar, møbler mv.";"Ingen beskrivelse";1
"b2cbde9a-17a1-4017-bd6f-7c2d72453a5d";"00.07.06";"Klagevejledning - forvaltningsprincipper";"Ingen beskrivelse";1
"b2d1f90f-eaf3-45b8-9340-dc2471d0a06b";"85.11";"Etablering og udvikling af it-systemer";"Gruppen dækker bl.a. sager om:


    
        Etablering og udvikling af kommunens informationsteknologi, herunder også sager om netværk, IT-arkitektur mv.
        Gruppen dækker også udfasning og nedlukning af kommunens IT-systemer.
        
    


Henvisning til andre relevante grupper:


    
        Sager om anmeldelser til Datatilsynet, samkøring af registre mv. journaliseres i gruppe 85.10.
        Sager vedrørende den løbende drift og sikkerhed journaliseres i gruppe 85.15.";1
"b2df5c40-5550-4d9e-9964-9dd08650d530";"00.32.18";"Kassebeholdning";"Sager om kassebeholdning mv. journaliseres her.
        Er der tale om kasseeftersyn, journaliseres det som revision med emnenr. 00.32.00.";1
"b2f0062a-749c-40ab-8c54-c83a3396886d";"29.15.04";"Tandpleje for børn og unge under 22 år";"Emnet dækker bl.a. sager om:


    
        Tilbud om tandpleje for børn og unge under 22 år
        Vederlagsfri tandpleje
        
    


Henvisning til relevante facetter:


    
        Aftaler med praktiserende tandlæger eller tandplejere om tandpleje, se facet P27";1
"b31016fa-2e0f-4368-9ca5-c20c22f106ed";"05.01.25";"Jernbaneinfrastruktur";"Emnet dækker bl.a. sager om jernbaneinfrastruktur og infrastrukturforvaltning.
        Typisk vil det være sager hvor vejmyndigheden bliver hørt ifm. infrastrukturforvaltning.
        Sager om høring tilføjes K04.";1
"b32cec98-31a9-47c9-b6c8-f8bb50646c70";"03.25.00";"Boligplacering af flygtninge i almindelighed";"Emnet er til sager om boligplacering, der dækker to eller flere emner i gruppen, eller som ikke kan placeres entydigt under et eksisterende emne i gruppen.";1
"b35ddb5e-fc49-49d8-bcb4-36949a64403b";"13.06.05";"Forespørgsler om jordsalg / -køb";"Ingen beskrivelse";1
"b35e09de-35e8-4c70-a9d9-1f4b2fa3ec0b";"27.39.04";"Frit valg af leverandører af personlig og praktisk hjælp";"Emnet dækker bl.a. sager om:


    
        frit valg af leverandører af personlig og praktisk hjælp
        kvalitetskrav til leverandører
        fritvalgsbeviser
        beredskabsplan for konkurser hos private leverandører af personlig pleje og praktisk hjælp
        
    


Henvisning til andre emner:


    
        Sager om personligt udpeget hjælper journaliseres under emnenr. 27.39.08";1
"b36c3545-4ab8-4cd2-92ba-d714ab9f5914";"17.04.22";"Skoleblade";"Emnet dækker sager om skoleblade, hvad enten disse udgives/redigeres af elever eller af skolen. Fx:


    
        retningslinjer for form og indhold
        udgivelses­termin
        prisfastsættelse
        ansvar";1
"b3a248e4-83cb-4c7d-a080-525249065780";"04.14";"Campingpladser og lejrpladser";"Sager om tilladelse til nye campingpladser og udvidelse af bestående campingpladser, iht. planloven journaliseres under gruppe 01.02.

Sager om tilsyn efter bestemmelserne i campingreglementet journaliseres med facet K08.";1
"b3acfe77-b8f5-4881-8fe6-ff103d8cc413";"20.11.02";"Egne kulturelle arrangementer";"Ingen beskrivelse";1
"b3d26db8-1e4f-11e9-9b0e-0050c2490048";"25.45.19";"Opkrævning - tilbagebetaling begravelseshjælp";"Ingen beskrivelse";1
"b3e4fe6c-2dea-48cd-8b49-6f3f7e6093f9";"17.20.16";"Skolegang uden for kommunegrænsen (til/fra)";"Emnet dækker sager, hvor børn optages i en folkeskole i en anden kommune, under forudsætning af, at det kan ske inden for de rammer skolekommunen har fastsat i henhold til § 40, stk. 2
        Henvisning af elever til andre kommuners/myndigheders skoler kan kun omfatte elever på 7. til 9. klassetrin og elever, der henvises til specialklasser/-skoler.
        Endelig kan henvisning ske for elever, der fysisk bor nærmere en nabokommunes skoler.";1
"b3e64823-e376-47cb-a930-21b1ae4584be";"04.14.22";"Hygiejniske forhold mv. på campingpladser";"Emnet dækker sager om:


    
        hygiejniske forhold mv. på campingpladser. Ifølge campingreglementet kan kommunalbestyrelsen bl.a. stille krav til antal og indretning af toiletter, vaske- og bruserum.
        kommunalbestyrelsens tilsyn med overholdelse af reglerne heraf tilføjes facet K08";1
"b3f3b92a-879a-446d-bd80-73317425704a";"29.09.15";"Patientsikkerhed";"Emnet er til sager om kommunernes arbejde i forbindelse med patientsikkerhed. Herunder rapportering af utilsigtede handlinger i den kommunale sundhedssektor.";1
"b43793e4-a700-4d6c-97b5-1a1c1944a7dd";"82.06";"Nybyggeri, kommunens ejendomme";"Her journaliseres sager om nybyggeri af kommunale bygninger.";1
"b4628bad-d131-4757-b3c6-eb16b7ff92e2";"08.20.00";"Lufthavne og flyvepladser i almindelighed";"Emnet dækker bl.a. sager om:


    
        godkendelse af flyvepladser
        godkendelse af ændring af offentlige flyvepladser
        tilladelse til at indrette og drive en flyveplads";1
"b4667429-c3b2-4da9-91a5-5f1bcecb6104";"18.16";"Fritidsaktiviteter uden for folkeoplysningsloven";"Ingen beskrivelse";1
"b472b0b8-effe-42ec-a484-c980510502d7";"32.03.24";"Delpension";"Udbetaling Danmark myndighedsopgave pr. 1. maj 2015";1
"b476cce0-ac7b-4b01-96c9-c514cec862fb";"81.02.00";"Rekruttering i almindelighed";"Emnet dækker bl.a. sager om:


    
        HR rekruttering (konkrete stillingsopslag, se KLE 81.02.05)
        Rekrutteringsplaner
        Fortrinsret for handicappede ved ansættelser
        Uopfordrede ansøgninger
        
    


Historik


    
        Før 01-02-2025 dækkede KLE 81.02.00 stillingsopslag og udvælgelse og er nu flyttet til 81.02.05";1
"b494b0b3-166a-4ed5-bf13-bf033afd2942";"82.09";"Energiforhold, kommunens ejendomme";"Ingen beskrivelse";1
"b4ff4ed0-462c-4fc3-af5a-07c1df5d94f4";"00.06.04";"Ansøgninger og udbetalinger af legater";"Her journaliseres ansøgninger om legater og udbetalinger.
        Sager om konkrete ansøgninger tilføjes facet G01.";1
"b50f11ed-8aa2-4845-ab17-c181c0b092e4";"01.11.25";"Bygningsforbedringsudvalgets organisering";"Emnet dækker bl.a. sager om:


    
        nedsættelse og organisering af bygningsforbedringsudvalg, der helt eller delvis udøver kommunalbestyrelsens beføjelser efter kapitel 4 i byfornyelsesloven. Nedsættelse tilføjes facet A30.
        retningslinjer for bygningsforbedringsudvalgets virksomhed. Retningslinjer tilføjes facet A26.
        
    


De konkrete sager, som bygningsforbedringsudvalget behandler, journaliseres under emnenr. 01.11.24.";1
"b515e905-041b-4bf2-858f-10fe851db7b9";"81.25.00";"Bibeskæftigelse i almindelighed";"Ingen beskrivelse";1
"b5461c54-6011-4cb3-807d-4e91cbaab14c";"00.32";"Regnskab - kommunens økonomiske forvaltning";"Gruppen dækker sager om regnskaber, fx årsregnskaber og halvårsregnskaber, grønne regnskaber og regnskabsregler
        Emnerne i gruppen kan anvendes af alle forvaltningsenheder og decentrale institutioner til regnskabsføring
        Typiske facetter der anvendes i gruppen er: G01Generelle sager, P19 Godkendelser, fx økonomiudvalgets behandling, K01Revision
        Med en række økonomifacetter (S og Ø) udfaset i 2012 anvendes fremover de relevante emner i gruppe 00.30 (budget), 00.32 (regnskab) og 00.34 (lån)
        
    


Oversættelsesnøgle:


    
        00.32.10 (års)og 00.32.12 (halvårs) erstatter S 08
        00.32.22 erstatter Ø 33
        00.30.10 erstatter S 02, S 04, Ø 04, S 06, Ø 06
        00.30.12 erstatter Ø 02
        00.30.02 erstatter S 01
        00.30.08 erstatter S 05
        00.30.14 erstatter Ø 09
        00.30.18 erstatter S 03
        00.36.00 erstatter Ø 51";1
"b5656741-ac6f-4bb7-b5ce-f3dc840345ea";"01.02.36";"Overtagelse af fast ejendom efter planloven";"Emnet dækker sager om kommunens overtagelse af fast ejendom, efter ejerens forlangende, jf. planloven";1
"b5a23c70-15e9-44dd-8414-7e431abefd5b";"83.15.10";"Reklamebureauer";"Emnet dækker bl.a. sager om køb af serviceydelser fra reklamebureauer.

Emnet anvendes til sager, hvor det faglige genstandsfelt/emne for reklamebureauernes serviceydelser ikke er kendt eller fastlagt, og hvor man derfor ikke kan vælge et fagligt specifikt KLE-emne til sagen.";1
"b5a8ee0a-e307-4648-91b5-df1bee2b8621";"07.17.06";"Organisk affald, indsamlings- og anvisningsordninger";"Ingen beskrivelse";1
"b5bdf516-3370-41a4-918f-0205df71427b";"07.03.00";"Anlæg for deponering af affald mv. i almindelighed";"Ingen beskrivelse";1
"b5e659f3-9c8a-412a-998f-e25d011d56bd";"01.00.00";"Fysisk planlægning og naturbeskyttelse i almindelighed";"Emnet dækker bl.a.:


    
        Generelle sager om fysisk planlægning og naturbeskyttelse
        Sager om fysisk planlægning og naturbeskyttelse som dækker to eller flere grupper i hovedgruppe 01, eller ikke entydigt kan placeres under et af emnerne i hovedgruppe 01";1
"b5f5b854-8fcd-4c28-bd12-b00a6ba23c2f";"05.07";"Renholdelse og vintertjeneste";"Ingen beskrivelse";1
"b5f85ec2-e015-4b7d-8cf4-51874ea10367";"82.07";"Vedligeholdelse af kommunens ejendomme";"Ingen beskrivelse";1
"b6204189-8ebd-4e1e-83d7-a70e6bbd81c6";"01.11.22";"Bygningsfornyelse af private udlejningsboliger";"Emnet dækker bl.a. sager om:


    
        Støtte til udgifter til bygningsfornyelse af private udlejningsboliger. Fx vedligeholdelsesarbejder, forbedringsarbejder, nedrivning eller opførelse af mindre tilbygninger.
        Bygningsfornyelsesbeslutninger - tilføjes facet G01.";1
"b62f24d2-d019-488c-99bf-2bbbe079de3e";"29.21.08";"Fysioterapi m.v., vederlagsfri behandling";"Ingen beskrivelse";1
"b639cb96-6596-11e4-a7ad-0050c2490048";"17.27.25";"Introduktionskurser og brobygning";"Emnet dækker bl.a. sager hvor:


    
        Elever i 8. klasse ved introduktionskurser til flere ungdomsuddannelser forberedes på valget af ungdomsuddannelse efter 9. eller 10. klasse
        Elever i 9. klasse, der er uafklarede i valget af ungdomsuddannelse, tilbydes brobygning, hvis skolen vurderer, at det vil gavne elevens mulighed for fortsat uddannelse
        Elever i 10. klasse skal deltage i brobygning eller kombinationer af brobygning og ulønnet praktik med et uddannelsesperspektiv
        Elever, der har opfyldt undervisningspligten, kan deltage i brobygningen indtil det fyldte 19. år";1
"b648cae3-3a25-4b67-b13d-298e15ebc4b6";"00.32.06";"Grønne regnskaber";"Emnet giver mulighed for at journalisere grønne regnskaber som en selvstændig sag.
        Sager omkring grønne regnskaber ifm. Dogme2000 samarbejdet journaliseres her.";1
"b6634534-c873-4780-8b86-33bd22f3c70b";"06.01.03";"Nyanlæg / udførelse, ledninger";"Emnet vedrører primært drift og således ikke myndighedsopgaver
        
    


Sager om anlæg, herunder nyanlæg, kan inddeles i en række faser, der adskilles sagsmæssigt. Følgende facetter kan anvendes ifm. anlægsprojekter:


    
        Anlægsplan P16
        Anlægsprojekter P20
        Anlægsbevilling 00.30.08 med P19
        Aflevering af byggeregnskab 00.32.04 med G01
        Godkendelse af anlægsregnskab 00.32.04 med P19
        Byggemøder P35";1
"b67514f7-3579-40a8-b6b0-094703caa834";"15.21";"Formidlingsindsats";"Ingen beskrivelse";1
"b681b62d-1a9e-4b53-b9ca-ff26fa8fe732";"08.01";"Skibs- og vareafgift";"Ingen beskrivelse";1
"b68eacc3-99d9-437a-ad3f-239472ff57b3";"20.07.02";"Sæsontilrettelæggelse på musikskoler";"Ingen beskrivelse";1
"b692ab65-aae3-49e9-adcf-6e09d4034707";"83.15.05";"Advokater";"Emnet dækker bl.a. sager om køb af serviceydelser fra advokater.

Emnet anvendes til sager, hvor det faglige genstandsfelt/emne for advokaternes serviceydelser ikke er kendt eller fastlagt, og hvor man derfor ikke kan vælge et fagligt specifikt KLE-emne til sagen.";1
"b6a4f5f7-9aca-4e7d-88e1-2f088ac62bd1";"14.01.04";"Indkvartering, evakuering og forplejning af nødstedte";"Ingen beskrivelse";1
"b6b791c0-4fcc-47a9-9d2e-f8903be38e5b";"09.25.00";"Genteknologi i almindelighed";"Emnet dækker bl.a. sager om kommunens tilsyn i forbindelse med miljø og genteknologi på vegne af miljøministeriet";1
"b6c55c71-d7d2-403e-b012-780311718c35";"17.21.05";"Farlig skolevej";"Emnet dækker sager i forbindelse med farlig skolevej, fx sager om:


    
        klager
        vurderinger
        
    


De konkrete foranstaltninger efter erkendelse af farlig skolevej i form af eksempelvis trafikbump, lyssignaler, indsnævringer, hastighedsbegrænsninger o.l. placeres i gruppe 05.13.";1
"b6dfaedb-75af-4968-9972-669d00361204";"14.05.12";"Kommunikationsmateriel, redningsberedskab";"Ingen beskrivelse";1
"b70660d8-8da3-4efc-acac-42428e0e96d5";"20.05";"Lokal tv og radio";"Ingen beskrivelse";1
"b722fa13-1434-4d8f-a960-64b385025fd9";"03.00.05";"Frigørelse for visse tilskudsbestemmelser - boliger";"En række andelsboligforeninger/ejendomme er belagt med tilskudsbestemmelser i form af såkaldte tilskudsdeklarationer. Emnet er til sager omkring frigørelse for disse.";1
"b74ccc03-dd7f-4301-84c0-0852e0d6bf5a";"24.15.02";"Udlån af medarbejdere";"Ingen beskrivelse";1
"b7802148-5332-4958-8199-8961464cc5aa";"06.02.25";"Forskellige bestemmelser, vandløb og søer";"Ingen beskrivelse";1
"b7b04208-4003-4ed3-9cb8-47ae380fe099";"05.04";"Stier";"Gruppen dækker de stier, der er omfattet af stifortegnelser. Fx


    
        Cykelstier i eget trace
        Gangstier
        Skolestier
        Naturstier
        Hovedsti
        Lokalsti
        
    


Sager om øvrige stier journaliseres i grupperne 05.01 og 05.02.";1
"b7f72512-b909-49d9-8a5b-a5e457bb04ea";"81.30.03";"Barselsorlov / adoptionsorlov";"Ingen beskrivelse";1
"b80f9770-c7e7-4451-aa23-683e4201a2dd";"54.28.00";"Samarbejder mellem institutioner, gymnasier i almindelighed";"Ingen beskrivelse";1
"b83ebf11-7496-4e40-a5f2-497a34f8f254";"29.30.24";"Socialpsykologisk samarbejde";"Ingen beskrivelse";1
"b8419b68-41d3-4b94-91a1-4174b5a17bd3";"19.02";"Arkiver";"Ingen beskrivelse";1
"b866fbf1-4bf2-4305-b619-ec90852c9610";"03.01.03";"Nedlæggelse af boliger";"Emnet dækker bl.a. sager om:


    
        Nedlæggelse af boliger
        Ansøgning om kommunalbestyrelsens samtykke til nedlæggelse af boliger
        
    


Henvisning til relevante facetter:


    
        Samtykke tilføjes facet G01
        Tilsyn tilføjes K08";1
"b87ab125-f1c4-4b1b-9726-9593ecb61498";"09.17.04";"Opbevaring af fast husdyrgødning og bundfald";"Emnet dækker bl.a. sager om:


    
        Tilladelser til opbevaring af fast gødning
        Dispensation fra krav til opbevaring
        
    


Henvisning til relevante facetter:


    
        Konkrete tilladelser tilføjes facet G01
        Dispensationer tilføjes facet P25";1
"b8d07381-4a84-4e5e-a8a8-e67becf4596d";"87.05.00";"Arbejdsmiljøpligter i almindelighed";"Emnet dækker bl.a. sager om:


    
        arbejdsmiljøpligter
        
    


Henvisning til andre relevante emner:


    
        vedrørende § 15a i arbejdsmiljøloven, se emnenr. 87.05.10.";1
"b8f20317-6b35-4e2b-b5c4-13252e90719e";"04.31.01";"Gravminder";"Ingen beskrivelse";1
"b8fc0147-7b23-43b9-bc67-e249cc74600a";"06.11.00";"Beskyttelse af overfladevand m.v i almindelighed";"Emnet dækker bl.a. sager om beskyttelse af overfladevand som:


    
        ikke er dækket af de øvrige emner i grupper
        dækker to eller flere emner i gruppen";1
"b910cb48-85dd-43cf-a015-94b471d03fec";"03.09";"Lejeforhold mv. i private boliger";"Gruppen dækker sager inden for huslejenævnets kompetenceområde.";1
"b9197f40-b1ce-4106-9805-0b78c3f1eafb";"17.21.00";"Befordring af elever i almindelighed";"Ingen beskrivelse";1
"b9208222-8eb1-402e-8d3d-e39b644bfe37";"27.66.05";"Personlige alarm- eller pejlesystemer, børn og unge";"Emnet er til sager om anvendelse af personlige alarm- eller pejlesystemer over for børn og unge med nedsat psykisk funktionsevne, der er anbragt i døgninstitution eller på opholdssted. Herunder bl.a.:


    
        Kommunalbestyrelsens beslutning om, hvorvidt bestemmelsen skal finde anvendelse i den pågældende kommune - tilføjes facet P21
        Sager hvor kommunalbestyrelsen efter ansøgning fra døgninstitution eller opholdssted i særlige tilfælde træffe afgørelse om for en afgrænset periode at anvende personlige alarm- eller pejlesystemer over for børn og unge, der er anbragt i døgninstitution eller på opholdssted, og som har betydeligt og varigt nedsat psykisk funktionsevne - tilføjes facet G01";1
"b93287bd-d90f-479c-80a7-fd5518279cdc";"18.09.00";"Ungdomsskolens bestyrelse, råd i almindelighed";"Ingen beskrivelse";1
"b95299df-d4a1-4ecd-a220-6aa4dbf84b0b";"03.10.24";"Almene boligorganisationer – styringsdialog mv.";"Emnet dækker bl.a. sager om:


    
        Styringsdialog, herunder dokumentation vedrørende mål og resultater, og redegørelse
        Påbud om forsvarlig drift af den almene boligorganisation
        Udpegning af forretningsfører
        Påbud om indsatser i udsatte boligområder og parrallelsamfund";1
"b95d4eb8-d48c-46df-8ea9-b4a81a4f6d6f";"54.00.00";"Uddannelse i almindelighed";"Emnet dækker bl.a.:


    
        Generelle sager om uddannelse
        Sager om uddannelse som dækker to eller flere grupper i hovedgruppe 54, eller ikke entydigt kan placeres under et af emnerne i hovedgruppe 54";1
"b9617364-8b99-4fa3-87a1-8c17dd897046";"27.36.24";"Madservice";"Emnet dækker bl.a. sager om:


    
        madservice til personer, som på grund af midlertidigt eller varigt nedsat fysisk eller psykisk funktionsevne eller særlige sociale problemer ikke selv kan udføre madlavningen.
        
    
    


Henvisning til relevante facetter:


    
        Kvalitetsstandarder for madservice tilføjes facet P23.
        Aftaler med leverandører tilføjes facet Ø54";1
"b97dd9e6-ed6e-4ba1-b1d4-498b57150060";"05.01.10";"Adgangsforhold til offentlige veje";"Emnet dækker bl.a. sager om:


    
        Adgangsforhold til offentlige veje
        Overkørsler, overgange og vej- og stitilslutninger
        Anlæg af nye adgange og benyttelse af bestående adgange
        Adgangsbestemmelser, herunder offentliggørelse
        Overtagelse af areal ifm adgangsbestemmelse";1
"b9811ab4-f29c-11ef-809f-0050c2490048";"07.17.01";"Fysisk affaldstilsyn";"Emnet dækker bl.a. sager om:


    
        tilsynsmyndighedens fysiske affaldstilsyn med konkrete produktionsenheder
        fysisk affaldstilsyn med virksomheder og husdyrbrug m.v., der er omfattet af kapitel 2 og 3 i bekendtgørelse om miljøtilsyn
        produktionsenheder og puljer til fysiske affaldstilsyn, udpeget af Miljøstyrelsen
        
    


Henvisning til relevante facetter:


    
        Konkrete tilsyn tilføjes facet K08";1
"b98e6953-247d-11e9-865c-0050c2490048";"28.09.52";"Obligatorisk læringstilbud til 1-årige børn i udsatte boligområder";"Emnet dækker bl.a. sager om:


    
        Obligatorisk læringstilbud til 1-årige.
        Forældres egen indsats i stedet for obligatorisk læringstilbud.
        Tilsyn med den indsats, som forældrene selv varetager.
        Standsning af børneydelsen.";1
"b9a22696-59d5-46d2-8f76-db7478a5af98";"05.01.08";"Vejvedligeholdelse og vejrenovering";"Emnet dækker bl.a. sager om:


    
        Drift og vedligeholdelse af færdselsarealer
        Henvendelser om huller i vejen, mv.
        Vejvedligeholdelse og vejrenovering
        
    


Henvisning til andre relevante emner:


    
        Bestemmelser om færdselsindskrænkninger truffet af vejmyndigheden, se 05.13.10";1
"b9f36430-5f27-470f-88bf-8513c76e91c7";"09.08.00";"Beskyttelse af jord og grundvand i almindelighed";"Emnet dækker bl.a. sager (om):


    
        Der med lige god ret kan placeres under to eller flere grupper / går på tværs af flere grupper
        Sager vedrørende Oliebranchens Miljøpulje (OM)
        Pålæg til kommunalbestyrelserne om at tage spørgsmål, herunder konkrete sager, vedrørende jordforurening op til behandling og afgørelse";1
"ba2e0890-f5ac-4d97-a14f-323d22bcc88a";"01.13.27";"Skærmende beplantning";"Her journaliseres sager om skærmende beplantning ved skæmmende tekniske anlæg som fx gylletanke.
        Sager om indsatsplaner for området ifm. skærmende beplantning journaliseres her med facet P15.";1
"ba432df8-c68f-4188-9d50-cf1abb484f9f";"02.00";"Byggeri";"Gruppen er til sager sager, der dækker to eller flere grupper i hovedgruppe 02 Byggeri. Disse journaliseres på 02.00.00 Byggeri i almindelighed. Derudover er der specifikke emner til bl.a.:


    
        Byggesagsgebyrer
        Hegnsyn
        Ejendomsregistrering";1
"ba5548c3-285b-4146-a9b8-781cb686c52d";"02.05.18";"Avls- og driftsbygninger, brandforhold";"Ingen beskrivelse";1
"ba8a1599-5970-418f-81d1-136ef16f82f4";"81.38.00";"Samarbejds- / MED-udvalg, tillidsrepræsentanter i almindelighed";"Emnet dækker bl.a. sager om:


    
        HR samarbejdsudvalg / MED-udvalg
        
    


Henvisning til relevante facetter:


    
        Møder i MED-udvalg journaliseres her med facet P35";1
"baac7741-4972-11e9-9316-0050c2490048";"32.12.09";"Ungeydelse - halvdelen af ydelsen";"Emnet dækker sager om:


    
        Ungeydelse - halvdelen af ydelsen
        Ligedeling af børne- og ungeydelse træder i kraft 1. januar 2022
        Udbetaling Danmark myndighedsopgave";1
"bacee539-eba7-44fe-a03f-96091e18421d";"07.13";"Farligt affald";"Gruppen er til sager der administreres i henhold til affaldsbekendtgørelsens bestemmelser om farligt affald. Farligt affald består i denne sammenhæng af affald, herunder klinisk risikoaffald, der er indsamlet særskilt på grund af f.eks. brandfare, sundhedsfare eller miljøfare ved affaldshåndteringen.";1
"bad1187e-dd3f-4822-991b-5cbcbf46fd0e";"04.11.10";"Livredning og redningsposter på strande";"Ingen beskrivelse";1
"bafb4628-4bc3-4c6b-acf4-2d385358a3d0";"32.06.08";"Boligsikring, ikke førtidspensionister";"Udbetaling Danmark myndighedsopgave pr. 1. marts 2013";1
"bb06d746-0108-46e3-8c81-518550421c2d";"54";"Uddannelse";"Hovedgruppe 54 dækker sager om uddannelse for unge og voksne efter grundskoleniveau. Undervisning efter folkeskoleloven journaliseres i hovedgruppe 17.

Hovedgruppen er ikke opdelt efter de forskellige uddannelsesbetegnelser, men i stedet efter de opgaver, man typisk beskæftiger sig med på de konkrete uddannelser. Uddannelsesbetegnelserne kan i stedet findes som stikord til de forskellige emner, og knyttes til sagen som metadata (oplysning om part/instans). 

Hovedgruppen omfatter bl.a. sager, der administreres/behandles i henhold til følgende lovgivning:


    
        Lov om de gymnasiale uddannelser
        LBK om danskuddannelse til voksne udlændinge m.fl.
        LBK om folkeskolen (Folkeskoleloven)
        LBK om institutioner for almengymnasiale uddannelser og almen voksenuddannelse m.v.
        LBK om specialundervisning for voksne
        BEK om indberetning til Uddannelsesguiden
        BEK om specialundervisning for voksne
        BEK om merit i de gymnasiale uddannelser (Meritbekendtgørelsen)
        BEK om danskuddannelse til voksne udlændinge m.fl.
        BEK om prøver inden for danskuddannelse til voksne udlændinge m.fl.
        BEK om rammeaftaler og udgifter ved de lands- og landsdelsdækkende undervisningstilbud m.v.
        BEK om undervisning og aktivering m.v. af asylansøgere m.fl.
        Bekendtgørelse af udlændingeloven
        Lov om kommunernes overtagelse af de regionale lands- og landsdelsdækkende undervisningstilbud
        Lov om indfødsretsprøven af 2015
        STU-bekendtgørelsen
        STU-loven";1
"bb3371c6-5d34-498f-a7bb-906b3dc48914";"09.16";"Kemiske stoffer, produkter og bekæmpelsesmidler";"Ingen beskrivelse";1
"bb340e6e-5f25-4b47-aa6b-f6d8c537021e";"00.13.00";"Kommunikations- og informationsvirksomhed i almindelighed";"Ingen beskrivelse";1
"bb4a0748-d126-46fd-9664-5475af58a40f";"13.29.00";"Gasindvinding i almindelighed";"Emnet anvendes primært til sager om gasindvinding fra lossepladser, herunder diverse undersøgelser for gas inden en evt. indvinding.";1
"bb4e1e43-2d57-462b-b06e-6e46481eead5";"28.18.00";"Private pasningsordninger i almindelighed";"Ingen beskrivelse";1
"bb4e5614-e55e-484d-9cc4-6410fde0a03b";"14.05.00";"Redningsberedskabets materiel / køretøjer til brug for indsats i almindelighed";"Ingen beskrivelse";1
"bb54958d-961f-452b-81f3-ca0bdf8ab639";"13.03.30";"Fjernkøling";"Emnet er til sager om kommunal fjernkøling, fx:


    
        Godkendelser af projekter for etablering af anlæg
        Godkendelser for større ændringer i eksisterende anlæg
        Planer for køleforsyningen i kommunen
        
    


Henvisning til relevante facetter:


    
        Projekter tilføjes P20
        Projektgodkendelser tilføjes facet P19
        Konkrete køleforsyningsplaner tilføjes facet P15";1
"bb552f68-f25c-4ebc-9925-34849401a98d";"08.13";"Havneydelser";"Ingen beskrivelse";1
"bb6cdd72-09f2-11ea-b644-0050c2490048";"15.18";"Tilbud efter LAB kap. 11-14";"Gruppen dækker bl.a. sager om:


    
        Tilbud om virksomhedspraktik, ansættelse med løntilskud, nytteindsats, vejledning og opkvalificering.
        Tilbud kan gives hver for sig eller i kombination.
        Ved kombination af flere tilbud anvendes 15.18.00.";1
"bb6cdd72-09f2-11ea-b645-0050c2490048";"15.18.00";"Tilbud efter LAB kap. 11-14 i almindelighed";"Emnet dækker bl.a. sager om:


    
        Tilbud der gives i kombination (virksomhedspraktik, ansættelse med løntilskud, nytteindsats, vejledning og opkvalificering)
        
    


Kontakt gerne KLE redaktionen, hvis der ønskes oprettet et selvstændigt emne til kombinationstilbud.


    
        Erstatning for tilskadekomst under deltagelse i tilbud efter kapitel 11, 13 og 14. Tilføjes facet Ø61.";1
"bb6fd200-f727-4e97-86ff-c9fd9e98bf2d";"13.03.20";"Tilslutning m.v. til kollektive varmeforsyningsanlæg";"Emnet dækker bl.a. sager om tilslutningspligt til kommunale varmeforsyningsanlæg
        Bemærk, at tilslutningspligten blev ophævet 1. januar 2019. Emnet er derfor kun relevant for sager oprettet før 2019.";1
"bb73f9ae-a489-441a-b878-cb4a447f8755";"21.00.03";"Låneadgang og udelukkelse fra lån på biblioteker";"Emnet dækker bl.a. sager om:


    
        lånerkort/låneridentifikation
        udstedelse af erstatningslånerkort
        udelukkelse af lånere";1
"bb908ebe-3d56-11e3-9202-0050c2490048";"87.05.05";"Intern audit af arbejdsmiljø";"Emnet dækker sager om audit af interne arbejdsmiljøledelsessystemer.
        Kvalitetsstandarder tilføjes facet P23.";1
"bbada497-ea35-49a4-b1e7-680ac1557e3f";"81.19.05";"Telefongodtgørelse";"Ingen beskrivelse";1
"bbbcee66-7b09-11e9-9fdf-0050c2490048";"54.42.00";"Forberedende grunduddannelse (FGU) i almindelighed";"Ingen beskrivelse";1
"bbbcee66-7b09-11e9-9fe0-0050c2490048";"54.42.04";"Optagelse, uddannelsesstart og uddannelsestid, FGU";"Emnet dækker bl.a. sager om:


    
        optagelse af elever på den forberedende grunduddannelse (FGU), herunder vurdering vedrørende optagelse af personer over 25 år.
        afsøgningsforløb for potentielle elever
        godkendelse af forlænget uddannelsestid på grund af funktionsnedsættelse mv.";1
"bbbcee66-7b09-11e9-9fe1-0050c2490048";"54.42.08";"Uddannelsesforløb, FGU";"Emnet dækker bl.a. sager om:


    
        godkendelse af ændringer i individuelle uddannelsesplaner ifm. tilrettelæggelsen af uddannelsesforløb på den forberedende grunduddannelse (FGU).
        virksomhedspraktik ifm. FGU
        samarbejdsaftaler med FGU uddannelsesinstitution om tilvejebringelse af virksomhedspraktik tilføjes facet P27.";1
"bbbefa04-3bb7-4a0e-9378-66e1b6e41a07";"17.00.35";"Undervisningsmiljø / elevers trivsel";"Emnet dækker bl.a. sager om:


    
        Elevers undervisningsmiljø (”arbejdsmiljø”)
        Måling af elevernes trivsel i folkeskolen
        Elevers mobning
        Elevers sikkerhedsråd
        Undervisningsmiljøvurdering
        Antimobbestrategi
        Klager der videregives til Dansk Center for Undervisningsmiljø, DCUM, tilføjes facet K03
        
    


Henvisning til andre relevante emner:


    
        Sager om ordensregler, se emnenr. 17.00.01
        Sager vedrørende lokaler, fx fugt, indeklima o.l., se gruppe 82.19 når det drejer sig om kommunale ejendomme.";1
"bbe83c62-0c11-11e8-8a1f-0050c2490048";"88.04.34";"Begrænset udbud, bygge- og anlægsarbejder";"Emnet dækker udbudssager om:


    
        Begrænset udbud ved bygge- og anlægsarbejder.
        I modsætning til et offentligt udbud er et begrænset udbud opdelt i to særskilte faser, henholdsvis udvælgelses- og tilbudsfasen.";1
"bbe83c62-0c11-11e8-8a20-0050c2490048";"88.04.38";"Udbud med forhandling, bygge- og anlægsarbejder";"Emnet dækker udbudssager om:


    
        Udbud med forhandling ved bygge- og anlægsarbejder.
        En ordregiver kan anvende udbud med forhandling ved bygge- og anlægsarbejder, der opfylder bestemte kriterier fastsat i loven.";1
"bbfce175-a5db-11e8-81e4-0050c2490048";"32.27.20";"Tilskud til selvstændigt erhvervsdrivende med nedsat arbejdsevne";"Emnet dækker sager om:


    
        Tilskud til selvstændigt erhvervsdrivende med nedsat arbejdsevne
        Støtte i form af tilskud til selvstændigt erhvervsdrivende med nedsat arbejdsevne
        Støtte til at fastholde beskæftigelsen i egen virksomhed
        
    


Historik:


    
        Tilskuddet har tidligere ligget under emnenr. 15.20.24";1
"bbfdca62-0642-491a-b418-e653997ebc13";"20.13";"Øvrige kulturinstitutioner (selvejende)";"Ingen beskrivelse";1
"bc5e0d49-5833-4d60-aa14-fbc856f8ba83";"27.00.00";"Social service i almindelighed";"Emnet dækker bl.a.:


    
        Generelle sager om social service
        Værdighedspolitik for ældreplejen (tilføjes facet P22)
        Plan for en sammenhængende indsats over for ungdomskriminalitet (tilføjes facet P15)
        Sager om social service som dækker to eller flere grupper i hovedgruppe 27, eller ikke entydigt kan placeres under et af emnerne i hovedgruppe 27";1
"bc60fec7-3a5c-4acd-bfaf-315bfa33ce10";"17.02.04";"Klassedannelser / elevtal";"Emnet dækker sager om:


    
        klassedannelser
        organisering i klasser, der omfatter elever med forskellig skolealder (aldersintegrerede klasser)
        oprettelse af eliteidrætsklasser";1
"bc61b79c-3cf1-48a7-b0bc-0d9729dd6b8c";"54.24.02";"Fravær og mødepligt";"Ingen beskrivelse";1
"bc768b6b-1505-44f8-895e-6c76ccfe6f40";"00.03.10";"Internationalt samarbejde";"Emnet dækker bl.a. sager om internationalt samarbejde, fx om erfaringsudveksling mellem byer, deltagelse i netværk, folkeskolers deltagelse i nordisk og europæisk samarbejde på undervisningsområdet.
        Etablering og repræsentation ifm venskabsbysamarbejde journaliseres under emnenr. 00.05.01.
        Konkrete venskabsbybesøg journaliseres under emnenr. 00.05.11";1
"bc99185d-e764-4449-b903-0d3b7479195a";"04.10.01";"Udlån / benyttelse af skove";"Ingen beskrivelse";1
"bcb2f853-8bca-11e7-b6e3-0050c2490048";"01.02.52";"Samlingsstedsforbud på bestemte ejendomme";"Emnet dækker bl.a. sager om:


    
        kommunalbestyrelsens afgørelse om forbud mod anvendelse af bestemte ejendomme som samlingssted for en gruppe, herunder varsling, aflevering, tinglysning og evt. tilbagekaldelse af forbud
        krav fra ejere af ejendomme, som bliver omfattet af et forbud, om kommunens overtagelse mod erstatning";1
"bcc096bb-8ca4-4357-b804-dc62346a9a65";"27.36.28";"Havearbejde, snerydning og hovedrengøring";"Emnet er til sager om udførelsen af de ikke lovbestemte ydelser hjælp til havearbejde, snerydning og hovedrengøring, der i nogle kommuner tilbydes pensionister imod betaling.
        Tilbuddet er typisk organiseret som et kommunalt beskæftigelsesprojekt.
        Sager der vedrører beskæftigelsesprojektet journaliseres under emnenr. 15.04.10.";1
"bcf00009-8324-4218-9f28-12b4663f34b9";"28.09.00";"Dagtilbud til børn indtil skolestart i almindelighed";"Emnet dækker bl.a.:


    
        Generelle sager om dagtilbud til børn
        Sager der ikke kan placeres entydigt under et af de specifikke emner i gruppen
        Sager om transportordninger i dagtilbud, samt dyrehold, legetøj og spil
        Sager om tildeling af ’flyver-pædagog’, dvs. ikke tilknyttet et fast arbejdssted (tilføjes facet A21)";1
"bcfdb1b5-9837-45c2-8e0b-01495c93ab3a";"28.09.32";"Børnenes sikkerhed, dagtilbud";"Her journaliseres sager om børnenes sikkerhed. Eksempler herpå er sikkerhed om transport, legetøj, legepladser, indendørsarealer, o.lign.
        Emnet dækker ligeledes sager om tilskadekomst, erstatning o.lign.
        Børnemiljøvurdering for dagtilbud, hvor sikkerhed kan indgå, journaliseres under emnenr. 28.09.12.";1
"bd21c2f9-793f-40d8-a9d6-fb9dd6a06a95";"01.12";"Kolonihaveområder";"Ingen beskrivelse";1
"bd2b7896-e6fe-4b11-b345-052a57365c17";"88.20.16";"Økonomiministeriets indkøbsaftaler";"Ingen beskrivelse";1
"bd54a31f-664d-4e2c-bd57-6d654a108599";"04.08";"Udendørsanlæg";"Gruppen anvendes til sager om åbne udendørsanlæg med adgang for offentligheden generelt.


    
        Sager om udendørsanlæg, der alene er knyttet til institutioner og som ikke er tilgængelige for borgere generelt, placeres i hovedgruppe 82.
        Sager om anvisning og udlån af lokaler og udendørsanlæg efter folkeoplysningsloven, journaliseres under emnenr. 18.15.12.";1
"bd5f36b4-606c-45ee-a4e8-336a8faa6993";"25.10.00";"Borgerbetjening på skatteområdet i almindelighed";"Emnet dækker bl.a. organiseringen og tilrettelæggelsen af kommunens borgerbetjening på skatteområdet.
        Kommunalbestyrelsen underretter det lokale skattecenter om, hvor opgaven placeres og om hvem, der er daglig ansvarlig for kommunens borgerbetjening på skatteområdet.
        Emnet dækker desuden sager, hvor kommunen har brug for at dokumentere konkret videreformidling af forespørgsler m.v.";1
"bd6872b8-d50a-43c6-b4e6-b0e1c33349c3";"17.21.03";"Særlig befordring af elever (fx sygebefordring)";"Emnet dækker sager om befordring af syge og invaliderede elever, fx sager om:


    
        kontrakt med vognmænd
        dispensationsansøgninger
        lokale retningslinjer i forhold til børnenes sikkerhed
        
    


Såfremt befordringen udføres af et trafikselskab placeres de konkrete sager om køreplaner, klager o.l. i gruppe 13.05.";1
"bd855e1b-1e4a-11e9-91fb-0050c2490048";"25.45.17";"Opkrævning - tilbagebetaling barsel";"Ingen beskrivelse";1
"bd9156fd-4c5f-46f7-bbb7-c39284ab69a1";"17.11.00";"Friskoler, efterskoler mv - kommunale bidrag og tilskud i almindelighed";"Ingen beskrivelse";1
"bdc87046-3234-4259-b876-8815f1e188a2";"81.07.02";"Uddannelsesforløb og planer, elev-, praktik- og lærepladser, personale";"Emnet dækker bl.a. sager om de konkrete lærepladser. Herunder:


    
        ansættelse af elever
        aftaler vedr. oplæring eller praktik
        planer vedr. oplæring eller praktik
        uddannelsesaftaler
        læresteders udtalelser om elever og lærlinge
        aftaler om vejledning af studerende ved uddannelsesinstitutioner";1
"bdcc668d-0ccc-4829-8319-ac691b642f80";"03.03.15";"Kommunen som andelshaver";"Her journaliseres sager, hvor kommunen i henhold til andelsboliglovens § 2, stk. 7 med foreningens samtykke kan indtræde som andelshaver til andele vedrørende beboelseslejligheder, hvor lejeren ikke ønsker at indtræde som medlem.
        Sager omkring kommunens medlemskab af en andelsboligforening journaliseres også her.";1
"bdd3727c-846b-11e5-a537-0050c2490048";"24.05.10";"Turisme, erhvervsudviklingsaktiviteter";"Emnet dækker bl.a. sager om:


    
        Erhvervsudviklingsaktiviteter vedr. turismeerhvervet
        Koordinering med Visitdenmark om erhvervsudviklingsaktiviteter";1
"bdda52f5-5ac8-4232-8baf-2b13236cc246";"22.11";"Taxikørsel";"Lbk. om taxikørsel m.v. (Taxiloven)
        Taxibekendtgørelsen
        Bek. om særlige krav til taxier mv.
        Bek. af overenskomst af 17. juni 2002 med Sverige om ændring af overenskomst af 3. marts 2000 om international taxikørsel på vej
        Bek. om erhvervsmæssig befordring af personer i køretøjer, som de pågældende råder over
        
    


Gruppen udgik august 2018 da administrationen af taxiområdet er flyttet til Trafik-, Bygge- og Boligstyrelsen. Genåbnet februar 2019, da kommuner fortsat får henvendelser, bl.a. om ombytning af tilladelser.";1
"bded3dd8-20be-4b27-9ed6-78e6cb07dd1b";"14.18.00";"Brand- og redningsskolevirksomhed i almindelighed";"Ingen beskrivelse";1
"be050348-401c-45a0-af71-5af5e490125b";"87.08.00";"Arbejdsmiljøtekniske hjælpemidler mv. i almindelighed";"Emnet dækker bl.a. sager om:


    
        arbejdsforhold, der efter arbejdsmiljøloven skal være sikkerheds- og sundhedsmæssigt fuldt forsvarlige, her specifikt i forhold til tekniske hjælpemidler
        
    


Uddybning:


    
        i bekendtgørelsen forstås ved tekniske hjælpemidler: Maskiner, beholdere, apparater, værktøjer, redskaber, installationer og andet udstyr, der anvendes ved arbejde, herunder til transport og opbevaring.";1
"be226292-deeb-4b63-9d8d-455d04c2f6a5";"83.09.06";"Andre energiformer";"Ingen beskrivelse";1
"be3577c1-202e-4f7d-8fc0-19bf7713ea9f";"14.02";"Egenbeskyttelse";"Gruppen dækker også egenbeskyttelse på kommunale ejendomme.";1
"be3d1f66-74ba-4bf5-88bc-d7081a9f0552";"82.12";"Installationer, kommunens ejendomme";"Ingen beskrivelse";1
"be461db8-2251-42b7-8154-bbcfee447a1a";"17.02";"Skoleårets planlægning / tilrettelæggelse";"Ingen beskrivelse";1
"be6a6f3e-b776-11e9-8853-0050c2490048";"32.68";"Udenlandsk pension";"Ingen beskrivelse";1
"be6a6f3e-b776-11e9-8854-0050c2490048";"32.68.00";"Udenlandsk pension i almindelighed";"Emnet dækker bl.a. sager om:


    
        Henvendelser om hjemtagelse af pension fra udlandet, fx forespørgsel fra borger eller udenlandsk myndighed.";1
"be6a6f3e-b776-11e9-8855-0050c2490048";"32.68.05";"Hjemtagelse, folkepension";"Emnet dækker bl.a. sager om:


    
        Ansøgning om udenlandsk folkepension for borger, som har haft bopæl eller arbejdet i andre EU-lande eller konventionslande.
        Pension, hvor der er spørgsmål om ret til pension fra et andet land.";1
"be6a6f3e-b776-11e9-8856-0050c2490048";"32.68.10";"Hjemtagelse, førtidspension";"Emnet dækker bl.a. sager om:


    
        Ansøgning om udenlandsk førtidspension for borger, som har haft bopæl eller arbejdet i andre EU-lande eller konventionslande.
        Førtidspension, hvor der er spørgsmål om ret til pension fra et andet land.";1
"be6a6f3e-b776-11e9-8857-0050c2490048";"32.68.15";"Hjemtagelse - enkepension";"Emnet dækker sager om:


    
        Ansøgning om hjemtagelse af enkepension for borgere i Danmark som har boet i udlandet.";1
"be6a6f3e-b776-11e9-8858-0050c2490048";"32.68.20";"Hjemtagelse - børnepension";"Emnet dækker sager om:


    
        Ansøgning om hjemtagelse af børnepension for borgere i Danmark som har boet i udlandet.";1
"be6e3b6b-8bc9-4a10-a906-d700a4ae7c95";"02.05.11";"Forsamlingslokaler, brandforhold";"Ingen beskrivelse";1
"be99c557-1a02-495a-b213-55b342ba612b";"20.07.25";"Musikskolens bestyrelse";"Emnet dækker sager vedrørende musikskolens bestyrelse (efter de hidtidige Vejledende standardvedtægter for musikskoler og Vejledende retningslinjer for musikskoleundervisning). Fx sager om:


    
        medlemmer
        møder og mødereferater
        
    


Henvisning til andre relevante emner:


    
        Vedtægter for bestyrelsen journaliseres under emnenr. 20.07.01";1
"bebf3a53-587c-4e50-ae87-9f50cabfe672";"02.34.00";"Byggetilladelse og anmeldelse om byggearbejde i almindelighed";"Ingen beskrivelse";1
"becd07fb-ccea-448d-85a9-7fc68b2fbb24";"27.12.04";"Rådgivning om sociale forhold";"Emnet dækker bl.a. sager om:


    
        Rådgivning som anonymt og åbent tilbud
        Rådgivning til personer med nedsat fysisk eller psykisk funktionsevne eller med særlige sociale problemer
        Rådgivning til personer over 18 år som er i risiko for at blive radikaliserede, eller som ønsker hjælp til at forlade et ekstremistisk miljø
        
    


Emnet anvendes hvis kommunen ønsker at separere sager om rådgivning i en selvstændig sag, fx hvis rådgivningen gives særskilt.
Gives den i forbindelse med anden hjælp efter serviceloven eller anden lovgivning, vil dokumentationen herfor ofte følge den relevante sag.


Henvisning til andre relevante emner:


    
        Sager om familieorienteret rådgivning til børn og unge, herunder rådgivning om familieplanlægning, se emnenr. 27.12.06.
        Rådgivning om Exit-programmer, se emnenr. 27.12.38";1
"bed7a3d2-e5b6-4318-bbfc-b3bdfd047a09";"05.14.11";"Skure / skurvogne - genstande på vejareal";"Ingen beskrivelse";1
"bef7575f-05bc-11f1-b240-0050c2490048";"29.30.05";"Organisering af sundhedsråd mv.";"Emnet dækker sager om:


    
        organisering af sundhedsrådene
        kommunalbestyrelsens medlem(er) af sundhedsrådene
        
    
    


Henvisning til andre relevante emner:

Fastsættelsen af repræsentation i sundhedsrådet i styrelsesvedtægten, se emnenr. 00.22.00";1
"bef7575f-05bc-11f1-b241-0050c2490048";"29.30.07";"Nærsundhedsplanlægning";"Emnet dækker sager om:


    
        nærsundhedsplaner og planlægning
        sundhedsplan, vedr. understøttelse af kommunale sundhedsindsatser
        sundhedsplan vedr. samspillet med kommunale indsatser for mennesker med psykiske lidelser";1
"bef9cb8f-630d-42c3-9d38-26a1958b790b";"05.09";"Parkering";"Her journaliseres sager om de kommunale opgaver i forbindelse med parkeringsanlæg og kontrol samlet. Sager om bygningsregulering i forbindelse med parkeringsanlæg journaliseres under 02.01.02 'Parkeringsarealer'.";1
"bf39d4d8-169d-44ec-830d-4b3f579c7ff2";"09.08.15";"Bortskaffelse og anvendelse af jord";"Emnet dækker bl.a. sager om:


    
        anmeldelse af opgravning af jord
        anmeldelse af jordflytning - journaliseres med facet P19
        fastsættelse af regulativer om anmeldeordning";1
"bf6cfc4b-99b6-4960-895a-ba874a525f54";"20.07.05";"Musikalske grundkurser (MGK)";"Dækker samarbejde med musikalsk grundkursus (MGK) omkring talentudvikling og samarbejde med øvrige relevante aktører";1
"bf731193-4454-40c0-af49-25018f45ec41";"20.04.05";"Udlån fra Statens Kunstfond";"Ingen beskrivelse";1
"bf86bc93-4876-11e3-9d05-0050c2490048";"24.00.15";"Fritagelse af virksomheder for tilslutning til Offentlig Digital Post";"Emnet dækker fritagelse af juridiske enheder med CVR-nummer (virksomheder, foreninger, selvstændige erhvervsdrivende) for tilslutning til Offentlig Digital Post.";1
"bf8a73ec-085b-496f-bdf4-05e18b43a69d";"14.00.03";"Beredskabskommission, organisation og opbygning";"Det kommunale redningsberedskab hører under kommunalbestyrelsen, som skal nedsætte en beredskabskommission til at varetage den umiddelbare forvaltning af redningsberedskabet. Emnet dækker sager om opbygning og organisering af beredskabskommissionen. De konkrete sager, som kommissionen behandler, journaliseres under relevant emne.
        Sager om kommunalbestyrelsens udpegelse af medlemmer journaliseres her med facet A30.
        Mødereferater fra møder i beredskabskommissionen journaliseres her med facet P35.";1
"bf9585e8-d2f9-49f0-b9fe-ab37950db740";"32.24.04";"Hjælp til forsørgelse (kontanthjælp mv.)";"Emnet er til sager om hjælp til forsørgelse, fx:


    
        kontanthjælp
        børnetillæg
        tillæg til enlige forsørgere
        særligt ungetillæg
        engangshjælp (aktivlovens § 25) til personer, der ikke opfylder betingelserne i aktivlovens § 13 b
        
    
    


Henvisning til relevante facetter:


    
        Rutinesager efter faste regler tilføjes G01
        Klagesager tilføjes K02
        Kommunernes ret til statsrefusion af kontanthjælp m.v. tilføjes facet Ø36";1
"bfaec285-76d5-11e9-a4d6-0050c2490048";"32.26.24";"Skattefri seniorpræmie";"Emnet dækker sager om:


    
        skattefri seniorpræmie, herunder henvendelser om ordningen.
        Udbetaling Danmark myndighedsopgave.";1
"bfb2e2dc-d534-4ffc-a38d-e77cf042d809";"19.03.10";"Udstillinger i museer";"Ingen beskrivelse";1
"bfc0200f-8d37-48e7-be64-167364f85487";"27.39.16";"Kontant tilskud til ansættelse af hjælpere";"Emnet dækker bl.a. sager om kontante tilskud til personer med betydelig og varigt nedsat fysisk eller psykisk funktionsevne, herunder:


    
        Kontant tilskud til ansættelse af hjælpere
        Tilskud til ansættelse af hjælpere til overvågning og støtte
        Naturalhjælp
        Udbetaling til en nærtstående person";1
"bfd90317-2f4c-404a-aa4a-ce714fac48d8";"81.30.15";"Varetagelse af ombud";"Ingen beskrivelse";1
"c0183b25-03aa-4112-86c3-6a5ad7c68e03";"09.08.22";"Grundvandskortlægning";"Emnet dækker sager vedr. grundvandskortlægning, fx gebyrer til dækning af udgifter
        Kortlægning i de enkelte geografiske områder journaliseres med facet P05.";1
"c02fa362-4fc1-4826-9d1d-acb53a6e6f7b";"09.02.03";"(C) Indvinding og behandling af mineralolie, mineralolieprodukter og naturgas mv.";"Emnet dækker bl.a. sager om:


    
        godkendelse og godkendelsespligt af listevirksomhed vedrørende (C) Indvinding og behandling af mineralolie, mineralolieprodukter og naturgas mv.
        tilsyn med listevirksomhed
        
    


Henvisning til relevante facetter:


    
        Sager om tilsyn tilføjes K08
        Sager om godkendelser tilføjes P19
        
    


Navngivningen af emnerne følger listen af godkendelsespligtige listevirksomheder i bilag 1 og 2 til godkendelsesbekendtgørelsen";1
"c05490c7-27cc-49f9-ad40-fe2dee2b7e56";"23.05";"Folkeregistrering";"Ingen beskrivelse";1
"c0592503-640d-4ded-b7ae-e23dd63fb7e9";"13.05";"Trafikselskaber";"Gruppen dækker sager efter lov om trafikselskaber. 

I gruppen journaliseres sager, hvor kommunen ikke er driftsansvarlig. Det gælder fx sager vedrørende selvstændige trafikselskaber.";1
"c0ab0e16-97db-48f3-9072-65136961055d";"23.09";"Legitimation til borgere";"Gruppens dækker sager om legitimation og certifikater til borgere.
        Titlen er rettet aug 2017 fra 'Pas og kørekort', samtidig med at gruppe 23.07 udfases februar 2018.
        
    
    


Henvisning til andre relevante emner:


    
        Udstedelse af sundhedskort, se emnenr 29.03.04.";1
"c0b0fe32-f057-11ef-aedd-0050c2490048";"03.09.47";"Vurdering af brugsværdi inden modernisering";"Emnet dækker bl.a. sager om:


    
        Vurdering af brugsværdi inden modernisering efter lejelovens § 19, stk. 3
        
    


Henvisning til relevante facetter:


    
        Konkrete sager om tvister tilføjes G01
        
    


Henvisning til andre relevante emner:


    
        Vurdering af brugsværdi inden modernisering efter lejelovens § 19, stk. 2, se emnenr. 03.09.06.
        
    


Historik:


    
        Emnet har tidligere ligget under emnenr. 03.09.06.";1
"c0cd35ec-c0ff-4c71-bdf8-7e0f5a0296fd";"27.36.04";"Personlig og praktisk hjælp";"Emnet dækker bl.a. sager om:


    
        Levering af personlig og praktisk hjælp efter servicelovens § 83
        
    


Henvisning til andre relevante emner:


    
        Sager om visitation og afgørelse om personlig hjælp og pleje, se emnenr. 27.36.20
        Frit valg af leverandører af personlig og praktisk hjælp, se emnenr. 27.39.04
        Tilsyn efter § 151. med at de kommunale opgaver efter §§ 83, 83 a og 86 løses i overensstemmelse med de trufne afgørelser, se emnenr. 27.12.16
        
    


Emnet dækker også socialtilsynets tilsyn med tilbud efter § 83, når tilbuddet leveres i botilbudslignende boligformer.";1
"c0fe9c68-c693-4afe-accb-fac573f93cfc";"21.02.05";"Lektiecafe på biblioteker";"Emnet dækker sager om lektiehjælp på biblioteker. Fx sager om:


    
        projekter om lektiehjælp på biblioteker - tilføjes facet P20
        ansøgning om statslige puljemidler - tilføjes facet Ø36.";1
"c1003327-2fcd-11f0-8d4e-0050c2490048";"82.40.00";"Feriefonde efter fondsloven i almindelighed";"Emnet dækker bl.a. sager om:


    
        feriefonde der med lige god ret kan placeres under to eller flere emner i gruppen
        
    


Henvisning til relevante facetter:


    
        Vedtægter (med facet P24)
        Bestyrelsen, oprettelse, medlemmer (med facet A30)";1
"c1003327-2fcd-11f0-8d4f-0050c2490048";"82.40.05";"Drift af feriefonde";"Emnet dækker bl.a. sager om:


    
        drift af feriefonde
        køb af ferieboliger
        årsrapport og driftsbudget
        tilsyn med ferieboligerne (med facet K08)";1
"c1003327-2fcd-11f0-8d50-0050c2490048";"82.40.10";"Udlejning af feriefaciliteter";"Emnet dækker bl.a. sager om:


    
        udlejning af feriehuset og ferielejligheder
        udlejning af sommerhuse";1
"c11086d8-3dd1-44c1-8339-37588f9817d2";"15.20.24";"Fleksjob";"Emnet dækker bl.a. sager om:


    
        Ansættelse hos private eller offentlige arbejdsgivere i fleksjob
        Fastholdelsesfleksjob
        Midlertidige fleksjob
        Opkvalificering ved ansættelse og fastholdelse i fleksjob, fx med tilskud til kortvarige kurser
        
    


Henvisning til andre relevante emner:


    
        Sager om fleksløntilskud, se emnenr. 32.27.10
        Sager om ledighedsydelse, se emnenr. 32.24.12
        Sager om fleksydelse, se emnenr. 32.27.05
        Sager om tilskud til selvstændigt erhvervsdrivende med nedsat arbejdsevne, se emnenr. 32.27.20";1
"c16d38b1-7178-4db8-b136-a2b50db2e55d";"07.16";"Affaldsklassificering";"&gt;Gruppen er til sager om affaldsklassificering, fx hvis kommunen ønsker at oprette dokumentation og ansøgninger til Miljøstyrelsen som selvstændige sager.

Miljøstyrelsen har overtaget klassificeringskompetencen fra kommunerne d. 1. januar 2025.";1
"c186dd06-2c9f-4f3c-a95f-d4dcc12f37af";"03.22";"Friplejeboliger og lokalplejehjem";"Gruppen er til sager om friplejeboliger. Fra nov. 2015 er gruppen udvidet med specifikke emner vedr. friplejeboliger
        Sager om dækning af beboerindskud i forbindelse med omdannelse til friplejebolig, se 32.06.16 'Beboerindskud'";1
"c1a7595e-09f9-11ea-8e61-0050c2490048";"15.18.05";"Virksomhedspraktik";"Emnet dækker bl.a. sager om:


    
        Virksomhedspraktik
        Partnerskabsaftale om rekrutteringsforløb for udlændinge ifm virksomhedspraktik efter § 23 b
        Tilskud til afholdte udgifter, partnerskabsaftale
        Partnerskabsaftaler med virksomheder (tilføjes facet P27)
        
    


Henvisning til andre relevante emner:


    
        Mentorstøtte, se emnenr. 15.20.36
        Hjælpemidler, se emnenr. 15.20.34
        Befordringsgodtgørelse, se emnenr. 15.20.38
        Formidling af praktiktilbud efter serviceloven hos en offentlig eller privat arbejdsgiver, se emnenr. 27.27.51.";1
"c1cb5f5d-dc9c-11ef-aceb-0050c2490048";"32.21.18";"Medicintilskud til kontanthjælpsmodtagere";"Emnet dækker bl.a. sager om:


    
        Hjælp til betaling af tilskudsberettiget medicin til personer, der modtager kontanthjælp";1
"c1cb5f5d-dc9c-11ef-acec-0050c2490048";"32.24.34";"Særlig støtte efter § 87 i lov om aktiv socialpolitik";"Emnet dækker bl.a. sager om:


    
        Særlig støtte efter § 87 i lov om aktiv socialpolitik";1
"c1cb5f5d-dc9c-11ef-aced-0050c2490048";"32.24.56";"Fritidstillæg for børn";"Emnet dækker bl.a. sager om:


    
        Fritidstillæg til børn under 18 år, for personer der har ret til kontanthjælp
        Afgørelse om ophør af retten til fritidstillæg";1
"c1cc5f2d-c99c-49e1-9979-b74fb50ff5d7";"05.05";"Pladser, torve, holdepladser mv.";"I gruppen journaliseres sager vedrørende pladser, torve og holdepladser.
Sager om fx en busterminal eller en busholdeplads journaliseres derfor her, hvorimod sager om et parkeringsanlæg og den kommunale opgave med parkeringskontrol journaliseres i gruppe 05.09.";1
"c1de91b7-f8ec-4168-bf39-314982bc2d34";"14.00.04";"Vedtægter for beredskabsvirksomhed";"Ingen beskrivelse";1
"c1e59b2f-bf8f-45bb-b0f6-a8421f1ae766";"88.12.24";"e-Auktioner";"Emnet dækker sager om afholdelse af eAuktioner inden for Offentlig indkøb. Benævnes også reversibel auktion.";1
"c1f2d066-44cc-4fa7-b0d0-ca96bbfbee96";"32.15.12";"Uddannelsesbidrag";"Udbetaling Danmark myndighedsopgave pr. 1. oktober 2012";1
"c1fbfa81-2a2d-465c-93fb-ddec057b6197";"81.38.05";"Lokalsamarbejdsudvalg";"Ingen beskrivelse";1
"c22d13a8-c23d-4db7-855a-16760af67886";"01.00";"Fysisk planlægning og naturbeskyttelse";"Ingen beskrivelse";1
"c258a5cc-68aa-46a1-9c35-8911f781fc2b";"81.13.00";"Tjenesterejser for ansatte i almindelighed";"Ingen beskrivelse";1
"c25f87e1-16ba-4604-808f-d9d9eb36b70c";"05.18";"Vejbidrag";"Ingen beskrivelse";1
"c264273c-832c-11e7-bb31-be2e44b06b34";"27.12.34";"Kriminalforsorg, socialforvaltning og politi-samarbejde (KSP)";"Emnet dækker bl.a. sager om:


    
        Kriminalforsorg, Socialforvaltning og Politi samarbejde (KSP)
        Samarbejdsaftaler
        Samarbejde mellem kriminalforsorgen, de sociale myndigheder og politiet vedr. dømte der løslades, dømte under 18 år, personer der løslades fra varetægtsfængsling";1
"c272bb42-bde7-4194-b7cf-84e25bf92802";"00.22.00";"Kommunalbestyrelsen, udvalg mv. - kommunens styrelse i almindelighed";"Emnet dækker bl.a. sager om:


    
        kommunalbestyrelsens forretningsorden - tilføjes facet A26
        den lokale kommunale styrelsesvedtægt - tilføjes facet P24
        fortolkning af kommunalfuldmagten. Altså ændringer, justeringer og fortolkninger af, hvilke opgaver en kommune kan/bør/skal løse i form af konkrete afgørelser fra det kommunale tilsyn
        kommunalbestyrelsens udpegelse af repræsentant til ekspropriations- og taksationskommissionerne - tilføjes facet A30
        mødereferater fra møder i ekspropriationskommissionen - tilføjes facet P35
        udvælgelse af medlemmer til grundlisteudvalg - tilføjes facet A30
        
    


Henvisning til andre relevante emner:


    
        Dagsordener der går på tværs af flere emner, hvor de enkelte sager journaliseres på relevante emner, se emnenr. 00.15.10
        Sager om frikommuneforsøg journaliseres under relevant emne";1
"c28d3a5e-e7d9-40ca-ab62-8bad2ded0190";"85.11.02";"Hardware";"Her journaliseres sager om udvikling og etablering af kommunens hardwareanvendelse, fx servere og pc'er.";1
"c299cce5-0fa9-438d-8ffb-9a731f5c5d3f";"08.06.00";"Isbrydning og istjeneste i almindelighed";"Ingen beskrivelse";1
"c2e89918-ea35-47b6-b090-3f3a71dfc47c";"09.13.00";"Skadedyrsbekæmpelse i almindelighed";"Her journaliseres sager om skadedyrsbekæmpelse der har en generel karakter eller der omhandler flere slags skadedyr.
        I resten af gruppe 09.13 er der særskilte emner til rotter, muldvarpe, fugle, katte, mosegrise og ræve.
        Her journaliseres også sager om bekæmpelse af dræbersnegle og mårhunde.";1
"c2ecc4de-b768-448e-9201-02c7e2fcd51b";"29.15";"Kommunal tandpleje";"Ingen beskrivelse";1
"c30a52b9-0cfc-46fa-845a-45415b4507e8";"14.01.05";"Redning";"Ingen beskrivelse";1
"c3413c08-e335-4b27-b0ba-6953bbb3bbd8";"27.48.00";"Ledsagelse og kontaktperson i almindelighed";"Ingen beskrivelse";1
"c3464ad5-e0b5-4455-b7e5-0f8564d18a9c";"24.10.07";"Erhvervsserviceaktiviteter og iværksætteri";"Emnet dækker bl.a. sager om:


    
        Erhvervsserviceaktiviteter overfor iværksættere og virksomheder.
        Socialøkonomisk iværksætteri.
        Sager om socialøkonomisk strategi tilføjes facet P15.
        
    


Den kommunale erhvervsservice kan bl.a. bestå af information og vejledning om start, drift og udvikling af virksomhed samt om virksomhedsoverdragelse.";1
"c3e0c2a8-462d-427c-bb39-c9832705f317";"14.06.20";"Beskyttelsesrumspulje";"Emnet dækker bl.a. sager om:


    
        beskyttelsesrumspuljer
        kommunalbestyrelsens administration af puljen
        
    
    


Uddybende om beskyttelsesrumspuljer


    
        Kommunalbestyrelsen kan bestemme, at der skal indbetales et nærmere fastsat beløb til en kommunal beskyttelsesrumspulje i stedet for opførelse af sikringsrum.
        Der skal udarbejdes særskilt regnskab for puljen.
        
    
    


Henvisning til andre relevante emner:


    
        offentlige beskyttelsesrum, se emnenr. 14.06.02";1
"c3f6c0ae-61f1-40cf-8490-10d81eaf9849";"05.14.00";"Råden over vejareal i almindelighed";"Emnet dækker sager om råden over vejareal, der ikke er dækket af specifikke emner, herunder tilladelse til placering af genstande på vejareal
        Konkrete tilladelser tilføjes G01";1
"c3fcac93-3924-4836-8844-5d5e0b0fe824";"14.10";"Udrykningstjeneste";"Ingen beskrivelse";1
"c41ec4a3-6afd-4cce-9539-a3f9258223d2";"84.03.02";"Valglister og valgkort";"Ingen beskrivelse";1
"c4225126-bd63-46fc-99bd-1a70358460ad";"00.05.06";"Receptioner";"Ingen beskrivelse";1
"c44764e3-a23d-4c63-8c67-f79ac1a1c87e";"01.09";"Råstofindvinding";"Gruppen er genoprettet fra februar 2015 og der er tilføjet yderligere emner til kommunens nye opgaver i forbindelse råstofindvending.";1
"c44c137b-3dd4-42c6-bfdd-5723d63dbe8e";"02.05.06";"Konstruktive forhold";"Ingen beskrivelse";1
"c4522c01-5904-11e3-91de-0050c2490048";"24.14";"Medieproduktion";"Gruppen dækker bl.a. sager om eksterne virksomheders fremstilling af medieprodukter så som tv-programmer, film, radio mv., hvor kommunen medvirker direkte eller indirekte. Der kan både være tale om produktioner, hvor der indgås kontrakter med eller uden økonomisk karakter.";1
"c4522c01-5904-11e3-91df-0050c2490048";"24.14.00";"Medieproduktion i almindelighed";"Ingen beskrivelse";1
"c4522c01-5904-11e3-91e0-0050c2490048";"24.14.05";"Samarbejde med medievirksomheder";"Emnet anvendes til sager om kommunens samarbejde med medievirksomheder, hvor eksempelvis tv-produktionsselskaber kontakter kommunen for at lave filmoptagelser af kommunens virksomhed.
        Har samarbejdsaftalen form af en kontrakt med økonomisk indhold, journaliseres den med facet Ø54.
        Til kontrakter uden økonomisk indhold anvendes facet P27.
        Når kommunen samarbejder med produktionsselskaber mhp. at lave informationsmateriale med kommunen som afsender, anvendes emnenr. 00.13.06.";1
"c45b6b1e-8e18-4b5c-97a1-5cbc5dc0e1d2";"28.06.00";"Rammer for dag-, fritids- og klubtilbud i almindelighed";"Ansøger kommunalbestyrelsen om godkendelse af forsøgsordninger i dagtilbud m.v., fx andre tilbud end dem der er nævnt i dagtilbudsloven, journaliseres disse her.
        Konkrete forsøgsordninger tilføjes facet P08 og journaliseres så vidt muligt under relevant emne i denne hovedgruppe.";1
"c471b009-d494-496d-ad92-a6f76a2b1f52";"09.00.02";"Vandmiljøplanens overvågningsprogram (NOVA)";"Emnet er til sager om vandmiljøplanens overvågningsprogram
        Emnet er genoprettet da kommunerne fortsat har en indberetningsopgave til Miljøportalen fastlagt i databehandleraftalen
        Historik: Genoprettet februar 2016. Udgået perioden februar 2015-februar 2016";1
"c475514d-496d-4043-b406-388b1fd20de5";"32.06.00";"Boligstøtte i almindelighed";"Sager om kompensation for forøget nettoboligudgift i forbindelse med omdannelse til friplejebolig jf. lov om friplejeboliger § 16 journaliseres her.
        Afgørelser om, at et barn ikke medregnes ved beregningen af boligstøtten ved forhold nævnt i Boligstøttelovens § 7a journaliseres her, hvis det ønskes skilt ud som enkeltsag.";1
"c48d0334-37c9-4c88-aa5c-1837354c09de";"01.01";"Landsplandirektiver mv. og regional udviklingsplanlægning";"Planloven";1
"c49e5f46-0a8f-4a56-b149-fc357d0356d4";"83.07.03";"Bøger";"Ingen beskrivelse";1
"c4aafd30-f864-4be5-ab92-320a3c5ebad5";"03.30.05";"Helhedsplaner";"Emnet er til sager, hvor kommunen godkender helhedsplaner.";1
"c4e83d5a-d70b-4e2c-9113-918a2b6b97be";"14.06.02";"Offentlige beskyttelsesrum";"Emnet dækker bl.a. sager om:


    
        opførelse, vedligeholdelse, drift og klargøring af offentlige beskyttelsesrum.
        påbud vedrørende, at der i nye bygninger og anlæg skal opføres offentlige beskyttelsesrum.
        pålæg (fra ministeriet) til kommunalbestyrelsen om at opføre offentlige beskyttelsesrum, hvis væsentlige civile beredskabsformål tilsiger det.
        murgennembrydninger
        klargøringsvarsel
        afgørelse om fjernelse af offentlige beskyttelsesrum, der er opført som betondækningsgrave";1
"c4f6e52e-cc66-4dba-b3df-833b83db732e";"27.45.04";"Anvisning til ældrebolig / handicapbolig (visitation)";"Emnet dækker sager om anvisning af og visitation til ældrebolig/handicapbolig
        Ved visitation til ældrebolig forstås den sagsbehandling, der foregår fra ansøgning om ældrebolig til afgørelse herom. Afgørelsen går på om ansøger er berettiget til en ældrebolig ud fra visitationskriterierne og dermed tilhører ”den berettigede personkreds”.
        Ved ”anvisningen af ældrebolig” forstås den sagsbehandling, der foregår, fra en konkret ældrebolig er blevet ledig til den er blevet tilbudt og accepteret af en person på ventelisten.";1
"c501d57a-3590-46ef-895d-a792c68b10bb";"01.02.07";"Forbud i henhold til planlovens § 12 og § 14";"Her journaliseres eksempelvis sager om:


    
        forbud mod udstykning og bebyggelse, som er i strid med kommuneplanen.
        forbud mod skiltning, hvor kommunen ikke har direkte grundlag i planer, anden lovgivning eller servitutter for at stille krav til udformningen af en facade eller for at hindre opsætning af skilte eller reklamer m.m.
        
    


Sager om skiltning i det åbne land journaliseres under emnenr. 01.05.16.";1
"c55bfc7b-f584-4de2-bd09-126cc5fefa06";"09.11";"Ekstern støj";"Ingen beskrivelse";1
"c55e21d5-3c9c-11e3-81e5-0050c2490048";"14.09.04";"Beredskabsøvelser";"Personel, der udfører brandslukningsopgaver inden for det kommunale redningsberedskab, skal hvert år deltage i en række øvelser.";1
"c58c9727-3d31-4ee8-8dbf-bd96d266afaf";"82.21";"Nedrivning af bygninger, kommunens ejendomme";"Ingen beskrivelse";1
"c59e9605-25d3-462e-b621-a6bcb408a6c3";"04.21.10";"Miljøvenlige jordbrugsforanstaltninger";"Sager om tilskud i forbindelse med miljøvenlige jordbrugsforanstaltninger i særligt følsomme landbrugsområder kombineres med facet Ø39. Kommunen kan vælge at lade den enkelte tilskudssag omfatte hele tilskudsforløbet der kan vare op til 20 år, herunder også evt. kontrolbesøg m.m., såfremt kommunen ønsker at bevare et parallelt sagsforløb, hvor sagsreferencen hos den ansvarlige styrelse svarer til kommunens sag. Sideløbende kan oprettes sager for alle kontrolbesøg i et kalenderår, hvis det kræves af den statslige styrelse, som administrerer tilskudssagerne.";1
"c5bb0224-b9a4-4bb0-8ade-5a9c96442833";"81.22.01";"Pensionsforsikringer";"Ingen beskrivelse";1
"c5c02c38-483b-4ba2-ae0d-fb4ebd5e9e2e";"03.00.20";"Salg af almene familieboliger som ejerboliger";"Emnet er til sager, hvor socialministeren kan godkende forsøg med salg af almene familieboliger til almene lejere af boligerne.";1
"c61a6674-954b-429d-b6f3-0948c8620bed";"86.06";"Planter";"Ingen beskrivelse";1
"c61f5d43-8f19-44c5-8388-253731de9f84";"17.01.00";"Styrelsen af kommunens skolevæsen i almindelighed";"Emnet dækker bl.a. sager om:


    
        Generelle sager om styrelsen af kommunens skolevæsen, herunder vedtægter
        Bestemmelser om oprettelse af specialklasser og specialskoler optages i et bilag til vedtægten for styrelsen af kommunens skolevæsen
        Sager om undervisning, nødundervisning i relation til Covid-19
        
    


Henvisning til relevante facetter:


    
        Konkrete vedtægter tilføjes facet P24
        
    


Henvisning til andre relevante emner:


    
        Sager om oprettelse af specialklasser, se nr. 17.03.22.";1
"c61feaf1-d4b4-4341-9ad3-90cc8a0ba454";"09.30";"Mindre forurenende virksomheder";"Ingen beskrivelse";1
"c6516e92-4b5f-4bb1-b645-2388463552e9";"21.09";"Fysisk biblioteksstruktur, bogbusser mv.";"Ingen beskrivelse";1
"c691a4e6-efdf-4dd6-b770-fcfbe6d0cd63";"84.05.02";"Brevafstemning ved menighedsrådsvalg";"Ingen beskrivelse";1
"c6b893dc-4bb8-4112-a2cf-f12670ff638f";"20.08.16";"Optagelse / venteliste til billedskole";"Ingen beskrivelse";1
"c6bfe0af-8f7c-4e4c-a185-952f4bcb19d4";"27.36.00";"Personlig hjælp, omsorg og pleje m.v. i almindelighed";"Emnet dækker bl.a.:


    
        Sager der med lige god ret, kan placeres under to eller flere emner i gruppen.
        Kvalitetsstandarder for hjemmehjælp, rehabiliteringsforløb og træning - tilføjes facet P23";1
"c6cd6349-dc7c-45f8-9f92-6d80d50190ae";"19.02.15";"Indlåns- og udlånsvirksomhed";"Ingen beskrivelse";1
"c6e4d0e6-c8b0-4011-8db9-4d44e85e5657";"83.15.08";"Ejendomshandlere / mæglere";"Ingen beskrivelse";1
"c6f4790b-eb9a-4c65-ac1d-976b9c9aa2b9";"83.10.00";"Materialer til undervisnings- og beskæftigelsesvirksomhed i almindelighed";"Ingen beskrivelse";1
"c70146a7-c702-11e8-9ca5-0050c2490048";"25.45.21";"Opkrævning - tilbagebetaling underholdsbidrag";"Ingen beskrivelse";1
"c70146a7-c702-11e8-9ca6-0050c2490048";"25.45.22";"Opkrævning - tilbagebetaling børne- og ungeydelse";"Ingen beskrivelse";1
"c70146a7-c702-11e8-9ca7-0050c2490048";"25.45.23";"Opkrævning - tilbagebetaling børnetilskud";"Ingen beskrivelse";1
"c7225bcf-5042-42bf-8981-2db9bc25f852";"20.11.00";"Musik- og kulturhuses virksomhed i almindelighed";"Ingen beskrivelse";1
"c73c845c-2edd-11e6-adc2-0050c2490048";"32.26.08";"Integrationsgrunduddannelse, godtgørelse";"Emnet dækker bl.a. sager om:


    
        Godtgørelse ifm. integrationsgrunduddannelse
        Ansøgning om godtgørelse
        Sager om vejledning mv. ifm integrationsgrunduddannelse journaliseres på emnenr. 15.40.22";1
"c767863e-765f-4ce6-97fb-04760d9cf072";"24.03.00";"Skovbrug i almindelighed";"Ingen beskrivelse";1
"c771c054-0d9e-11e8-8c4f-0050c2490048";"88.12.06";"Begrænset udbud, varer og tjenesteydelser";"Emnet dækker bl.a. sager om:


    
        Begrænset udbud af varer og tjenesteydelser
        I modsætning til et offentligt udbud er et begrænset udbud opdelt i to særskilte faser, henholdsvis udvælgelses- og tilbudsfasen
        Konkrete udbudssager tilføjes facet G01.
        Genstanden for udbuddet (hvad udbuddet omhandler) tilføjes i sagstitlen.";1
"c787a82a-d622-482d-b5ac-3023a1925da2";"17.04.11";"Legetøj og spil, folkeskoleaktiviteter";"Sager om kriterier for anvendelse af legetøj og spil, fx elevers adgang til internet, journaliseres her.
        Indkøb af legetøj og spil ligger i hovedgruppe 83.";1
"c78951ca-39b3-45de-b17d-d1c3ffee4a9e";"05.01.16";"Hegn mod vej";"Emnet dækker bl.a. bestemmelser om etablering og vedligeholdelse af hegn mod vej for grundejerens regning.";1
"c79e3e99-cdc5-4999-80cc-ce98fd6e8903";"09.05.05";"Klapning / dumpning af havbundsmateriale";"Ingen beskrivelse";1
"c7aed1a0-4dc8-4b84-826b-3927c5e7db40";"18.00.00";"Folkeoplysning og ungdomsskoler i almindelighed";"Emnet dækker bl.a.:


    
        Generelle sager om folkeoplysning og ungdomsskoler
        Sager om folkeoplysning og ungdomsskoler som dækker to eller flere grupper i hovedgruppe 18, eller ikke entydigt kan placeres under et af emnerne i hovedgruppe 18";1
"c8353dca-1e61-4484-b53e-302e75bb7f33";"01";"Fysisk planlægning og naturbeskyttelse";"Hovedgruppe 01 omfatter bl.a. sager, der administreres/behandles i henhold til følgende lovgivning:


    
        LBK af museumsloven (Museumsloven)
        LBK om byfornyelse og udvikling af byer (Byfornyelsesloven)
        LBK om bygningsfredning og bevaring af bygninger og bymiljøer (Bygningsfredningsloven)
        LBK om drift af landbrugsjorder
        LBK om fremme af vedvarende energi
        LBK om Geodatastyrelsen
        LBK om jordfordeling og offentligt køb og salg af fast ejendom til jordbrugsmæssige formål (Jordfordelingsloven)
        LBK om kolonihaver (Kolonihaveloven)
        LBK om landbrugsejendomme (Landbrugsloven)
        LBK om mark- og vejfred (Mark- og vejfredsloven)
        LBK om miljømål m.v. for internationale naturbeskyttelsesområder (Miljømålsloven)
        LBK om nationalparker
        LBK om naturbeskyttelse (Naturbeskyttelsesloven)
        LBK om offentlige veje m.v. (Vejloven)
        LBK om planlægning (Planloven)
        LBK om råstoffer (Råstofloven)
        LBK om skove (Skovloven)
        LBK om tinglysning
        LBK om udlejning af fast ejendom til ferie- og fritidsformål m.v. og campering m.v. (Sommerhusloven)
        LBK om udstykning og anden registrering i matriklen (Udstykningsloven)
        LBK om ændringer af landets inddeling i kommuner og regioner og om opløsning og udpegelse af forpligtende kommunale samarbejder
        BEK om administration af tilskud til grøn ordning
        BEK om anmeldelsesordningen efter naturbeskyttelseslovens § 19 b og skovlovens § 17
        BEK om bekæmpelse af kæmpebjørneklo
        BEK om beskyttede naturtyper
        BEK om beskyttede sten- og jorddiger og lignende (Digebekendtgørelsen)
        BEK om bygge- og beskyttelseslinjer
        BEK om fredning af Agger Tange mv.
        BEK om ikke-erhvervsmæssig sejlads og anden færdsel på Gudenåen med sidevandløb og søer fra Tørring til Randers
        BEK om ikke-erhvervsmæssig sejlads på Karup Å med sidevandløb og søer
        BEK om ikke-erhvervsmæssig sejlads på Susåen med sidevandløb og på Tystrup-Bavelse Søerne
        BEK om jordkøbsnævn
        BEK om jordressourcens anvendelse til dyrkning og natur
        BEK om kommunalbestyrelsernes Natura 2000-handleplaner
        BEK om matrikulære arbejder
        BEK om offentlighedens inddragelse ved store naturforvaltningsprojekter
        BEK om opsætning af skilte og andre indretninger i reklame- og propagandaøjemed i det åbne land (Reklamebekendtgørelsen)
        BEK om pleje af fortidsminder
        BEK om pleje af fredede arealer og tilsyn
        BEK om regnskab og revision efter lov om byfornyelse og udvikling af byer
        BEK om statsrefusion af kommunale udgifter efter lov om byfornyelse og udvikling af byer
        BEK om støtteberettigede udgifter til bygningsfornyelse og udbud af bygge- og anlægsarbejder
        BEK om tilbagebetaling af tilskud til byfornyelse
        BEK om udbetaling af støtte efter lov om byfornyelse og udvikling af byer
        BEK om udgiftsrammer til byfornyelse og kommunernes brug af indberetningssystemer
        BEK om udpegning af bevaringsværdige bygninger i kommuneplanen
        BEK om udpegning og administration af internationale naturbeskyttelsesområder samt beskyttelse af visse arter
        BEK om udstykningskontrollen
        BEK om planlægning for og tilladelse til opstilling af vindmøller
        VEJL om planlægning for og tilladelse til opstilling af vindmøller
        
    
    


Sager om antenne- og sendemasters placering journaliseres under gruppe 01.01eller 01.02, alt efter om det er sager om andre myndigheders planer eller sager knyttet til kommuneplan/lokalplan.";1
"c83b6125-3ce1-4a43-bd3a-fed215bf6a09";"17.04";"Folkeskoleaktiviteter og -arrangementer";"I denne gruppe placeres sager om forskellige aktiviteter og arrangementer, der primært ligger uden for den skemalagte undervisning, der placeres i gruppe 17.02 og 17.03.

Gruppe 17.04 er specificeret på en række almindeligt forekommende aktiviteter og arrangementer, men gruppen gør ikke krav på at være fyldestgørende. Såfremt der afvikles aktiviteter/arrangementer, der ikke er nævnt i gruppe 17.04, kan oprettes ""lokale numre"". Ved oprettelse af lokale numre, må numrene op til 17.79 ikke anvendes, idet disse er forbeholdt den landsdækkende ajourføring/udvikling. Der kan således lokalt anvendes journalnummer fra 17.89 til 17.99, begge inklusive.

Da de fleste aktiviteter/arrangementer opstår på lokalt initiativ og ikke er lovbestemte, er der kun få paragrafhenvisninger i gruppe 17.04.";1
"c8467f5c-c544-45af-b4c5-53258181a444";"05.02.04";"Nedlæggelse og omlægning af private fællesveje / stier";"Ingen beskrivelse";1
"c84e8df1-baa3-40a8-81a1-4018f4fe3e31";"27.69.04";"Tidsfrister, retssikkerhed";"Emnet dækker bl.a. sager om:


    
        Fastlæggelse af sagsbehandlingsfrister.
        Kommunalbestyrelsen skal på de enkelte sagsområder fastsætte frister for, hvor lang tid der må gå fra modtagelsen af en ansøgning, til afgørelsen skal være truffet.
        Frister for afgørelser hjemvist af Ankestyrelsen.
        Offentliggørelse af sagsbehandlingsfrister på kommunens hjemmeside.
        Fastlæggelse af konkrete frister tilføjes facet A26.";1
"c85ba727-0733-4911-ae7c-fdbcd1f9ff10";"22.03.00";"Forretningers åbningstid (butikstid) i almindelighed";"Emnet dækker sager om forretningers åbningstid.
        Erhvervsstyrelsen kan efter indstilling fra kommunalbestyrelsen tillade, at reglerne om generelle åbningstider fraviges ved særlige lejligheder.
        Dispensationsansøgninger tilføjes facet P25.";1
"c8884774-3820-4487-b8cc-e934529179f6";"14.20.00";"Beredskabsanlæg i almindelighed";"Ingen beskrivelse";1
"c89129eb-2f2d-11f0-bfc9-0050c2490048";"01.18.15";"Kystvande - rådgivende analyser og anbefalinger af indsatser";"Emnet dækker sager om:


    
        rådgivende analyser og anbefalinger af indsatser for at nå målopfyldelse i et givet kystvand
        analyser af kystvandenes væsentligste udfordringer for at nå målopfyldelse
        udarbejdning og præsentation af rådgivende analyser og anbefalinger af indsatser for at nå målopfyldelse i et givet kystvand.
        årlig afrapportering
        indsatsplan for mulig målopfyldelse";1
"c89129eb-2f2d-11f0-bfca-0050c2490048";"01.18.20";"Forsøgsprojekter i kystvandrådsarbejdet";"Emnet dækker bl.a. sager om:


    
        forsøgsprojekter i kystvandrådsarbejdet
        afprøvning af konkrete nye veje og metoder til implementering af indsatser gennem forsøgsprojekter
        alternative veje og metoder gennem forsøgsprojekter";1
"c89129eb-2f2d-11f0-bfcb-0050c2490048";"01.18.25";"Indsatsprogrammer for kystvande";"Emnet dækker bl.a. sager om:


    
        forslag til indsatsprogrammer
        forslag til lokalt tilpassede og forankrede indsatsprogrammer
        beskrivelse af virkemidler og indsatser
        redegørelse for eventuelle finansieringskilder
        indsatsbehovet angivet i udkast til vandområdeplanerne 2021-2027 II";1
"c891dde4-6bbe-4e65-9ed3-e2ededa5a79a";"13.01";"Elforsyning";"Elforsyningsloven
        Stærkstrømsloven
        Lbk. om afgift af elektricitet
        
    


Ifølge denne lov skal leverandører af elektricitet svare en afgift til staten af de leverede kilowatt.";1
"c89ad5e7-f9b3-4af5-b9db-ac4498e0c9dc";"25.05.00";"Kirkeskat i almindelighed";"Emnet er til sager, hvor kommunalbestyrelsen har opgaver i forbindelse med den kirkelige ligning.
        Det fremgår ikke direkte af loven om folkekirkens økonomi, at kirkeligningen skal fremsendes til kommunalbestyrelserne til orientering, men da den kirkelige ligning er en del af kommunens budget, fremsendes denne til kommunalbestyrelsen til efterretning.
        Det er provstiudvalgene som fastsætter beløbet, mens det er kommunalbestyrelserne som på baggrund af det budgetterede udskrivningsgrundlag godkender procenten, hvorfor sagen skal politisk behandles af kommunalbestyrelsen.
        Sagen om kommunalbestyrelsens godkendelse af den kirkelige ligning journaliseres her med facet S55.";1
"c8af727d-0e5a-47f5-aca0-3661614e09f1";"23.05.01";"Registrering i CPR";"Ingen beskrivelse";1
"c8c95c0f-bcca-467b-92b6-b4f5c8d4a70e";"20.04.04";"Private samlinger";"Ingen beskrivelse";1
"c8d56636-89f7-441b-b49b-43ab7369e003";"20.07.01";"Rammer for musikskoler";"Emnet dækker sager om rammer for musikskolen, bortset fra musikskolens budget og regnskab. Her anvendes emnenumrene 00.30.12 og 00.32.13.
        Med rammer menes eksempelvis vedtægter, kommunalbestyrelsens godkendelse og tilsyn samt politikker og planer.";1
"c8f341b4-febf-4391-b890-5234460944f6";"05.04.22";"Nedlæggelse af offentlige / almene stier";"Ingen beskrivelse";1
"c8fd57ef-70bf-466c-ba37-da8a22359670";"17.35.00";"Betaling på folkeskoleområdet i almindelighed";"Ingen beskrivelse";1
"c903e771-23f4-435b-b768-6640f35553c8";"07.00.08";"Overførsel af affald";"Her journaliseres sager om:


    
        overførsel af affald, herunder indberetning til Miljøstyrelsen
        bekræftelse fra kommunalbestyrelsen i forbindelse med anmeldelse om overførsel af affald, hvor Danmark er afsenderland
        
    


Sager om tilsyn journaliseres her med facet K08.";1
"c9075c2b-a865-4acd-948b-804f61ea1a1f";"00.32.14";"Likviditet";"Emnet dækker bl.a. sager om:


    
        kommunens likviditet
        kommunens formue
        kommunens gæld";1
"c921e079-a45d-11e8-9277-0050c2490048";"15.17.30";"Helhedsorienteret plan - beskæftigelsesindsats mv.";"Emnet dækker sager om:


    
        Helhedsorienteret plan for borgere med komplekse og sammensatte problemer.
        Samtykke til helhedsorienteret plan.
        
    


Henvisning til relevante facetter:


    
        Konkrete planer tilføjes G01";1
"c986ad59-21f1-4565-9bef-16c0713a3c4b";"84.01";"Folketingsvalg";"Ingen beskrivelse";1
"c9a0ca28-67d0-453c-975f-b8deccaf8b1d";"00.07.04";"Partshøring - forvaltningsprincipper";"Ingen beskrivelse";1
"c9a71296-d19f-11e5-8626-0050c2490048";"88.24.16";"Innovationspartnerskaber";"Proceduren innovationspartnerskab kan anvendes, hvis ordregiver vil udvikle en innovativ vare, tjenesteydelse eller bygge- og anlægsarbejde, som ikke allerede er tilgængelig på markedet.
        Der skal være tale om reel innovation, dvs. at der ikke findes tilgængelige løsninger på markedet, som kan opfylde ordregivers behov.
        Innovationspartnerskaber er en procedure, hvor udvikling af en løsning med efterfølgende anskaffelse af den udviklede løsning er tænkt sammen i ét samlet udbud.
        Anvendelsesområdet for innovationspartnerskaber må vurderes at have et vist sammenfald med anvendelsesområdet for de såkaldte offentlig-private innovations-partnerskaber (OPI). Et offentligt-privat innovationspartnerskab er et udviklingsorienteret samarbejde mellem offentlige og private aktører. Formålet med et OPI er at innovere og udvikle nye produkter, processer eller at afprøve en eksisterende løsning i en ny kontekst. Anvendelsen af OPI’er kan derfor tjene som inspiration til, hvornår innovationspartnerskabet med fordel kan anvendes.";1
"c9a97c7a-fc00-48c6-818b-2f909bb822d0";"29.30";"Samarbejde på sundhedsområdet";"Gruppen dækker de forskellige samarbejder på sundhedsområdet mellem region, kommuner og almen praksis.";1
"c9c36686-89f6-11e5-bdd0-0050c2490048";"29.09.20";"Sundhedsmæssige forhold på behandlingssteder (plejehjem, bosteder mv.)";"Emnet dækker bl.a. sager om:


    
        Tilsynsbesøg vedrørende de sundhedsmæssige forhold på plejehjem, plejeboligbebyggelser og tilsvarende boligenheder
        Styrelsen for Patientsikkerhed, tilsyn
        Tilsyn med sundhedsforholdene og den sundhedsfaglige virksomhed på sundhedsområdet
        Tilsynsrapporter om de sundhedsmæssige forhold på plejehjemmet og kommunens behandling
        Kommunens egne initiativer ift. plejehjemstilsyn
        
    


Henvisning til relevante facetter:


    
        Konkrete tilsyn tilføjes facet K09.
        
    


Historik:


    
        Legionellabekendtgørelsen har ligget på dette emne i perioden august-november 2024. Den ligger nu på emnerne 02.08.00 og 82.09.05.";1
"ca2e2bf0-f967-11ed-8596-0050c2490048";"27.60.36";"Hjælp og støtte ifm. en hastigt fremadskridende sygdom";"Kommunalbestyrelsen skal ved anmodning tilbyde hjælp efter servicelovens § 117a til borgere med en hastigt fremadskridende sygdom. Hjælpen og støtten kan tildeles én gang pr. sygdomsforløb.

Emnet dækker bl.a. sager om:


    
        Ansøgning om hjælp efter servicelovens § 117a. Hjælp efter § 117a kan bestå af hjælp og støtte efter SEL § 83, 97, 112 og 116 efter borgerens eget valg
        Konkret og individuel vurdering af om ansøger er i målgruppen for hjælp og støtte
        Vejledning om valg og sammensætning af hjælpen
        Opfølgning på ændringer i borgerens behov";1
"ca3f8eae-23f8-4b25-b358-73c6968b3808";"25.45.03";"Gældssanering / konkurs";"Emnet dækker sager om gældssanering og konkurser.
        Fx hvor skifteretten anmoder kommunen om at afgive oplysninger ifm. deres sagsbehandling om gældssanering, eller rådgivning til skyldneren om afvikling af gæld.";1
"ca6ad9a8-2d82-11eb-8b2a-0050c2490048";"02.01.12";"Ladestandere, etablering ifm. bygninger";"Emnet dækker bl.a. sager om etablering af ladestandere:


    
        I bestående bygninger, der ikke er beboelsesbygninger, med mere end 20 parkeringspladser
        Ved større ombygning af bygninger med mere end 10 parkeringspladser
        Ved nybyggeri med mere end 10 parkeringspladser";1
"ca8a4fb1-57f5-4a4c-9784-0722dac4c6e8";"81.37";"Retræte- / seniorordninger";"Ingen beskrivelse";1
"ca9082c9-24d9-4be7-abc3-c8d30a58be74";"05.14.04";"Anbringelse af containere, materiel og lignende genstande på vej";"Emnet dækker bl.a. sager om anbringelse af beholdere (containere) og lignende genstande på vej.
        
    


Henvisning til relevante facetter:


    
        Konkrete tilladelser / rådighedstilladelser tilføjes G01.";1
"cb09883f-8113-4a11-bc6f-11369cee49f1";"03.11.02";"Regnskab for almene boliger";"Ingen beskrivelse";1
"cb150306-17b6-4869-9c4c-a55f3f45cbd8";"05.04.08";"Vedligeholdelse af stier";"Ingen beskrivelse";1
"cb1f77d6-cb0b-4f39-a79e-e58f5d50b3e0";"00.01.10";"Opgaver der dækker flere hovedgrupper";"Emnet anvendes til sager der emnemæssigt går på tværs af flere hovedgrupper i KLE, og som ikke entydigt kan placeres i en bestemt hovedgruppe.
        
    


Historik:


    
        Emnet blev oprettet i maj 2011. Før da anvendtes emnenr. 00.01.00.";1
"cb2276ec-dc77-491e-957d-6ef1d59d9cd3";"17.04.30";"Skoleårets begyndelse og afslutning";"Sager om arrangementer/aktiviteter i forbindelse med skoleårets begyndelse og afslutning placeres her.
        Det kan være specielle velkomst- og afslutningstraditioner, herunder retningslinjer for sidste skoledag, overrækkelse af eksamens-/ afgangsbeviser, forældrenes deltagelse i første skoledag o.l.";1
"cb2f4968-a4d9-43da-888e-16b3a7553a83";"04";"Parker, fritids- / idrætsanlæg og landskabspleje mv.";"Hovedgruppe 04 omfatter bl.a. sager, der administreres/behandles i henhold til følgende lovgivning:


    
        LBK om begravelse og ligbrænding (Begravelsesloven)
        LBK om bestyrelse og brug af folkekirkens kirker m.m.
        LBK om folkekirkens kirkebygninger og kirkegårde
        LBK om kystbeskyttelse (Kystbeskyttelsesloven)
        LBK om Landdistriktsfonden
        LBK om læhegn og tilskud til læplantning
        LBK om røgfri miljøer
        LBK om skove (Skovloven)
        LBK om udlejning af fast ejendom til ferie- og fritidsformål m.v. og campering m.v. (Sommerhusloven)
        BEK om offentlighedens adgang til at færdes og opholde sig i naturen (Adgangsbekendtgørelsen)
        BEK om tilladelse til udlejning af arealer til campering og om indretning og benyttelse af campingpladser (Campingreglement)
        BEK om tilskud til miljøvenlige jordbrugsforanstaltninger (MVJ-bekendtgørelsen)
        BEK om tilskud til skov med biodiversitetsformål 2022
        
    
    


I hovedgruppe 04 placeres sager om kommunens virksomhed/aktiviteter i forbindelse med parker, fritids-/idrætsanlæg og landskabspleje. Det ressourcemæssige (fx bygnings- og personalemæssige) placeres i 80’er-grupperne.";1
"cb4b1e96-9904-49e1-8611-46c3677e955c";"20.08.12";"Billedskolearrangementer og -udstillinger";"Ingen beskrivelse";1
"cb7d86b7-a586-4537-b576-cf24a979b2ac";"03.12.12";"Lejerens brug af det lejede";"Emnet dækker bl.a. sager om lejerens brug af det lejede
        Konkrete afgørelser tilføjes facet G01.";1
"cb85a58c-176a-45a5-b642-3d2a07d2d9da";"03.09.06";"Huslejefastsættelse efter lejelovens § 19, stk. 2";"Emnet dækker bl.a. sager om:


    
        Lejens størrelse - storejendom, ved lejeaftalens indgåelse
        Lejens størrelse - gennemgribende forbedring, ved lejeaftalens indgåelse
        Tvister om lejefastsættelse efter lejelovens § 19, stk. 2
        
    


Henvisning til relevante facetter:


    
        Konkrete sager om tvister tilføjes G01
        
    


Tidligere lovreference:


    
        Boligreguleringsloven § 5 (LBK 2019-09-04 nr 929)";1
"cb8630e1-c7aa-4137-95b2-377027445e4d";"21.01.00";"Udlånsvirksomhed i almindelighed";"Ingen beskrivelse";1
"cbc678b8-5882-4653-b935-6d3bbb4d89c1";"17.20.00";"Opfyldelse af undervisningspligten i almindelighed";"Her journaliseres bl.a. sager om tilladelse til, at en elev efter afslutning af 7. klasse opfylder undervisningspligten ved at deltage i særligt tilrettelagte forløb eller helt eller delvis opfylder undervisningspligten i erhvervsmæssig uddannelse eller erhvervsmæssig beskæftigelse med henblik på at afklare elevens uddannelsesvalg.";1
"cbe5a5e8-abfb-44b1-ba5c-3c6b0c804df3";"24.01.05";"Krydsoverensstemmelse i forbindelse med direkte støtte til landbrugere";"Ingen beskrivelse";1
"cbf6e66a-111e-4fda-89bb-baf646378545";"87.01.02";"Arbejdsmiljøudvalg";"Ingen beskrivelse";1
"cc00daad-b8fa-4ef3-8086-0fe3cee19ec4";"03.10.01";"Godkendelse, vedtægter og opløsning, almene boligorganisationer";"Emnet er bl.a. til sager om:


    
        godkendelse af vedtægter for almene boligorganisationer
        kommunalbestyrelsens godkendelse af oprettelse af nye boligorganisationer og selvejende institutioner, der agter at etablere almene ældreboliger efter § 1 i bek. om drift af almene boliger m.v.
        sammenlægning af flere ældreboligorganisationer efter § 11a i ældreboligloven";1
"cc3921d0-11ee-49df-abc5-f221f1be656d";"22.11.34";"International taxikørsel på vej";"Emnet udgik august 2018 da administrationen af taxiområdet er flyttet til Trafik-, Bygge- og Boligstyrelsen. Genåbnet februar 2019, da kommuner fortsat får henvendelser, bl.a. om ombytning af tilladelser.";1
"cc4222c6-a0d6-4050-8dea-9aa518ab08c8";"23.01";"Vielse";"Ingen beskrivelse";1
"cc534297-74bd-476c-869c-6b9c80645f1f";"00.05.03";"Festdage, mærkedage og jubilæer";"Ingen beskrivelse";1
"cc5613df-a8d4-4efc-90bd-88deeee042c5";"20.05.00";"Lokal tv og radio i almindelighed";"Ingen beskrivelse";1
"ccaa4f80-e068-441c-a630-fe6f5343e7fe";"32.30";"Dagpenge ved sygdom og barsel";"Ingen beskrivelse";1
"ccb21ade-9d7b-4120-a5be-70f39db7c2d2";"84.03.03";"Valgbestyrelser, valgstyrere og tilforordnede vælgere";"Ingen beskrivelse";1
"ccb7a635-dc74-4bca-b5be-e9735c0ca946";"17.04.19";"Gæstelærere, folkeskoleaktiviteter";"Sager om aktiviteter/arrangementer, hvor der er tilknyttet gæstelærere, placeres under dette nummer.
        Ordet ""gæstelærere"" skal forstås i bred forstand. Det behøver således ikke nødvendigvis være en lærer, men kan være en politiker, en person fra erhvervslivet, en anden uddannelsesinstitution, en lokalhistorisk kyndig borger o.l.";1
"ccc55761-95ab-4d22-99c9-2add17920c6e";"83.01.00";"Inventar og udstyr i almindelighed";"Ingen beskrivelse";1
"cd0117e3-b8ff-491e-abe9-e3555911f5a8";"07.20";"Anvendelse af affaldsprodukter til jordbrugsformål";"Gruppen er til sager der administreres i henhold til slambekendtgørelsen og bek. om tilsyn med spildevandsslam m.m. til jordbrugsformål.

Slambekendtgørelsen omfatter affald fra husholdninger, institutioner og virksomheder, herunder biologisk behandlet affald, processpildevand og spildevandsslam i det omfang, affaldet er egnet til jordbrugsformål og ikke indeholder væsentlige mængder af miljøskadelige stoffer.";1
"cd095c8d-f93e-46a8-861b-1149fa22fa90";"06.02.15";"Udpumpningsanlæg med digeanlæg til afvanding";"Emnet er til sager omkring udpumpningsanlæg med digeanlæg til afvanding samt anlæg med digeanlæg til indtagning, indpumpning og videreledning af vand til bevanding.
        
    


Det kan fx. være sager om:


    
        Oprettelse af offentlige pumpeanlæg
        Godkendelse af private udpumpningsanlæg til brug for";1
"cd246335-f44b-4f7f-9df1-1fd801973e78";"13.00.00";"Forsyning i almindelighed";"Emnet dækker bl.a.:


    
        Generelle sager om forsyning
        Sager om forsyning som dækker to eller flere grupper i hovedgruppe 13, eller ikke entydigt kan placeres under et af emnerne i hovedgruppe 13";1
"cd312bdc-ad0e-4e0f-9976-743fa2c41fa2";"01.07.02";"Udnyttelse af fast ejendom i sommerhusområder";"Emnet er til sager om udnyttelse af fast ejendom i sommerhusområder.
        Kommunalbestyrelser skal bl.a. afgive indberetning til miljøministeren, hvis de kommer til kendskab om at fast ejendom i sommerhusområder benyttes til erhvervsmæssig udlejning, samt når en ejendom ikke udnyttes efter et meddelt påbud.";1
"cd359487-e259-40b2-80bc-a0a4c88d9d6f";"29.03.08";"Udstedelse af særligt sundhedskort";"Ingen beskrivelse";1
"cd843862-f3b2-4a72-bb50-d801a6eaec43";"32.21";"Hjælp i særlige tilfælde";"Gruppe 32.21 dækker primært dele af to love, nemlig aktivloven og integrationsloven. Når gruppen dækker begge love, skyldes det, at ydelserne er identiske, bortset fra emnenr. 32.21.08, der udelukkende dækker udlændinge.

Midlertidigt økonomisk tilskud til husleje i 2026 til de mest udsatte borgere efter serviceloven er tilføjet emnenr. 32.21.14";1
"cd8a857f-7cf4-4cd6-b5c4-933b0c3bac43";"27.42.00";"Plejeboliger og plejehjem i almindelighed";"Emnet dækker bl.a. sager om:


    
        to eller flere emner i gruppen, eller ikke kan placeres entydigt under de eksisterende emner
        kvalitetsrapporter
        overenskomster med private og selvejende plejehjem
        fastlæggelse af omkostningsbasserede takster
        dødsboskifte, herunder deponering og rydning af indbo, opmagasinering og rydningserklæring
        plejeoversigten";1
"cda0c16d-7310-46cb-8303-eb7060136a6c";"04.08.00";"Udendørsanlæg i almindelighed";"Ingen beskrivelse";1
"cdc1b3f0-b073-4276-be5e-bb6eea29f2a8";"17.04.04";"Lejrskoler / ekskursioner";"Sager om lejrskoler, koloniophold og alle former for ekskursioner placeres her.
        Der kan være tale om endagsekskursioner og lejrskole-/koloniophold af længere varighed.
        Under nummeret placeres alt vedrørende eksempelvis planlægningen, tilbud, aftaler med overnatningssteder, rejsereservationer og eventuelt materiale om det pågældende område/sted.
        Ikke anvendte tilbud mv. kasseres.";1
"cdc549bb-aa4e-4f85-b439-ac065668c7f5";"08.03.26";"Hovedreparationer / istandsættelse, havne";"Ingen beskrivelse";1
"cdcba449-ccb8-4f8b-9ff9-e1aefa160d07";"81.03";"Ansættelse";"Ingen beskrivelse";1
"cdd6371f-5b08-476c-a7d9-c79f209f08be";"09.30.11";"(J) Anden virksomhed";"Emnet dækker bl.a. sager om kommunens tilsyn med brugerbetalingsbekendtgørelsens bilag 1-virksomheder, under pkt. J.
        De konkrete sager om tilsyn journaliseres med facet K08";1
"cdf083a5-506e-42cb-b866-96ca1457dbf5";"86.09.00";"Intern brug af knowhow i almindelighed";"Nummeret bruges til sager, der handler om intern anvendelse af knowhow. Det kan fx være principper for kvalificering og udpegning af medarbejdere der skal undervise kolleger.
        Sager om salg af knowhow inden for kommunen, fx hvis forvaltninger/afdelinger køber ressourcer hos hinanden, journaliseres normalt med det specifikke emnenummer kombineret med facet G10. Kan det specifikke emne ikke udpeges journaliseres sagen under dette nummer kombineret med facet G10
        Drejer sagen sig om ekstern salg af knowhow til udlandet, anvendes emnenr. 24.15.03.";1
"cdfcc457-5d14-4c98-b7e5-69211d943c30";"17.20.15";"Udskrivning / opfyldelse af undervisningspligt uden for folkeskolen";"Emnet dækker sager om udskrivning/opfyldelse af undervisningspligt uden for folkeskolen. Fx sager om:


    
        Henvisning af elever til undervisning i statsskoler, en anden kommunes skoler eller private skoler med forældrenes samtykke
        Tilrettelæggelse af undervisning i samarbejde med ungdomsskolen
        Overenskomst med en institution, der udbyder erhvervsuddannelse, om undervisning af elever i grundskolen i dele af undervisningstiden
        Opfyldelse af undervisningspligten efter 7. klasse ved heltidsundervisning i ungdomsskolen (se også emnenr. 18.10.02), eller ved helt eller delvis deltagelse i erhvervsmæssig uddannelse eller beskæftigelse
        
    


Sager, hvor kommunen modtager indberetning om manglende opfyldelse af en elevs undervisningspligt, journaliseres her med facet G01.";1
"cdff172c-4f53-42c5-b260-c0b0fc6f5ae5";"02.00.10";"Hegnsyn";"Emnet dækker sager om hegnsyn. Fx sager om:


    
        beskikkelse af medlemmer – tilføjes facet A30
        hegnsynsforretninger";1
"ce6004e2-7e90-401b-90d8-efa3ea507831";"85.15.20";"Operatørvejledning og -manualer";"Her journaliseres ud over operatørvejledninger også softwaremanualer.";1
"ce724de3-80ed-478e-973e-3dd2fd077857";"08.08.15";"Skader, færgelejer";"Ingen beskrivelse";1
"ce725dd6-e2f4-4974-9033-ee5c7ec15d6c";"22.11.30";"Trafikbøger";"Emnet udgik august 2018 da administrationen af taxiområdet er flyttet til Trafik-, Bygge- og Boligstyrelsen. Genåbnet februar 2019, da kommuner fortsat får henvendelser, bl.a. om ombytning af tilladelser.";1
"ce7bff04-a6da-49c8-b32d-6de6c33970b1";"13.00.01";"Måleraflæsning (el, gas, varme, vand)";"Emnet dækker bl.a. sager om fritagelse fra individuel måling (el, gas, vand, varme og køling)";1
"cea9e74f-fa21-480d-b077-69c2d81f6825";"05.01.22";"Nedlæggelse af kommuneveje";"Emnet dækker bl.a. sager om nedlæggelse af kommuneveje og vejenes status efterfølgende.";1
"ceaae9d6-0013-4bc0-a9bc-78c465ca9bbc";"02.25.01";"Tilrettelæggelse af lovpligtigt skorstensfejerarbejde";"Ingen beskrivelse";1
"cedb5af8-ef24-4df7-bf95-a76e44c41e84";"03.12.14";"Udlejerens ret til at hæve lejeaftalen";"Emnet dækker bl.a. sager om udlejerens ophævelse af lejeaftalen
        Konkrete afgørelser tilføjes facet G01.";1
"cedfcacf-b783-11e9-b035-0050c2490048";"25.45.13";"Opkrævning - tilbagebetaling boligstøttelån";"Udbetaling Danmark myndighedsopgave.";1
"cf23bd09-b1ea-45f9-8093-b4f3e4623619";"20.02.05";"Filmproduktion";"Ingen beskrivelse";1
"cf40292e-be23-47f1-8006-17a7edef65c6";"54.06.02";"Målgruppe for tilbuddet";"Ingen beskrivelse";1
"cf52d106-19b7-498a-acf2-3917733afe76";"01.05.18";"Internationale naturbeskyttelsesområder";"Emnet dækker bl.a. sager om:


    
        Internationale naturbeskyttelsesområder, herunder Natura 2000-planen og Natura 2000-skovplanen
        Foranstaltninger efter miljømålsloven , som fremgår af Natura 2000-planen
        Landbrugsstyrelsens høring af kommuner ifm. ansøgning om tilskud til skov med biodiversitetsformål";1
"cf5a1f1f-680b-400e-a93a-764510b7b57a";"32.24";"Ydelser efter lov om aktiv socialpolitik mv.";"Ingen beskrivelse";1
"cf5fe1ba-d58e-4a17-a09e-b30ba4acaef6";"04.21.01";"Særligt følsomme landbrugsområder (SFL-områder)";"Ingen beskrivelse";1
"cf76eea8-3e96-4cac-ad22-c95f21ebc914";"00.15.10";"Overordnet administrativ styring og ledelse";"Her journaliseres sager, hvor der arbejdes fagligt med administrativ styring og ledelse. Eksempler er:


    
        ledelsesformer, som værdibaseret ledelse, kontraktledelse, miljøledelse mv
        ledelse og administrativ styring i en forvaltning eller institution
        
    


Henvisning til relevante facetter:


    
        Etablering af direktion som udviklingsprojektet tilføjes facet P20
        Kompetencefordeling i forbindelse med etablering af direktion tilføjes facet A21
        Retningslinjer for ledelsestilsyn tilføjes facet A26
        Dagsordener der går på tværs af flere emner, hvor de enkelte sager journaliseres på relevante emner, tilføjes facet P35
        
    


Henvisning til andre relevante emner:


    
        Forvaltningsstruktur, se emnenr. 00.15.01
        Decentralisering og selvforvaltning se emnenr. 00.15.02
        Lederuddannelse, se hovedgruppe 81";1
"cf8fbaae-375e-46c3-a50e-536c145d2539";"82.18.00";"Renovering / sanering, kommunens ejendomme i almindelighed";"Ingen beskrivelse";1
"cf9e1343-8149-482f-b4ee-6e1718d41ad8";"83.15.12";"Penge- / finansrådgivning";"Emnet dækker bl.a. sager om køb af penge- / finansrådgivning.

Emnet anvendes til sager, hvor det faglige genstandsfelt/emne for rådgivningen ikke er kendt eller fastlagt, og hvor man derfor ikke kan vælge et fagligt specifikt KLE-emne til sagen.";1
"cfb651cf-9cd2-464f-b1e4-a96e16ac0e1a";"07.04";"Modtage- og affaldsbehandlingsanlæg mv.";"Gruppen er bl.a. til sager, der administreres i henhold til affaldsbekendtgørelsen. I følge denne bekendtgørelse skal Miljøstyrelsen godkende affaldsgrundlaget i forbindelse med oprettelsen af nye affaldsforbrændingsanlæg og udvidelse af eksisterende affaldsforbrændingsanlæg. 


Gruppen dækker eksempelvis:


    
        Forbrændingsanlæg
        Jordrenseanlæg
        Komposteringsanlæg
        Genbrugsstationer
        Modtagerstationer
        Forsorteringsanlæg
        Slamforbrændingsanlæg
        Slambehandlingsanlæg";1
"cfc52503-cb20-11e5-ac3c-0050c2490048";"02.08.10";"Varmeinstallationer";"Emnet dækker sager om meddelelse og registrering af varmeinstallationer, som ikke er reguleret af varmeforsyningsloven, da der er tale om mindre anlæg.
        Hvis varmeinstallationen indgår som en del af en byggesag, oprettes ikke selvstændig sag.
        Sager hvor varmeinstallationen kræver tilladelse fra kommunen journaliseres under relevant emne, fx sager om jordvarmeanlæg under emnenr. 09.08.26 .";1
"cfcf7115-f44a-416d-a7be-06312e8f7518";"14.10.00";"Udrykningstjeneste i almindelighed";"Emnet dækker bl.a. sager om redningsberedskabets udrykningstjeneste.

Henvisning til andre relevante emner:


    
        Sager om udrykningskøretøjernes indretning, se emnenr. 83.11.06";1
"cff4bcc7-51f3-401a-92be-687ab63d30cb";"09.13.01";"Rottebekæmpelse";"Kommunalbestyrelsen har ansvaret for gennemførelsen af en effektiv rottebekæmpelse.";1
"cff501db-de4b-4fe0-8c3f-706b7462ade9";"32.03.16";"Førtidspension";"Emnet dækker bl.a. sager om:


    
        førtidspension - beregning og udbetaling
        førtidspension - tilkendelse
        afgørelse om frakendelse af førtidspension
        
    


Kommunalbestyrelsen træffer afgørelse om tilkendelse, og Udbetaling Danmark varetager beregning og udbetaling.

Henvisning til andre relevante emner:


    
        Se øvrige emner i gruppen vedr. sager efter gammelførtidspensionsloven.
        
    


Kontakt gerne KLE redaktionen hvis der er behov for at dele emnet op.";1
"d000378e-fa9d-45e8-9f28-e0e78a339c98";"82.16";"Udlån / udleje af lokaler og ejendomme";"Gruppen anvendes til sager om udlån eller udlejning af lokaler og ejendomme af kortere varighed udenfor folkeoplysningsloven. Udlån af en fodboldbane journaliseres således også under dette nummer.

Udlån af andet end lokaler og ejendomme journaliseres under det pågældende emne, kombineret med facet G07.";1
"d00efbdc-2e60-4271-bbf8-f7b8784905f2";"00.34.00";"Lån og lånoptagelse - kommunens økonomiske forvaltning i almindelighed";"Emnet dækker bl.a. sager om:


    
        lånoptagelse
        omlægning af lån
        
    


Følgende facetter anvendes typisk:


    
        G01 Generelle sager
        P19 Godkendelser
        Ø54 Kontrakter";1
"d02f2cde-100a-48b1-851d-e0e64c395dc3";"28.15.08";"Aktiviteter / arrangementer, klubtilbud";"Ingen beskrivelse";1
"d03cc72c-8342-11e7-bb31-be2e44b06b34";"09.17.19";"Godkendelser af husdyrbrug - husdyrbrugloven § 16 a";"Emnet dækker bl.a. sager om:


    
        Ansøgninger og godkendelser efter husdyrbruglovens § 16a
        Udvidelser eller ændringer efter husdyrbruglovens § 16a 
        
    


Henvisning til relevante facetter:


    
        Miljøgodkendelser tilføjes facet P19
        Påbud tilføjes facet K08";1
"d03dc45d-e213-4e05-9e8d-9e8f4c82cd27";"22.11.38";"Taxinævn, opbygning af";"Emnet dækker sager om organisering og nedsættelse af taxinævn, som kommunalbestyrelsen har overdraget myndighedsopgaven til.
        Nævnets forretningsorden og ændringer hertil tilføjes facet A26.
        Nedsættelse af og organisering af nævnet tilføjes facet A30.
        Sager omkring overførsel af bevillingskompetence mv. til et kommunalt fællesskab jf. lov om taxikørsel m.v. § 2a journaliseres også her
        
    


Emnet udgik august 2018 da administrationen af taxiområdet er flyttet til Trafik-, Bygge- og Boligstyrelsen. Genåbnet februar 2019, da kommuner fortsat får henvendelser, bl.a. om ombytning af tilladelser.";1
"d0534837-f239-4b36-9083-daf0ed58ea87";"32.18";"Ydelser efter serviceloven, ældrelov, m.fl.";"Gruppen dækker sager om kontante ydelser efter serviceloven, ældreloven og en enkelt bestemmelse i barnets lov.";1
"d06d5ffe-cd9e-440a-ae4b-adcb8c810fc6";"02.05.17";"Garageanlæg, brandforhold";"Ingen beskrivelse";1
"d08738fc-3432-419a-96a2-21196b5234c1";"17.13";"Skolens fritidsforanstaltninger";"Ingen beskrivelse";1
"d0927303-1311-4946-8bcd-19510d463890";"88.00.08";"Kommunens indkøbssamarbejder";"Ingen beskrivelse";1
"d0a3359c-a1b9-412c-9bf9-9c7b4e9b5896";"20.03.12";"Regionale spillesteder";"Ingen beskrivelse";1
"d0d9b3e5-e1ae-47df-824e-98b769913a29";"83.25";"Skilte- og afmærkningsmateriel";"Ingen beskrivelse";1
"d107ca57-b6e9-47be-9d72-72b49d11f3e5";"17.20.04";"Udsættelse af undervisningspligt";"Emnet dækker bl.a. sager om:


    
        Udsættelse af undervisningen efter undervisningspligtens indtræden på grund af barnets udvikling
        Vurdering af et barn optaget i dagtilbuddet, som forventes at begynde i skole i det kommende skoleår";1
"d10fa670-9db3-48b6-8c3f-3417119ddd22";"18.10.05";"Uddannelses- og oplysningsområdet, ungdomsskoletilbud";"Kommunalbestyrelsen kan beslutte, at ungdomsskoletilbuddet også skal omfatte andre aktiviteter, som i overensstemmelse med ungdomsskolens formål kan indgå i kommunens samlede ungdomspolitik.
        Disse andre aktiviteter kan indgå i et samspil med eksempelvis fritidsområdet (emnenr. 18.10.06), arbejdsmarkedsområdet (emnenr. 18.10.07) og socialområdet (emnenr. 18.10.08).";1
"d121b9a5-4494-495c-b8b7-f34d1de7bb75";"84.03.06";"Afstemning på valgdagen";"Ingen beskrivelse";1
"d1399a82-912b-4738-bedd-865fbc4f4d35";"09.30.00";"Mindre forurenende virksomheder i almindelighed";"Ingen beskrivelse";1
"d1590f65-254d-4469-8b4a-32e0c624a4ea";"21.08.02";"Erhvervsservice, biblioteksbetjening";"Ingen beskrivelse";1
"d1a8773a-34f7-11ee-aaeb-0050c2490048";"85.15.25";"Logning";"Emnet dækker bl.a. sager om logning af transaktioner i kommunens it-systemer, herunder logning af behandling af personoplysninger. 
Logning er en del af kommunens it-sikkerhedsforanstaltninger og skal bl.a. bidrage til at sikre, at man kan undersøge og identificere hvem, der har tilgået kommunens it-systemer, herunder sager og dokumenter.

Dette emne gør det muligt at udskille sager om logning specifikt, fx logningspolitik, procedurer vedr. logning, test af logs og sletning af logs.

Henvisning til relevante facetter:


    
        Logningspolitik tilføjes facet P22
        Procedurer vedr. logning tilføjes facet A26
        Logningskontrol af brugere tilføjes facet G01
        
    


Henvisning til andre relevante emner:


    
        Sager om it-sikkerhed og sikkerhedsforanstaltninger, se emnenr. 85.15.02
        Sager om it-kriminalitet, se emnenr. 85.15.05
        Sager om brud på persondatasikkerheden, se emnenr. 85.10.13";1
"d1baf18e-d83a-449a-98a8-fbb2c367e6ef";"83.05.03";"Kødvarer";"Ingen beskrivelse";1
"d1cd6131-dd9e-4c1b-ba8e-34b424b79fb5";"17.02.02";"Læseplaner";"Her placeres sager om læseplaner, som kommunalbestyrelsen skal godkende";1
"d1df064d-e985-11e4-a5bb-0050c2490048";"23.19.20";"Begravelseshjælp, undtagelse fra digital selvbetjening";"Emnet dækker undtagelser, både permanente og engangsundtagelser.
        Ved engangsundtagelser noteres dette i titelfeltet til brug for Udbetaling Danmark.
        Konkrete undtagelser tilføjes facet G01.";1
"d1df064d-e985-11e4-a5bc-0050c2490048";"23.19.24";"International sygesikring, undtagelse fra digital selvbetjening";"Emnet dækker undtagelser, både permanente og engangsundtagelser.
        Ved engangsundtagelser noteres dette i titelfeltet til brug for Udbetaling Danmark.
        Konkrete undtagelser tilføjes facet G01.";1
"d1e065f5-6a17-492e-981e-088d6b2d4502";"29.27";"Befordring og befordringsgodtgørelse efter sundhedsloven";"Ingen beskrivelse";1
"d1eaa3df-e62a-421a-84be-90952b1e617f";"22.11.18";"Tilladelser til erhvervsmæssig personbefordring i kundernes køretøjer";"Her journaliseres sager om tilladelser til erhvervsmæssig befordring af personer i køretøjer, som de pågældende råder over.
        Det gælder både dem der bevilges og hvor der gives afslag.
        De konkrete ansøgninger tilføjes facet G01.
        
    


Emnet udgik august 2018 da administrationen af taxiområdet er flyttet til Trafik-, Bygge- og Boligstyrelsen. Genåbnet februar 2019, da kommuner fortsat får henvendelser, bl.a. om ombytning af tilladelser.";1
"d208a768-217c-44bf-8380-c5d82d23dd37";"81.09";"Hjemmearbejde";"Gruppen dækker bl.a. sager om personalets vilkår for hjemmearbejde, herunder de overenskomstmæssige aftaler.

Sager om indkøb af hjemme-pc placeres under emnenr. 83.01.02.";1
"d22c1fd1-c87f-4696-a4d7-04a2ae7a3883";"81.22.10";"Tjenestemandspension";"Ingen beskrivelse";1
"d23dbc6a-8899-42ae-a3e6-34b35b0fe03f";"03.01.05";"Omlægning af boligform, herunder tilbudspligt mv.";"Ingen beskrivelse";1
"d24d0782-05b1-11f1-8532-0050c2490048";"05.12.20";"Retablering af areal for graveaktørs regning";"Emnet dækker sager om:


    
        vejmyndighedens retablering af den offentlige vejs areal for den pågældende graveaktørs regning, hvis der er er foretaget forandringer i den offentlige vejs areal uden tilladelse";1
"d26eb81a-0744-4528-a7b1-8c790154f47b";"24.02";"Handel, håndværk, industri";"Ingen beskrivelse";1
"d26f1a61-ca88-492b-9657-2bb46e6f758e";"83.15";"Køb af serviceydelser";"Gruppen omfatter selve beslutningen om købet. Når først der er indgået aftale/kontrakt om en serviceydelse, kan den efterfølgende administrationsopgave journalmæssigt placeres under de pågældende emner. Som eksempel kan nævnes emnenr. 83.15.15.";1
"d2c77563-410d-4bac-ad8f-987a8088abbc";"07.22.04";"Afhændelse af bioaske";"Emnet dækker bl.a. sager om:


    
        askeproducentens udarbejdelse af en deklaration i forbindelse med afhændelse af bioaske - tilføjes facet G14.
        leveringsaftaler i forbindelse med afhændelse af bioaske
        tilsyn - tilføjes facet K08";1
"d2d755b7-ba3f-4f8b-8e3f-e12824513eca";"81.23.00";"Arbejdsgivernes fællesopkrævning i almindelighed";"Ingen beskrivelse";1
"d2d9feda-20cb-4524-a746-e96df7b4b3ed";"08.00.05";"Havnebestyrelse, opbygning af";"Havnen ledes af en havnebestyrelse, der vælges af kommunalbestyrelsen.
        Sager om havnebestyrelsens opbygning og organisering journaliseres her, imens de konkrete sager journaliseres under relevant emne.
        Sager om valg af medlemmer til havnebestyrelse journaliseres her med facet A30.";1
"d3103731-7590-43b7-bb8a-69eb454c6b9b";"28.00";"Dag-, fritids- og klubtilbud";"Ingen beskrivelse";1
"d31aaae7-be28-4b34-b493-3666678e8511";"01.03.02";"Tilbageførsel af arealer til landzone";"Emnet dækker sager om:


    
        tilbageførsel af arealer fra byzone eller sommerhusområde til landzone.
        udbetaling af erstatning til private grundejere tilføjes facet Ø61.";1
"d334ad04-c4d9-44a5-9ce3-41824dcfa047";"27.39";"Frit valg, privat hjælper, borgerstyret personlig assistance m.v.";"Ingen beskrivelse";1
"d33d600d-40c9-410e-8147-14138b6fb23c";"09.19";"Badevand og badeområder";"Bek. om badevand og badestrande
        
    


Paragrafhenvisninger er til denne bekendtgørelse.";1
"d35fb772-f9e4-4bdf-9539-6b9b04900d27";"07.20.00";"Anvendelse af affaldsprodukter til jordbrugsformål i almindelighed";"Emnet dækker sager vedr. anvendelse af affald i skove. Fx sager om: fastsættelse af vilkår - tilføjes facet P21
        Sager, hvor der søges tilladelse efter miljøbeskyttelseslovens § 19 journaliseres under emnenr. 09.08.26.";1
"d39e905d-6d44-48f8-a0e6-a9327e12b8ab";"07.08.00";"Genanvendelse og renere teknologi i almindelighed";"Emnet dækker sager ifm. miljøministerens tilskud til projekter og tiltag til genanvendelse og renere teknologi. Fx sager om:


    
        udrednings- og udviklingsprojekter samt til formidlings- og informationsvirksomhed, der har til formål at fremme genanvendelse eller nedsætte miljøbelastningen
        bortskaffelse af spildolie";1
"d3a1833f-1009-4602-9f90-9f0039f1f3fc";"03.25.12";"Visitering til kommunerne";"Emnet dækker bl.a. sager om:


    
        Registrering af flygtninge i CPR
        Udlændingestyrelsens kommunevisitering af flygtninge
        Personer, der meddeles opholdstilladelse efter lov om midlertidig opholdstilladelse til personer, der er fordrevet fra Ukraine
        Bistand til at søge om midlertidig opholdstilladelse";1
"d3b1d37a-d1ae-11e6-bf26-cec0c932ce01";"25.45.14";"Inddrivelse af fortrinsberettigede fordringer";"Emnet dækker sager om:


    
        Inddrivelse af fortrinsberettigede fordringer, dvs. fordringer, der hviler på fast ejendom med fortrinsstillet lovbestemt panteret. Fx kommunale ejendomsskatter.
        Opgaven er overført fra restanceinddrivelsesmyndigheden.
        Konkrete inddrivelsessager tilføjes facet Ø30.";1
"d3c83ee1-3fb8-4a80-a2c2-dc89cff521a9";"09.17.05";"Opbevaring af ensilage og ludning af halm";"Emnet dækker sager vedrørende opbevaring af ensilage og ludning af halm.";1
"d41498df-0769-4207-a41f-70b9edc26650";"21.05.00";"AV-materialer i almindelighed";"Såfremt biblioteket stiller særlige Av-materialer til rådighed for eksempelvis foreninger og/eller kommunale arrangementer, journaliseres sådanne sager under dette emne.
        Der kan være tale om OH-projektorer, videokameraer og -kanoner o.l.";1
"d4160818-9977-4cee-bdc6-c6290effd69e";"00.03";"International virksomhed og EU";"Gruppen dækker bl.a. sager om:


    
        organisering af kommunernes internationale virksomhed, herunder sager vedrørende EU
        aftaler om regionale udviklingsprogrammer
        sager om konkrete emner journaliseres under relevant emnenummer";1
"d41fe196-9459-4450-8ef4-1ae49c347465";"04.16";"Plantesygdomme";"Ingen beskrivelse";1
"d43dd293-1e4e-11e9-a0c9-0050c2490048";"25.45.18";"Opkrævning - tilbagebetaling efterlevelseshjælp";"Ingen beskrivelse";1
"d457dfc1-2cf7-49df-ba1f-2a8190ef31d3";"30.10.00";"Statslige opgaver, udvikling og organisering i almindelighed";"Ingen beskrivelse";1
"d468b4fa-96f2-492f-b40e-25f0c3916eb6";"14.07.00";"Personel, redningsberedskab i almindelighed";"Ingen beskrivelse";1
"d46a2b37-132e-4033-a79b-b66ba016d749";"87.15.00";"Psykisk arbejdsmiljø i almindelighed";"Emnet dækker bl.a. sager om:


    
        trusler, chikane, krænkelser, fysisk / psykisk vold mod personalet eller folkevalgte
        politikker, instrukser vedrørende overstående journaliseres også på dette emne
        
    


Henvisning til andre relevante emner:


    
        hvis der efterfølgende rejses krav om erstatning eller lign. fra medarbejderen, journaliseres denne under gruppe 81.29
        støtte til folkevalgte ved chikane, se 81.14.20
        trivselsmålinger, se 87.05.10
        sager om kontaktforbud og adgangsforbud, se emnenr. 23.35.10. Historik: Indtil nov. 2023 blev sager om kontaktforbud/adgangsforbud henvist til 87.15.00
        
    


Henvisning til relevante facetter:


    
        konkrete sager om krænkelser og chikane tilføjes facet G01
        retningslinjer / instruks for håndtering af chikane mod folkevalgte/personalet journaliseres på dette emne med facet A26";1
"d46dc9b4-e435-11e4-95ea-0050c2490048";"05.07.10";"Grundejeres forpligtelser, private fællesveje og fællesstier";"Emnet dækker bl.a. sager om:


    
        Grundejeres forpligtelse til glatførebekæmpelse og renholdelsespligt.
        Varetagelse af andre myndigheders beslutningskompetence vedr. grundejere.
        Tilsyn med grundejeres pligt til glatførebekæmpelse og renholdelse.";1
"d4878597-ff66-4157-8ff8-d61f72e88a61";"04.04";"Haller / indendørsanlæg";"Ingen beskrivelse";1
"d4b5efaf-1fe0-46a6-9dfc-0032922fb2c3";"09.30.04";"(D) Fremstilling, aftapning og oplag af kemiske stoffer og produkter. Fotografisk virksomhed";"Emnet dækker bl.a. sager om kommunens tilsyn med brugerbetalingsbekendtgørelsens bilag 1-virksomheder, under pkt. D.
        De konkrete sager om tilsyn journaliseres med facet K08.";1
"d560c965-40ee-429e-8493-3d20de2a8c2d";"27.69";"Retssikkerhed";"Ingen beskrivelse";1
"d58bf8a4-0729-4e2f-9d8f-8a0f30f34365";"85.11.20";"It-værktøjer";"Her journaliseres bl.a. sager om:


    
        udvikling og etablering af it-værktøjer
        kravspecifikationer og licensstyring
        AI værktøjer i beskæftigelsesindsatsen
        
    
    


Henvisning til andre relevante emner:


    
        Kravspecifikationer til fagsystemer, se emnenr. 85.11.04
        Kravspecifikationer til esdh, se emnenr. 85.11.06.";1
"d5970393-d953-4431-a714-6e11dacc9b5f";"17.04.03";"Stævner, folkeskoleaktiviteter";"Emnet anvendes til diverse former for stævner, såvel lokale som regionale og landsdækkende.
        Der kan eksempelvis være tale om idrætsstævner af forskellig slags, musikstævner og sangstævner.";1
"d5c40bf8-e102-4770-8575-33f72484cf76";"09.08.30";"Indretning, etablering og drift af olietanke mv.";"Her journaliseres sager om indretning, etablering og drift af olietanke mv.
        Sager om olieforurening fra olietanke, forsikringspligt, og påbud ifm. olieforurening fra olietanke under 6000 liter journaliseres under emnenr. 09.08.03.";1
"d5cd30c6-a4e8-4fae-b1e4-3a932da13bd7";"14.12.25";"Varsling, redningsberedskab";"Ingen beskrivelse";1
"d5d56f4e-e47e-4c68-8b75-ce9efef4d720";"81.28.00";"Sygdom og fravær, personale i almindelighed";"Emnet dækker personalesager om sygdom og fravær
        Sygdom- og fraværspolitik tilføjes facet P22
        Statistik for sygdom og fravær tilføjes facet P05
        Ligeledes kan sager vedr. dagpengegodtgørelse for 1., 2. og 3. ledighedsdag journaliseres her
        
    


Henvisning til andre relevante grupper:


    
        Sager om lønrefusion ifm sygdom eller barsel, § 56 aftaler, se gruppe 81.60";1
"d5fb6113-29ef-4eed-86a8-faf0b4cd4ab9";"02.03.16";"Beboelsesbygninger";"Ingen beskrivelse";1
"d61d041d-3131-4e87-aaa5-d8afcbe5da38";"32.06.04";"Boligydelse";"Udbetaling Danmark myndighedsopgave pr. 1. marts 2013";1
"d61d60a4-ceb2-43ae-ad15-95302c43efb9";"20.07.20";"Musikskoleelever";"Dækker administration af elevoplysninger.";1
"d621a039-2dd4-4b2e-9411-d40c9bc34d22";"88.04.24";"Rammeaftaler, bygge- og anlægsarbejder";"Ved rammeaftaler forstås aftaler, der er indgået i overensstemmelse med denne lovs regler, om betingelserne, f.eks. med hensyn til kvalitet, pris og mængde eller omfang, for en mulig udførelse af bygge- og anlægsarbejder af samme karakter i løbet af en given periode.";1
"d62633af-5845-4094-9396-16e168d56546";"86.01.00";"Fødevareproduktion i almindelighed";"Her journaliseres sager om kommuners egen madproduktion, fx sager om:


    
        centralkøkken
        produktion af mad til kommunal madordning";1
"d62f260f-21be-4082-ba74-32211ebd78c2";"08.01.00";"Skibs- og vareafgift i almindelighed";"Ingen beskrivelse";1
"d681b5a1-46e0-4711-ab24-375d51bb36fb";"88.08.00";"Offentlige indkøb under tærskelværdi i almindelighed";"Emnet hed tidligere ’varer og tjenesteydelser’ (feb 2018). Se nu gruppe 88.12.";1
"d691a078-34e2-4047-a955-e1a77b5dce6b";"05.09.08";"Parkeringsafmærkning";"Emnet er bl.a. til sager om driftsopgaver og besigtigelser ifm. parkeringsafmærkning, fx i forbindelse med henvendelser og klager vedr. fejl og mangler ved afmærkningen.";1
"d6af284b-b456-4833-a905-dcde0c95b9dd";"13.06";"Jordforsyning (byggemodning)";"I gruppen journaliseres sager om køb af jord til jordforsyning i forhold til borgeren. Køb af jord til kommunens eget brug placeres under 82.01.";1
"d6c36313-0f4d-477c-89e9-0efe4ab242bc";"85.10.16";"Lagring af oplysninger i terminaludstyr";"Emnet dækker sager om krav til information og samtykke ved lagring af og adgang til oplysninger i slutbrugeres terminaludstyr, jf. cookiebekendtgørelsen.";1
"d6ec9b90-0138-48fc-9f16-3a2deb60ab5e";"20.04.03";"Offentlige samlinger";"Ingen beskrivelse";1
"d7028829-ae60-45fb-90b7-900f18b96bed";"87.11.00";"Arbejdsmiljø - unge under 18 år i almindelighed";"Emnet dækker bl.a. sager om:


    
        arbejdsforhold, der efter arbejdsmiljøloven skal være sikkerheds- og sundhedsmæssigt fuldt forsvarlige, her specifikt i forhold til beskæftigelse af unge under 18 år";1
"d7053c56-c35c-4af2-b204-213ae0e34c9a";"32.39.00";"Social sikring i almindelighed";"Emnet dækker sager om social sikring under EU samarbejdet, jf. forordning (EØF) nr. 148/71, der primært er dækket af en række blanketter. Eksempler er:


    
        Attest om sammenlægning af forsikrings-, beskæftigelses- eller bopælsperioder (E 104)
        Attest for ret til naturalydelser ved sygdom og moderskab, for så vidt angår personer bosat i et andet land end det kompetente land (E 106)
        Anmodning om attest for ret til naturalydelser (E 107)
        Meddelelse om suspension eller bortfald af ret til naturalydelser ved sygdom og moderskab (E 108)
        Attest med henblik på registrering af arbejdstagerens eller den selvstændige erhvervsdrivendes familiemedlemmer samt førelse af fortegnelser (E 109)
        Attest om arbejdsløses og deres familiemedlemmers ret til ydelser fra syge- og moderskabsforsikringen (E 119)
        Attest om ret til naturalydelser for pensions- eller renteansøgere og deres familiemedlemmer (E 120)
        Attest for registrering af pensions- eller rentemodtagere eller deres familiemedlemmer, samt førelse af fortegnelser (E 121)
        Begæring om begravelseshjælp (E 124)
        Fastsættelse af refusionstakster for naturalydelser (E 126)";1
"d7306727-11d3-43a3-be98-0ee5846403bb";"03.09.36";"Aftalte forbedringer, lejeforhold mv. i private boliger";"Emnet dækker bl.a. sager om:


    
        Individuelle aftaler forbedringsforhøjelse
        Aftaler om forbedringsforhøjelse med beboerrepræsentationen
        Tvister om forbedringsarbejder er åbenbart urimelig
        
    


Tidligere lovreference:


    
        Lejeloven § 62b (LBK 2019-09-04 nr. 927)
        Lejeloven § 66a(LBK 2019-09-04 nr. 927)";1
"d73da852-c692-4c24-9c7e-1f4af68cb734";"54.34.00";"Aktiviteter / arrangementer, gymnasiet i almindelighed";"Ingen beskrivelse";1
"d75882de-b775-11e9-8272-0050c2490048";"32.66.10";"International pension, optjeningstid";"Emnet dækker bl.a. sager om:


    
        Spørgsmål fra udlandet om dansk optjeningstid.";1
"d77199da-b6e6-4936-982d-c210f4bbcab5";"86.03.02";"Pligtaflevering af offentliggjort materiale";"Emnet er til sager om pligtaflevering af offentliggjorte materialer i henhold til pligtafleveringsloven.
        Sager om udarbejdelse og publicering af information journaliseres på det relevante emne med facet A50.
        Emnet erstatter facet A34, der er udgået per 1. februar 2008.";1
"d796c266-a456-11e8-a6c5-0050c2490048";"28.18.06";"Kombinationstilbud";"Emnet dækker bl.a. sager om:


    
        kombinationstilbud (deltidsplads i dagtilbud og tilskud til fleksibel pasning)";1
"d798ad29-876a-4f14-b8c8-b8a42f51a36e";"17.00.20";"Lærerstuderendes praktikperiode";"Emnet anvendes bl.a. i forbindelse med sager om planlægning og praktiske forhold i forbindelse med lærerstuderendes praktik på skolen.
        
    


Henvisning til andre relevante emner:


    
        Skolens udtalelser om praktikanter journaliseres under emnenr. 81.07.02";1
"d79aab92-b0b6-4e36-b66c-c7ef77ec5fab";"85.04.04";"Egenudviklede blanketter";"Emnenummeret bruges til kommunens udvikling af egne blanketter.";1
"d7b49aa8-e1eb-407b-9bc8-9d91ac270fde";"07.00";"Affald og genanvendelse";"Ingen beskrivelse";1
"d7ba8891-84d1-434b-b1fc-4ea25ded7329";"03.09.10";"Tvister om udbetaling fra udvendige vedligeholdelseskonti";"Emnet dækker bl.a. sager om:


    
        Tvister mellem udlejer og lejer/beboerrepræsentation
        Tvister mellem ejer og Grundejernes Investeringsfond
        Frigivelse af bundne midler
        Tvister om opfyldelse af udlejerens pligt til at føre en indvendig vedligeholdelseskonto
        
    


Henvisning til relevante facetter:


    
        Konkrete sager om tvister tilføjes G01
        
    


Tidligere lovreference:


    
        Boligreguleringsloven § 22b (LBK 2019-09-04 nr 929)
        Boligreguleringsloven § 22f (LBK 2019-09-04 nr 929)";1
"d7bff840-1d73-474c-b4b2-8a5bd688e816";"82.11.00";"Udenomsarealer, kommunens ejendomme i almindelighed";"Emnet dækker bl.a. sager om:


    
        Bygningers- og institutioners udenomsarealer.";1
"d7c4fed1-6e73-4c90-bca9-74a7597d02db";"02.05.02";"Afstandsforhold";"Ingen beskrivelse";1
"d8212124-7202-4d87-b1a3-c49ca0764ca3";"22.01.02";"Restaurationsvirksomheders lukketid";"Emnet dækker bl.a. sager om fastsættelse af den almindelige lukketid.
        Kommunalbestyrelsens beslutninger om ændring af den almindelige lukketid skal offentliggøres mindst 2 gange om året.";1
"d8386e0a-83eb-11e7-bb31-be2e44b06b34";"09.17.51";"Anmeldelse - emissionsorienteret produktionstilpasning";"Emnet dækker bl.a. sager om:


    
        Anmeldelse af emissionsorienteret produktionstilpasning (malkekøer)
        Konkrete sager om anmeldelser tilføjes facet G01.";1
"d88c590d-1ee1-11ed-aa41-0050c2490048";"01.35";"Naturskader";"Gruppen dækker sager efter lov om visse naturskader, fx kommunens erhvervelse af private grunde ifm stormflod eller tørke.";1
"d88c590d-1ee1-11ed-aa42-0050c2490048";"01.35.00";"Naturskader i almindelighed";"Emnet dækker bl.a. sager om:


    
        Naturskader i almindelighed, efter lov om visse naturskader.
        Vurdering af risiko for oversvømmelser af private grunde fra havet eller vandløb og søer.";1
"d88c590d-1ee1-11ed-aa43-0050c2490048";"01.35.05";"Køb af oversvømmelsestruede grunde";"Emnet dækker bl.a. sager om:


    
        Kommunens køb af private grunde, som har været eller er truet af oversvømmelse fra havet eller vandløb og søer.
        Naturskaderådets medvirken til køb af en privat borgers grund sammen med en kommune.";1
"d892fd72-8344-11e7-bb31-be2e44b06b34";"09.17.21";"Tilladelser til husdyrbrug - husdyrbrugloven § 16 b";"Emnet dækker bl.a. sager om:


    
        Ansøgninger og tilladelser efter husdyrbruglovens § 16b
        Udvidelser eller ændringer efter husdyrbruglovens § 16b
        
    


Henvisning til relevante facetter:


    
        Miljøtilladelser tilføjes facet P19
        Påbud tilføjes facet K08";1
"d8cf7944-f099-468a-9718-5e55ace1f858";"29.21";"Genoptræning og fysioterapi efter sundhedsloven";"Ingen beskrivelse";1
"d8d0fe2b-86d8-4dc9-b115-d274c337c0c8";"03.03";"Private andelsboliger";"Gruppen dækker bl.a. sager, hvor kommunen er andelshaver efter andelsboligloven
        Der kan oprettes en sag pr. boligselskab/afdeling";1
"d8ddbb04-05cb-4ac4-95db-6300995f3c68";"84.02";"Regionsvalg";"Ingen beskrivelse";1
"d8e8409c-4ba3-4ffc-baf7-184ace4f07f6";"03.09.05";"Huslejeregulering og opsigelse for enkeltværelser";"Emnet dækker bl.a. sager om:


    
        Opsigelse af enkeltværelser
        Lejens størrelse enkeltværelser
        Lejers indsigelse mod øvrige lejevilkår
        
    


Henvisning til relevante facetter:


    
        Konkrete sager om tvister tilføjes G01
        
    


Tidligere lovreference:


    
        Boligreguleringsloven § 30-34 (LBK 2019-09-04 nr 929)";1
"d8f20188-2439-4c9f-a62b-587e31327263";"28.03.16";"Private pasningsordninger - tilladelser til etablering og drift, godkendelser mv.";"Emnet dækker bl.a. sager om:


    
        Private pasningsordninger, tilladelser til etablering og drift, hvis der modtages mere end to børn.
        Godkendelse af aftale om privat pasning ml forældre og den private pasningsordning.
        
    


Henvisning til relevante facetter:


    
        Løbende tilsyn tilføjes facet K09
        Dispensation fra tilrettelæggelse af læringsmiljøer efter dagtilbudsloven tilføjes facet P25
        
    


Henvisning til andre relevante emner:


    
        Tilsyn med kommunale dagtilbud, fritidstilbud og klubtilbud, se emnenr. 28.06.08";1
"d8feeb2e-1e52-11e9-97cf-0050c2490048";"25.45.40";"Opkrævning - tilbagebetaling reintegrationsbistand";"Ingen beskrivelse";1
"d90adecf-e797-4bc6-b88d-22a7b84a55b9";"14.06.01";"Sikringsrum";"Emnet dækker bl.a. sager om:


    
        påbud om, at der skal opføres sikringsrum i nye bygninger
        klargøringsvarsel
        
    
    


Henvisning til andre relevante emner:


    
        kommunal beskyttelsesrumspulje, se emnenr. 14.06.20";1
"d91018b4-baec-11eb-a853-0050c2490048";"15.62";"Dataudveksling - beskæftigelsesområdet";"Gruppen er til dataudveksling ml. fagsystemer på beskæftigelsesområdet og Fælleskommunalt Sags- og Dokumentindeks


    
        Emnerne dækker målgrupperne i LAB § 6, stk. 1, nr. 1-5, 12-13, benævnt 6.1-6.13
        6.1, se 15.62.05 Dagpenge [jobcenter-fagsystemsag]
        6.2-6.3, se Kontanthjælp [jobcenter-fagsystemsag]
        6.4, se 15.62.15 Uddannelseshjælp [jobcenter-fagsystemsag]
        6.5, se 15.62.15 Uddannelseshjælp [jobcenter-fagsystemsag]. Jf. også 6.5 nedenfor
        6.12, se 15.62.40 Ledige selvforsørgende [jobcenter-fagsystemsag]
        6.13, se 15.62.45 Unge under 18 [jobcenter-fagsystemsag]
        
    


For øvrige målgrupper bruges:


    
        6.5, se 15.40.00 Integration og udlændinge (vedrører overgangsydelsesmodtager efter INL)
        6.6, se 15.17.06 Sygedagpengeopfølgning
        6.7, se 15.17.26 Jobafklaringsforløb
        6.8, se 15.17.22 Ressourceforløb
        6.9, se 15.20.24 Fleksjob
        6.10, se 15.17.12 Revalidering
        6.11, se 15.20.00 Beskæftigelsesindsats
        
    


Bemærkninger vedr. sagsdannelsen


    
        Sagsafgrænsningen er bestemt af det pågældende fagsystem (markeret som jobcenter-fagsystemsag)
        For sager oprettet i ESDH anbefales det fortsat at følge et enkeltsagsprincip, og anvende de relevante emner i HG 15";1
"d91018b4-baec-11eb-a854-0050c2490048";"15.62.00";"Dataudveksling - beskæftigelsesområdet i almindelighed";"Emnerne i gruppen anvendes til dataudveksling ml. fagsystemer på beskæftigelsesområdet og Fælleskommunalt Sags- og Dokumentindeks
        Sagsafgrænsningen er bestemt af det pågældende fagsystem (markeret med jobcenter-fagsystemsag)
        Se også servicetekst til gr. 15.62 for en detaljeret vejledning";1
"d91018b4-baec-11eb-a855-0050c2490048";"15.62.05";"Dagpenge [jobcenter-fagsystemsag]";"Emnet anvendes til dataudveksling ml. fagsystemer på beskæftigelsesområdet og Fælleskommunalt Sags- og Dokumentindeks
        Sagsafgrænsningen er bestemt af det pågældende fagsystem (markeret med jobcenter-fagsystemsag)
        Se også servicetekst til gr. 15.62 for en detaljeret vejledning";1
"d91018b4-baec-11eb-a856-0050c2490048";"15.62.10";"Kontanthjælp [jobcenter-fagsystemsag]";"Emnet anvendes til dataudveksling ml. fagsystemer på beskæftigelsesområdet og Fælleskommunalt Sags- og Dokumentindeks
        Sagsafgrænsningen er bestemt af det pågældende fagsystem (markeret med jobcenter-fagsystemsag)
        Se også servicetekst til gr. 15.62 for en detaljeret vejledning";1
"d91018b4-baec-11eb-a857-0050c2490048";"15.62.15";"Uddannelseshjælp [jobcenter-fagsystemsag]";"Emnet anvendes til dataudveksling ml. fagsystemer på beskæftigelsesområdet og Fælleskommunalt Sags- og Dokumentindeks
        Sagsafgrænsningen er bestemt af det pågældende fagsystem (markeret med jobcenter-fagsystemsag)
        Se også servicetekst til gr. 15.62 for en detaljeret vejledning";1
"d91018b4-baec-11eb-a858-0050c2490048";"15.62.40";"Ledige selvforsørgende [jobcenter-fagsystemsag]";"Emnet anvendes til dataudveksling ml. fagsystemer på beskæftigelsesområdet og Fælleskommunalt Sags- og Dokumentindeks
        Sagsafgrænsningen er bestemt af det pågældende fagsystem (markeret med jobcenter-fagsystemsag)
        Se også servicetekst til gr. 15.62 for en detaljeret vejledning";1
"d91018b4-baec-11eb-a859-0050c2490048";"15.62.45";"Unge under 18 [jobcenter-fagsystemsag]";"Emnet anvendes til dataudveksling ml. fagsystemer på beskæftigelsesområdet og Fælleskommunalt Sags- og Dokumentindeks
        Sagsafgrænsningen er bestemt af det pågældende fagsystem (markeret med jobcenter-fagsystemsag)
        Se også servicetekst til gr. 15.62 for en detaljeret vejledning";1
"d92cbb50-f977-40b3-a60f-65ff557a8695";"06.02";"Vandløb og søer";"I gruppen sidestilles offentlige og private vandløb, idet opgaverne er identiske.";1
"d935aa15-7d11-4612-a2a1-ecfb5096aad8";"17.00.26";"Eleverklæringer";"Emnet dækker sager om udfærdigelse af eleverklæringer i folkeskolen.";1
"d946a84d-201b-4375-b272-ea0f351de902";"17.04.16";"Naturskoler";"Emnet dækker bl.a. sager om:


    
        drift af naturskoler, mininaturskoler og økobaser mv.
        besøg og samarbejde med naturskoler, mininaturskoler og økobaser.
        aktiviteter og arrangementer på naturskoler, mininaturskoler og økobaser
        
    


Sager om etablering af naturskoler journaliseres under emnenr. 17.01.04.

Sager om naturskoler, mininaturskoler og økobasers bygninger journaliseres i hovedgruppe 82.

Sager om obligatoriske fag og emner journaliseres under emnenr. 17.02.09.";1
"d95491e4-ffc5-4588-9974-6d0de52d4c51";"54.34";"Aktiviteter / arrangementer, gymnasier";"Ingen beskrivelse";1
"d963ce83-7f3c-4ceb-baca-5316d93149c3";"05.01.11";"Sikring af vejanlæg";"Emnet dækker bl.a. sager om:


    
        Vejbyggelinjer
        Pålæg om vejbyggelinjer (tilføjes facet K08)
        Tinglysning af pålagte vejbyggelinjer
        Overtagelse af arealer ifm vejbyggelinjer";1
"d96d09b6-7774-40b3-94ae-2e667ec17dfe";"23.04.00";"Navneændring i almindelighed";"Emnet dækker sager vedrørende kommunens rolle i forbindelse med antagelse- eller ændring af giftenavn.";1
"d9776a4a-a021-41ae-827b-bbfa80370049";"18.10.10";"Festarrangementer, ungdomsskolen";"Ingen beskrivelse";1
"d9919f82-5834-49f1-a184-61d321cff8bd";"02.04.00";"Konstruktive bestemmelser i almindelighed";"Ingen beskrivelse";1
"d99eefeb-e880-4fbf-8fde-c6c3fe0326d8";"81.15.03";"Særlige ydelser og honorarer";"Ingen beskrivelse";1
"d9a63ce6-c4be-4bdf-88f8-2f5dd743aa38";"09.35";"Paragraf 42-virksomheder";"Ingen beskrivelse";1
"d9aaff33-ebcd-4338-aa9d-24d2efab8165";"21.08.03";"Uddannelsesinstitutioner, biblioteksbetjening";"Ingen beskrivelse";1
"d9af41ac-e930-443d-8230-6e5c1b1e4efb";"07.20.02";"Anmeldelse af spildevandsslam m.m. til jordbrugsformål";"Emnet dækker bl.a. sager om anmeldelser af spildevandsslam og kompost til Plantedirektoratet, såfremt produkterne skal anvendes til jordforbedringsmiddel/gødning.";1
"d9b832fe-45c3-4f35-9116-fa7c0503be4d";"02.04.02";"Udførelse af bygningskonstruktioner";"Ingen beskrivelse";1
"d9becaaf-033a-4db9-a886-6cb6db5bdb9d";"27.60.08";"Mobilitetshjælpemidler";"Emnet er til sager om bevilling og tildeling af mobilitetshjælpemidler

Henvisning til andre relevante emner:


    
        Hvis nogle typer mobilitetshjælpemidler også kan betegnes som genbrugshjælpemidler, anvendes emnet genbrugshjælpemidler 27.60.11
        Kommunens indkøb af hjælpemidler (og dermed leverandøraftaler) journaliseres i gruppe 83.33
        Genbrugshjælpemidler, se emnenr. 27.60.11
        
    


Bemærkninger til brug:


    
        Hvis et hjælpemiddel både kan betegnes som et mobilitetshjælpemiddel og genbrugshjælpemiddel, vælges emnet genbrugshjælpemiddel";1
"d9e0f6af-7172-11e9-aeaa-0050c2490048";"27.66.12";"Tryghedsskabende velfærdsteknologi";"Emnet dækker bl.a. sager om:


    
        Afgørelse om anvendelse af tryghedsskabende velfærdsteknologi, SEL 128 b.
        Anvendelse af tryghedsskabende velfærdsteknologi medmindre den pågældende modsætter sig anvendelsen, SEL § 136 e
        Kommunalbestyrelsens indstilling til Det Socialfaglige Nævn vedrørende Magtanvendelse om Tryghedsskabende velfærdsteknologi";1
"d9e516c0-17c1-4cfc-9eea-ee3f2351029d";"14.14.05";"Eftersyn af eksternt brand- og redningsmateriel";"Ingen beskrivelse";1
"da0d5dd6-f3b7-4069-9e98-e458826d1f76";"17.20.18";"Sygeundervisning af elever i folkeskolen";"Såfremt en elev igennem længere tid ikke kan undervises i skolen, skal der ske undervisning i hjemmet eller på den institution, hvor eleven befinder sig, eksempelvis sygehuse.
        Dette gælder dog kun, hvis der ikke på anden måde sørges for undervisningen.";1
"da13cfcf-c527-4821-bbd4-639bc04ac07a";"24.05";"Turisme";"Ingen beskrivelse";1
"da1fec79-432b-47c0-a2d0-00647bf60cd9";"07.13.06";"Fritagelse for benyttelsespligt";"Kommunalbestyrelsen kan efter ansøgning meddele virksomheder fritagelse for benyttelsespligten, hvis virksomheden godtgør, at det farlige affald kan håndteres miljømæssigt forsvarligt ved virksomhedens foranstaltning.";1
"da204c3b-badf-433a-93fc-cd122bc71fc3";"18.20.02";"Eliteidræt";"Emnet dækker sager om eliteidræt, fx sager om:


    
        økonomisk støtte
        kommunens eliteidrætspolitik
        rammer for tilskud til eliteidræt - tilføjes facet S49
        konkrete tilskud - tilføjes facet Ø40.";1
"da23a3d8-d24b-40cd-90ac-effd5d35fcb3";"00.13";"Kommunikations- og informationsvirksomhed";"Gruppe 00.13 er underopdelt for at kunne skelne mellem emnerne markedsføring, kommunikations-, informations- og pressevirksomhed, samt design og layout.

Gruppe 00.13 rummer selve virksomheden i forbindelse med information og kommunikation, eller hvis informationen og kommunikationen går på tværs af forvaltningsområder (dvs. flere hovedgrupper). Relevante handlingsfacetter i forbindelse med information vil ofte være A50 og A52, der kombineres med relevante emne.

Bemærk at sager vedrørende IT journaliseres i hovedgruppe 83 hvis det drejer sig om indkøb, 85 hvis det drejer sig om udvikling og drift af systemer og 86 hvis det drejer sig om produktion af trykt materiale.";1
"daa369c9-9a17-43bf-b254-19ff88c7104f";"09.19.01";"Badevandskvalitet og badevandsprofiler";"Emnet dækker bl.a. sager om:


    
        kommunalbestyrelsens tilsyn med badevandskvaliteten - tilføjes facet K08
        fastsættelse af strengere krav til kvaliteten af badevand end angivet i § 2 i bekendtgørelse om badevand og badeområder
        
    


Hvis man ønsker at udskille sager omhandlende inddragelse og information af offentligheden ifm. badevandskvalitet anvendes facet A50.";1
"daca4fc2-24d1-4776-99a2-da6d5b8ed553";"81.00.00";"Kommunens personale i almindelighed";"Emnet dækker bl.a. sager om kommunens personale:


    
        der med lige god ret kan placeres i to / flere grupper, eller går på tværs af flere grupper i hovedgruppe 81
        
    


Henvisning til relevante facetter:


    
        Aktindsigt i personalesager - tilføjes facet A53
        Lønmodtageres retsstilling ved virksomhedsoverdragelse efter virksomhedsoverdragelsesloven - tilføjes facet P27
        
    


Henvisning til andre relevante emner:


    
        Ansættelsessagen for den enkelte medarbejder (den grundlæggende personalesag, som fx kan indeholde stillingsopslaget, ansøgningen, eksamensbeviser og ansættelseskontrakten), se emnenr. 81.03.00 
        Kommunens procedurer for aktindsigt i personalesager (hvem der kan give tilladelse til aktindsigt, de lokale bestemmelser om undtagelser for aktindsigt o.l.), se emnenr. 00.07.03
        Sager om personalemøder journaliseres på dette emne med facet P35, såfremt emnet for mødet er rent personalemæssige forhold. Ellers placeres sagen på det emne, som mødet drejer sig om. Det kan fx være orientering om kontorseminarer, nye medarbejdere eller opgavefordeling, orientering om nye ferieregler mv.";1
"dacc8baf-1848-4e4f-ab77-5cc3dc1c05ba";"03.10.14";"Sideaktiviteter i almene boligorganisationer m.v.";"Her journaliseres sager om boligorganisationernes sideaktiviteter, fx udlejning af en afdelings ejendom med kommunalbestyrelsens godkendelse til andet end beboelse, såfremt der er et boligsocialt behov herfor.";1
"db0acf7b-85df-4461-8cc1-9ddfaf604981";"17.04.15";"Dyrehold på skoler";"Alle sager om dyrehold (eksempelvis hamstre, kaniner, akvariefisk, fugle) såvel i enkelte klasser som på skolen som helhed placeres her.
        Det gælder også eventuelle sager om allergiproblemer hos elever i forbindelse med dyrehold.
        Sidstnævnte placeres her, da elever ikke er omfattet af arbejdsmiljølovgivningen, der kun gælder for ansatte.
        Allergiproblemer o.l. for ansatte placeres derfor i hovedgruppe 87.";1
"db129a48-f8cd-4e89-9ed6-75cc7c0e8aaa";"02.03.00";"Bygningers indretning i almindelighed";"Ingen beskrivelse";1
"db2a5876-5ced-4a94-8222-c7330499a3b1";"32.21.32";"Administration af modtagers hjælp efter lov om aktiv socialpolitik";"Emnet dækker bl.a. sager efter aktivlovens § 90, hvor kommunen har mulighed for at administrere modtagerens hjælp efter aktivloven.
        Administrationen kan fx bestå i, at kommunen betaler rimelige faste udgifter direkte til kreditor, at kommunen udleverer naturalydelser/rekvisitioner, eller at kommunen udbetaler hjælpen for kortere perioder.";1
"db4c2bd3-9d12-43ae-99dd-20d2024d1f62";"88.24.08";"Funktionsudbud";"Emnet dækker sager om funktionsudbud. Ved ""Funktionsudbud"" stilles der krav til funktionen, af den leverede ydelse.";1
"db66f1da-479a-43ae-8e8a-108bdbf88e03";"02.01";"Grundes udnyttelse til bebyggelse";"Ingen beskrivelse";1
"db778ed4-2834-47ed-b115-d25bbd7110cd";"01.11.34";"Kondemnering af sundheds- og brandfarlige boliger eller opholdsrum";"Emnet dækker bl.a. sager om:


    
        Tilsyn og håndhævelse efter kap. 9 i lov om byfornyelse og udvikling af byer
        Afspærring og nedrivning i forbindelse med kondemnering
        Anmeldelsesordning for boliger, der lejes ud
        Besigtigelse af ejendomme, der er anmeldt til udlejning
        
    


Henvisning til andre relevante emner:


    
        Indbringelse af sag om vedligeholdelsesmangler for huslejenævnet, se 03.09.44 Vedligeholdelsesmangler og lejens størrelse";1
"dbad907e-eebd-11e6-bc64-92361f002671";"05.01.04";"Optagelse af private fællesveje som kommuneveje";"Emnet dækker bl.a. sager om:


    
        Optagelse af private fællesveje som kommuneveje
        Kommunalbestyrelsen kan træffe afgørelse på baggrund af trafiktællinger. Sager herom tilføjes facet P05
        
    


Henvisning til andre emner/facetter:


    
        Sager om istandsættelse af private fællesveje ifm. optagelse som kommuneveje, se emnenr. 05.02.02.";1
"dbb1b318-3c85-11e3-9a8e-0050c2490048";"00.14.10";"Åbningstider";"Emnet dækker sager om åbningstider. Det gælder samtlige åbningstider i hele den kommunale organisation både på ""rådhuset"" og de kommunale institutioner.
        Emnet dækker ligeledes telefontider og træffetider i øvrigt.
        Emnet er flyttet fra 00.14.00 fra aug 2013.";1
"dbb1b318-3c85-11e3-9a8f-0050c2490048";"00.14.20";"Information og vejledning om digitale selvbetjeningsløsninger";"Emnet dækker sager om information og vejledning om digitale selvbetjeningsløsninger til borgere og virksomheder.
        Fx selvbetjeningskampagner til forskellige brugergrupper, vejledning af den enkelte borger, hvor der opstår dokumentationsbehov ifm fejlhåndtering.";1
"dbb1b318-3c85-11e3-9a90-0050c2490048";"00.30.12";"Decentrale budgetter";"Emnet dækker decentrale budgetudkast og forarbejder til årsbudgetter på de enkelte områder.
        Ofte vil det være organisatorisk og kompetencemæssigt bestemt, hvordan det decentrale budget er afgrænset.
        Eksempler på afgrænsninger er afdelinger, enheder, kontorer, samt de enkelte institutioners budget.
        Organisatorisk enhed bør fremgå af sagen.
        Formålet med emnet er at adskille de decentrale budgetarbejder, fra kommunens samlede budgetudkast og forarbejder under emnenr. 00.30.10.
        
    


Emnet erstatter Ø 02";1
"dbb1b318-3c85-11e3-9a91-0050c2490048";"00.30.18";"Tillægsbevillinger";"Kommunalbestyrelsen kan bemyndige økonomiudvalget til at meddele tillægsbevillinger i tilfælde, hvor beløb fra en drifts- eller anlægsbevilling ønskes overført til en anden drifts- eller anlægsbevilling. 
        Konkrete tillægsbevillinger tilføjes facet G01
        Emnet erstatter tidligere facet S03, som er udfaset november 2012";1
"dbb1b318-3c85-11e3-9a94-0050c2490048";"00.32.05";"Aktiver og passiver";"Emnet dækker sager om kommunens aktiver og passiver, herunder egenkapital og anlægsaktiver.";1
"dbb1b318-3c85-11e3-9a95-0050c2490048";"00.32.13";"Decentrale regnskaber";"Emnet dækker decentrale regnskaber på de enkelte områder.
        Ofte vil det være organisatorisk og kompetencemæssigt bestemt, hvordan det decentrale regnskab er afgrænset.
        Eksempler på afgrænsninger er afdelinger, enheder, kontorer, samt de enkelte institutioners regnskab.
        Organisatorisk enhed bør fremgå af sagen.
        Decentrale budgetter se emnenr. 00.30.12.";1
"dbb1b318-3c85-11e3-9a96-0050c2490048";"00.32.22";"Købsmoms og registreret moms";"Emnet dækker sager om:


    
        Registreret moms, dvs. moms der afregnes med toldvæsenet i forbindelse med momsregistreret virksomhed i kommunen
        Købsmoms, dvs. moms der indgår i momsrefusionsordningen
        Emnet erstatter Ø 33";1
"dbb1b318-3c85-11e3-9aa0-0050c2490048";"01.02.40";"Ekspropriationserstatning efter planloven";"Emnet dækker sager om erstatning for ekspropriation efter planlovens § 47, overtagelse efter § 47 A og for tilbageførsel efter § 46.
        Ligeledes sager om berettigelsen af krav efter planlovens §§ 47 A, 48 og 49.
        Relevante facetter er G01 og Ø61 (erstatninger).";1
"dbb1b318-3c85-11e3-9aa8-0050c2490048";"01.11.40";"Opkøb af nedslidte ejendomme";"Her placeres sager om kommunens opkøb af nedslidte ejendomme i byer med under 3000 indbyggere eller i det åbne land, med henblik på istandsættelse eller nedrivning.";1
"dbb1b318-3c85-11e3-9aad-0050c2490048";"03.09.44";"Indbringelse af vedligeholdelsesmangler på vegne af lejer";"Emnet dækker bl.a. sager hvor kommunalbestyrelsen på vegne af en lejer af en bolig kan indbringe en sag om vedligeholdelsesmangler for huslejenævnet. Dette kan ske, når boligen på klimaskærmen udefra umiddelbart vurderes at være behæftet med væsentlige og alvorlige vedligeholdelsesmangler, der gør boligen mindre egnet til beboelse, uden at boligen dog kan kondemneres efter reglerne i § 76 i lov om byfornyelse og udvikling af byer.

Henvisning til relevante facetter:


    
        Konkrete sager om tvister tilføjes G01
        
    


Tidligere lovreference:


    
        Lejeloven § 106a (LBK 2019-09-04 nr. 927)";1
"dbb1b318-3c85-11e3-9aae-0050c2490048";"03.10.11";"Omdannelse til almene boligorganisationer eller selvejende almene ungdomsboliginstitutioner mv.";"Emnet dækker sager om omdannelse af selvejende institutioner til almene boligorganisationer eller til selvejende almene ungdomsboliginstitutioner.
        Konkret godkendelse tilføjes facet P19.";1
"dbb1b318-3c85-11e3-9aaf-0050c2490048";"03.10.16";"Støtte til startboliger for unge";"Emnet dækker sager om kommunens godkendelse af startboligprojekt.
        Startboliger er en særlig boligsocial indsats over for personer i alderen 18 til og med 24 år, der har behov for bostøtte.
        Konkret godkendelse tilføjes facet P19.";1
"dbb1b318-3c85-11e3-9ab0-0050c2490048";"03.24";"Selvejende ældreboliginstitutioner og lette kollektive boliger";"Gruppen dækker bl.a. sager om:


    
        Drift og tilsyn med selvejende ældreboliger efter ældreboligloven og lette kollektivboliger efter boligbyggeriloven, som er ejet af selvejende ældreboliginstitutioner og selvejende institutioner.
        Der kan ikke længere etableres ældreboliger efter ældreboligloven.
        Lette kollektivboliger efter boligbyggeriloven kan ikke længere etableres.
        
    


Henvisning til andre relevante emner:


    
        Vedr. almene ældreboliger, drift og tilsyn, se grupperne 03.10 og 03.11.
        
    


Historik:


    
        Gruppen er oprettet feb. 2024 for at kunne adskille sagerne fra drift og tilsyn efter almenboliglovgivningen, 03.10 og 03.11, da selvejende ældreboliginstitutioner og lette kollektive boliger har deres egen lovgivning.";1
"dbb1b318-3c85-11e3-9ab1-0050c2490048";"03.24.00";"Selvejende ældreboliginstitutioner og lette kollektive boliger i almindelighed";"Emnet dækker tværgående sager der vedrører to eller flere emner i gruppen, eller ikke entydigt kan placeres under et af emnerne.";1
"dbb1b318-3c85-11e3-9ab2-0050c2490048";"03.24.05";"Drift og tilsyn med selvejende ældreboliginstitutioner mv.";"Kommunalbestyrelsen fører tilsyn med ældreboliger, der ejes af selvejende institutioner og pensionskasser, og påser at driften tilrettelægges forsvarligt, jf. reglerne herom.
        Emnet dækker sager om ovenstående.";1
"dbb1b318-3c85-11e3-9ab3-0050c2490048";"05.26";"Ekspropriation til offentlige vej- og stianlæg";"Gruppen dækker sager om ekspropriation efter vejloven.
        Sager om ekspropriation efter privatvejsloven journaliseres også her.";1
"dbb1b318-3c85-11e3-9ab4-0050c2490048";"05.26.00";"Ekspropriation til offentlige vej- og stianlæg i almindelighed";"Ingen beskrivelse";1
"dbb1b318-3c85-11e3-9ab5-0050c2490048";"05.26.05";"Åstedsforretning, veje";"Emnet dækker sager om:


    
        Forarbejder og undersøgelser
        Arealfortegnelse og ekspropriationsplan
        Offentliggørelse og indvarsling
        Åstedsforretning
        Høringsperiode
        Relevante facetter der kan bruges til opdeling i enkeltsager: G01, P05 (undersøgelser), P16 (planer), K04 (høringer), P35 (protokol)";1
"dbb1b318-3c85-11e3-9ab6-0050c2490048";"05.26.10";"Ekspropriation, veje";"Emnet dækker sager om ekspropriationsbeslutning


    
        Relevante facetter er G01, P19 og Ø61
        Den konkrete ekspropriationsbeslutning tilføjes P19 (godkendelser)
        Ekspropriationserstatning tilføjes Ø61
        Sager om erstatning for ekspropriation til offentlige vej- og stianlæg har tidligere ligget på emnenr. 05.26.15";1
"dbb1b318-3c85-11e3-9ab8-0050c2490048";"06.02.40";"Risikostyringsplan, oversvømmelse fra vandløb og søer";"Emnet dækker bl.a. sager om vurdering og styring af oversvømmelsesrisikoen fra vandløb og søer, med udarbejdelse af en risikostyringsplan.";1
"dbb1b318-3c85-11e3-9abd-0050c2490048";"08.03.04";"Udlejning af havnearealer og -bygninger";"Emnet dækker bl.a. sager om udlejning af arealer og eksisterende bygninger på havnen til private virksomheder på markedsvilkår.";1
"dbb1b318-3c85-11e3-9abe-0050c2490048";"08.20.05";"Lufthavnsafgifter";"Ingen beskrivelse";1
"dbb1b318-3c85-11e3-9abf-0050c2490048";"08.20.10";"Hændelser, lufthavne";"Emnet bruges til registrering af hændelser (incidents og accidents).";1
"dbb1b318-3c85-11e3-9ac0-0050c2490048";"08.20.15";"Lufttrafiktjeneste";"Emnet vedrører bl.a. kontroltårnet. Fx:


    
        indflyvning
        radar
        trafik på landingsbane
        start
        koordinering med Trafikstyrelsen";1
"dbb1b318-3c85-11e3-9ac1-0050c2490048";"08.20.20";"Luftfragt";"Ingen beskrivelse";1
"dbb1b318-3c85-11e3-9ac2-0050c2490048";"08.20.25";"Sikkerhed og sikkerhedsforanstaltninger, lufthavne";"Emnet dækker sikkerhed og sikkerhedsforanstaltninger i lufthavne. Fx:


    
        indhegning af lufthavnsområde
        løbende tjek af indhegning
        passager- og godssikkerhed";1
"dbb1b318-3c85-11e3-9ac3-0050c2490048";"08.25";"Lufthavnsarealer og lufthavnsanlæg";"Gruppen dækker sager om lufthavnsarealer og lufthavnsanlæg. Sager om lufthavnsejendomme journaliseres under hovedgruppe 82 med undtagelse af sager om skader på lufthavnsbygninger, der journaliseres under emnenr. 08.25.25.";1
"dbb1b318-3c85-11e3-9ac4-0050c2490048";"08.25.00";"Lufthavnsarealer og lufthavnsanlæg i almindelighed";"Ingen beskrivelse";1
"dbb1b318-3c85-11e3-9ac5-0050c2490048";"08.25.05";"Vedligeholdelse, lufthavnsarealer og lufthavnsanlæg";"Emnet dækker bl.a. sager om betaling for benyttelse af lufthavne";1
"dbb1b318-3c85-11e3-9ac6-0050c2490048";"08.25.10";"Nyanlæg, lufthavnsarealer og lufthavnsanlæg";"Sager om anlæg, herunder nyanlæg, kan inddeles i en række faser, der adskilles sagsmæssigt. Følgende facetter kan anvendes ifm. anlægsprojekter:


    
        Anlægsplan P16
        Anlægsprojekter P20
        Anlægsbevilling 00.30.08 med P19
        Aflevering af byggeregnskab 00.32.04 med G01
        Godkendelse af anlægsregnskab 00.32.04 med P19
        Byggemøder P35";1
"dbb1b318-3c85-11e3-9ac7-0050c2490048";"08.25.15";"Vinterforanstaltninger i lufthavne";"Ingen beskrivelse";1
"dbb1b318-3c85-11e3-9ac8-0050c2490048";"08.25.20";"Udlejning af lufthavnsbygninger og -arealer";"Ingen beskrivelse";1
"dbb1b318-3c85-11e3-9ac9-0050c2490048";"08.25.25";"Skader, lufthavnsbygninger";"Emnet dækker sager om skader på lufthavnsbygninger.
        Sager i øvrigt om lufthavnsbygninger/ejendomme journaliseres under relevante emner i hovedgruppe 82. Fx gruppe 82.06 eller i gruppe 82.20.";1
"dbb1b318-3c85-11e3-9aca-0050c2490048";"08.25.30";"Visuelle afmærkninger, start- og landingsbaner";"Emnet dækker bl.a. sager om lufthavnens status m.h.t. indflyvning.";1
"dbb1b318-3c85-11e3-9acb-0050c2490048";"08.25.35";"Instrumentering, start- og landingssystemer, lufthavne";"Emnet dækker bl.a. sager om:


    
        indflyvningsudstyr (ILS og CNS)
        radar
        landingsbaneafmærkning
        teknisk overvågningsudstyr";1
"dbb1b318-3c85-11e3-9acc-0050c2490048";"09.05.15";"Vurdering af virkninger på miljøet (VVM) af havbrug";"Emnet dækker sager hvor kommunen er høringspart i VVM-rapporter ifm havbrugsprojekter
        Med ændringsloven (Lov 2020-12-29 nr. 2213) er myndighedskompetencen for havbrug samlet hos staten
        
    


Henvisning til relevante facetter:


    
        Konkrete høringssvar tilføjes facet K04";1
"dbb1b318-3c85-11e3-9acd-0050c2490048";"09.10.12";"Luftkvalitet";"Emnet dækker bl.a. sager om


    
        kommunalbestyrelsens samarbejde med miljøstyrelsens udarbejdelse af forslag til eller ændring af luftkvalitetsplaner.";1
"dbb1b318-3c85-11e3-9acf-0050c2490048";"09.17.50";"Anmeldelse - afprøvning af miljøeffektive teknologier eller teknikker";"Emnet dækker bl.a. sager om:


    
        anmeldelse af afprøvning af miljøeffektiv teknologi eller teknik
        Konkrete sager om anmeldelser tilføjes facet G01.";1
"dbb1b318-3c85-11e3-9ad3-0050c2490048";"13";"Forsyning";"Hovedgruppe 13 omfatter bl.a. sager der administreres/behandles i henhold til følgende lovgivning:


    
        LBK om afgift af elektricitet (Elafgiftsloven)
        LBK om afgift af ledningsført vand (Vandafgiftsloven)
        LBK om afgift af naturgas og bygas (Gasafgiftsloven)
        LBK om elektroniske kommunikationsnet og -tjenester (Teleloven)
        LBK om elforsyning (Elforsyningsloven)
        LBK om en Cityring
        LBK om fjernkøling (Fjernkølingsloven)
        LBK om fremme af effektiv energianvendelse og drivhusgasreduktion
        LBK om fremme af vedvarende energi (VE-loven)
        LBK om færgefart
        LBK om gasforsyning (Gasforsyningsloven)
        LBK om kommuners afståelse af vandselskaber
        LBK om kommunernes styrelse (Kommunestyrelsesloven)
        LBK om radio- og fjernsynsvirksomhed
        LBK om sikkerhed ved elektriske anlæg, elektriske installationer og elektrisk materiel (elsikkerhedsloven)
        LBK om trafikselskaber
        LBK om vandforsyning mv. (Vandforsyningsloven)
        LBK om varmeforsyning (Varmeforsyningsloven)
        Lov om offentlige veje m.v. (Vejloven)
        BEK om anvendelse af måleinstrumenter til måling af forbrug af vand, gas, el eller varme
        BEK om betaling for vand efter målt forbrug mv. på ejendomsniveau
        BEK om godkendelse af projekter for industri- og fjernkølingsanlæg (Industri- og køleprojektbekendtgørelsen)
        BEK om godkendelse af projekter for kollektive varmeforsyningsanlæg (Projektbekendtgørelsen)
        BEK om individuel måling af el, gas, vand, varme og køling (Målerbekendtgørelsen)
        BEK om indsatsplaner (Indsatsplanbekendtgørelsen)
        BEK om kommuners deltagelse i virksomhed med nær tilknytning til varmeforsyningsloven
        BEK om kommuners og Energinets deltagelse i anden virksomhed efter elforsyningsloven
        BEK om kvalitetssikring af vandforsyningssystemer (Kvalitetssikringsbekendtgørelsen)
        BEK om offentligt udbud ved salg af kommunens henholdsvis regionens faste ejendomme
        BEK om passagebidrag
        BEK om vandforsyningsplanlægning
        BEK om vandindvinding og vandforsyning
        BEK om vandkvalitet og tilsyn med vandforsyningsanlæg (Tilsynsbekendtgørelsen)
        BEK om vedtægter for organisering af trafikselskaber (standardvedtægt)";1
"dbb1b318-3c85-11e3-9ad4-0050c2490048";"13.09.10";"Bycykler";"Her journaliseres bl.a. sager om anvendelse af bycykler.
        Indkøb og vedligeholdelse af bycykler journaliseres i gruppe 83.11.";1
"dbb1b318-3c85-11e3-9ad5-0050c2490048";"13.16";"Kommunikationsnet";"Gruppen anvendes til sager om kommunens opgaver ifm. elektroniske kommunikationsnet.";1
"dbb1b318-3c85-11e3-9ad6-0050c2490048";"13.16.00";"Kommunikationsnet i almindelighed";"Ingen beskrivelse";1
"dbb1b318-3c85-11e3-9ad7-0050c2490048";"13.16.02";"Digitale kommunikationsnet";"Emnet dækker bl.a. sager om:


    
        Digitale kommunikationsnet så som fibernet
        Ansøgning om tilskud fra bredbåndspuljer tilføjes facet Ø34
        Kommunens tilskud til etablering af elektroniske kommunikationsnet tilføjes facet Ø40
        Tilsyn med kommunal støtte til etablering af net til højhastighedsbredbånd
        
    


Henvisning til andre relevante emner:


    
        Kommune- og lokalplanlægning ifm. digitale kommunikationsnet dækkes af emnenr. 01.02.03 og emnenr. 01.02.05
        Tilladelser til opgravning og øvrigt ledningsarbejde journaliseres under emnenr. 05.12.00";1
"dbb1b318-3c85-11e3-9ad8-0050c2490048";"13.16.10";"Udlejning af arealer, bygninger mv. til telekommunikationsformål";"Emnet dækker sager om udlejning af arealer, bygninger mv. til telekommunikationsformål, dvs. navnlig med henblik på opsætning af antenner og mobilmaster.";1
"dbb1b318-3c85-11e3-9ad9-0050c2490048";"14";"Beredskab";"Hovedgruppe 14 omfatter bl.a. sager, der administreres/behandles i henhold til følgende lovgivning:


    
        LBK af beredskabsloven (Beredskabsloven)
        LBK om beskyttelsesrum (Beskyttelsesrumsloven)
        BEK af lov om fyrværkeri og andre pyrotekniske artikler (Fyrværkeriloven)
        BEK om anmeldelse af ulykker og sygdomme, der rammer værnepligtige m.fl.
        BEK om bedriftværn
        BEK om beredskabspligt
        BEK om brandsyn
        BEK om brandværnsforanstaltninger ved afbrænding, brug af ild, lys, varmekilder m.v. (Afbrændingsbekendtgørelsen)
        BEK om indførsel, fremstilling, opbevaring, overdragelse, erhvervelse og anvendelse af fyrværkeri og andre pyrotekniske artikler
        BEK om kommunale beskyttelsesrumspuljer
        BEK om krav til fyrværkeri og andre pyrotekniske artikler
        BEK om personel i redningsberedskabet
        BEK om risikobaseret dimensionering og plan for det kommunale redningsberedskab (Dimensioneringsbekendtgørelsen)
        BEK om tekniske forskrifter for gasser
        BEK om tilsynet med det kommunale redningsberedskab og om henlæggelse af visse opgaver og beføjelser til Beredskabsstyrelsen
        BEK om udrykningskørsel";1
"dbb1b318-3c85-11e3-9ada-0050c2490048";"14.12.28";"Beredskab ved større arrangementer";"Emnet bruges til sager om beredskab ved større arrangementer, fx:


    
        inspektion og godkendelse af installationer
        inspektion og godkendelse af flugtveje";1
"dbb1b318-3c85-11e3-9adb-0050c2490048";"15";"Arbejdsmarked og beskæftigelsesindsats";"Hovedgruppe 15 omfatter bl.a. sager, der administreres/behandles i henhold til følgende lovgivning:


    
        LBK om aktiv socialpolitik (Aktivloven)
        Lov om organisering og understøttelse af beskæftigelsesindsatsen m.v.
        LBK om arbejdsløshedsforsikring m.v.
        LBK om en aktiv beskæftigelsesindsats (Beskæftigelsesindsatsloven, LAB)
        LBK om erhvervsgrunduddannelse m.v.
        LBK om integration af udlændinge i Danmark (Integrationsloven)
        LBK om social service (Serviceloven)
        LBK om varsling m.v. i forbindelse med afskedigelser af større omfang
        Lov om kompensation til handicappede i erhverv m.v. (Kompensationsloven)
        Lov om seniorjob
        LBK om sygedagpenge (Sygedagpengeloven)
        BEK om andre aktører
        BEK om betaling for visse uddannelsesaktiviteter på Kulturministeriets område i forbindelse med lov om en aktiv beskæftigelsesindsats m.m
        BEK om en aktiv beskæftigelsesindsats
        BEK om feriedagpenge
        BEK om fleksjob
        BEK om forsøgsordninger med frikommuneforsøg efter lov om ansvaret for og styringen af den aktive beskæftigelsesindsats, lov om en aktiv beskæftigelsesindsats og lov om sygedagpenge
        BEK om indberetning og refusion af kommunalbestyrelsens udgifter til egu-elever
        BEK om kompensation til handicappede i erhverv m.v.
        BEK om matchvurdering
        BEK om seniorjob
        BEK om supplerende dagpenge
        BEK om det fælles datagrundlag og det statistiske datavarehus på beskæftigelsesområdet
        BEK af lov om arbejdsmiljø (Arbejdsmiljøloven)
        BEK om 6 ugers jobrettet uddannelse til forsikrede ledige
        BEK om betaling for visse uddannelsesaktiviteter på Uddannelses- og Forskningsministeriets område i forbindelse med lov om en aktiv beskæftigelsesindsats
        BEK om kommuner og regioners samarbejde om sundhedsfaglig rådgivning og vurdering i sager om ressourceforløb, fleksjob, førtidspension m.v.
        BEK om kommunernes medfinansiering af arbejdsløshedsdagpenge, midlertidig arbejdsmarkedsydelse og befordringsgodtgørelse til de forsikrede ledige
        BEK om organisering og understøttelse af beskæftigelsesindsatsen m.v.
        BEK om rehabiliteringsplan og rehabiliteringsteamets indstilling om ressourceforløb, fleksjob, førtidspension m.v.
        BEK om sikkerhedsstillelse efter udlændingelovens § 9, stk. 4, eller § 9 c, stk. 1, 2. pkt., jf. § 9, stk. 4, til dækning af offentlige udgifter til hjælp efter lov om aktiv social politik eller integrationsloven
        BEK om sundhedsfaglig rådgivning til brug for sagsbehandlingen i sager om sygedagpenge, kontanthjælp, revalidering m.v.
        BEK om tilbud om helbredsmæssig vurdering af nyankomne flygtninge og familiesammenførte til flygtninge
        BEK om udarbejdelse af integrationskontrakt og om integrationsprogrammet efter integrationsloven
        BEK af udlændingeloven
        LBK om betaling for visse uddannelsesaktiviteter i forbindelse med lov om en aktiv beskæftigelsesindsats m.m.
        BEK af lov om arbejdsmarkedsuddannelser m.v.
        Lov om uddannelsesordning for ledige, som har opbrugt deres dagpengeret
        Lov om ændring af lov om en aktiv beskæftigelsesindsats, lov om aktiv socialpolitik, lov om social pension og forskellige andre love
        Lov om ændring af lov om en aktiv beskæftigelsesindsats, lov om arbejdsløshedsforsikring m.v. og forskellige andre love";1
"dbb1b318-3c85-11e3-9ade-0050c2490048";"15.17.18";"Rehabilitering";"Emnet dækker bl.a. sager om:


    
        Rehabilitering
        Rehabiliteringsplaner (tilføjes facet G01)
        Nedsættelse af rehabiliteringsteam (tilføjes facet A30)
        Samarbejdsaftale med regionen (tilføjes facet P27)";1
"dbb1b318-3c85-11e3-9adf-0050c2490048";"15.17.22";"Ressourceforløb [udgår 2029]";"Emnet udgår februar 2029, da ordningen for ressourceforløb er ophævet 1. feb. 2026 med L 1750 2025. Emnet opretholdes i en overgangsperiode af hensyn til eksisterende bevillinger. Oprindelig servicetekst:


    
        Emnet dækker sager om ressourceforløb
        
    


Henvisning til relevante emner:


    
        Ressourceforløbsydelse er oprettet som selvstændigt emne i HG 32, se emnenr 32.24.28";1
"dbb1b318-3c85-11e3-9ae0-0050c2490048";"15.20.34";"Hjælpemidler - tillægsydelser";"Emnet dækker sager om:


    
        Tilskud til hjælpemidler, til personer, der deltager i tilbud efter kapitel 11-14
        Hjælpemidler i forbindelse med ansættelse og beskæftigelse
        Tilskud til undervisningsmateriale, arbejdsredskaber og arbejdspladsindretninger
        
    


Henvisning til relevante facetter:


    
        Konkrete tilskud tilføjes facet G01.
        
    


Henvisning til andre emner:


    
        Tilbud efter kapitel 11-14, se gruppe 15.18";1
"dbb1b318-3c85-11e3-9ae1-0050c2490048";"15.20.36";"Mentorstøtte";"Emnet dækker sager om mentorstøtte.
        Konkrete tilskud og aftaler tilføjes facet G01.";1
"dbb1b318-3c85-11e3-9ae2-0050c2490048";"15.20.38";"Befordringsgodtgørelse - tillægsydelser";"Emnet dækker bl.a. sager om:


    
        Befordringsgodtgørelse
        Merudgiftsgodtgørelse
        
    


Henvisning til relevante facetter:


    
        Konkrete sager om befordringsgodtgørelse tilføjes facet G01.
        
    


Henvisning til andre emner:


    
        Tilbud efter kapitel 11-14, se gruppe 15.18";1
"dbb1b318-3c85-11e3-9ae4-0050c2490048";"15.21.30";"Voksenlærlinge - løntilskud";"Emnet dækker tilskud til virksomheder, der indgår uddannelsesaftale med voksne (voksenlærlinge)";1
"dbb1b318-3c85-11e3-9ae5-0050c2490048";"15.30";"Studiejob";"Gruppen er til sager om studiejob og fritidsjob. Stillingsopslag og besættelse af kommunale studiejobs dækkes af gruppe 81.02 og 81.03.";1
"dbb1b318-3c85-11e3-9ae6-0050c2490048";"15.30.00";"Studiejob i almindelighed";"Ingen beskrivelse";1
"dbb1b318-3c85-11e3-9ae7-0050c2490048";"15.30.05";"Formidling af fritidsjob og studiejob";"Emnet dækker bl.a. sager om:


    
        Fritidsjobindsats
        Kommunal formidling af kontakt mellem virksomheder og studerende med henblik på at besætte ledige studiejob
        
    


Henvisning til andre relevante emner:


    
        Vejledning om fritidsjob i den kommunale ungeindsats, se KLE gruppe 17.27";1
"dbb1b318-3c85-11e3-9ae8-0050c2490048";"17";"Folkeskoleundervisning";"Hovedgruppe 17 omfatter bl.a. sager, der administreres/behandles i henhold til følgende lovgivning:


    
        BEK om befordring af elever i folkeskolen
        BEK om elevers fravær fra undervisningen i folkeskolen
        BEK om elevråd i folkeskolen
        BEK om folkeskolens modersmålsundervisning
        BEK om folkeskolens prøver
        BEK om folkeskolens specialpædagogiske bistand til børn, der endnu ikke har påbegyndt skolegangen
        BEK om folkeskolens specialundervisning og anden specialpædagogisk bistand
        BEK om folkeskolens undervisning i dansk som andetsprog
        BEK om folkeskolens undervisning i tegnsprog
        BEK om fremme af god orden i folkeskolen
        BEK om hvilken kommune udgiften til folkeskolens undervisning m.v. endeligt påhviler
        BEK om karakterskala og anden bedømmelse
        BEK om krav til indholdet af mål- og indholdsbeskrivelser for folkeskolens skolefritidsordninger
        BEK om overenskomst mellem en kommunalbestyrelse og en institution, der udbyder erhvervsuddannelse, om varetagelse af 10. klasseundervisning
        BEK om proceduren ved nedlæggelse af en folkeskole
        BEK om procedureregler ved en elevs fritagelse for kristendomskundskab i folkeskolen
        BEK om projektopgaven i folkeskolens 9. klasse
        BEK om specialundervisning og anden specialpædagogisk bistand og kvalitetsaftaler m.v. i behandlings- og specialundervisningstilbud og på børne- og ungehjem
        BEK om statslig elevstøtte til elever på efterskoler
        BEK om sygeundervisning af elever i folkeskolen og frie grundskoler
        BEK om tilskud til frugt, grønt og mælk til uddeling på skoler og dagtilbud mv.
        BEK om tilsynet med folkeskolens elever i skoletiden
        BEK om valg af forældrerepræsentanter til skolebestyrelser i folkeskolen og om vederlag til forældre- og elevrepræsentanter i skolebestyrelser i folkeskolen (Skolebestyrelsesbekendtgørelsen)
        BEK af forældreansvarsloven
        LBK om folkeskolen (Folkeskoleloven)
        LBK om friskoler og private grundskoler m.v. (Friskoleloven)
        LBK om efterskoler og frie fagskoler
        LBK om elevers og studerendes undervisningsmiljø (Undervisningsmiljøloven)
        LBK om folkehøjskoler (Højskoleloven)
        LBK om institutioner for erhvervsrettet uddannelse
        LBK om kommunal indsats for unge under 25 år
        LBK om kommunale internationale grundskoler
        Lov om afholdelse af danske prøver og eksaminer i udlandet
        Vejledningsbekendtgørelsen
        Vejledning om udfærdigelse af eleverklæringer i folkeskolen";1
"dbb1b318-3c85-11e3-9ae9-0050c2490048";"17.02.40";"Supplerende undervisning, undervisningsdifferentiering mv.";"Emnet dækker sager om:


    
        inklusion
        støtteforanstaltninger, i form af fx undervisningsdifferentiering, med henblik på inklusion af elever med særlige behov i den almindelige undervisning
        supplerende undervisning og anden faglig støtte til elever, som har behov for støtte udover de almindelige støtteforanstaltninger";1
"dbb1b318-3c85-11e3-9aeb-0050c2490048";"17.35.16";"Mellemkommunale betalinger for folkeskolens undervisning";"Emnet dækker bl.a. sager om:


    
        Bopælskommunens betaling til skolekommunen, når et barn går i folkeskole i en anden kommune end bopælskommunen
        Betaling af skolefritidsordning i en anden kommune end bopælskommunen
        Bopælskommunens betaling af udgifterne til sygeundervisning på sygehuse, hospitaler og andre institutioner";1
"dbb1b318-3c85-11e3-9aec-0050c2490048";"18";"Folkeoplysning og ungdomsskoler";"Hovedgruppe 18 omfatter bl.a. sager, der administreres/behandles i henhold til følgende lovgivning:


    
        BEK af færdselsloven (Færdselslov)
        LBK om produktionsskoler (Produktionsskoleloven)
        LBK om støtte til folkeoplysende voksenundervisning, frivilligt folkeoplysende foreningsarbejde og Folkeuniversitetet (Folkeoplysningsloven)
        LBK om ungdomsskoler (Ungdomsskoleloven)
        Lov om eliteidræt (Eliteidrætsloven)
        BEK om obligatorisk knallertundervisning og knallertbeviser
        BEK om støtte til folkeoplysende voksenundervisning og frivilligt folkeoplysende foreningsarbejde (Folkeoplysningsbekendtgørelsen)
        BEK om ungdomsskoler
        BEK af lov om regioner og om nedlæggelse af amtskommunerne, Hovedstadens Udviklingsråd og Hovedstadens Sygehusfællesskab (regionsloven)
        BEK om unges arbejde (Ungebekendtgørelsen)
        
    
    


Valg af folkeoplysningsudvalg, se gruppe 84.04.";1
"dbb1b318-3c85-11e3-9aed-0050c2490048";"19";"Kulturhistoriske institutioner";"Hovedgruppe 19 omfatter bl.a. sager, der administreres/behandles i henhold til følgende lovgivning:


    
        BEK af arkivloven (Arkivloven)
        LBK om ophavsret (Ophavsretsloven)
        BEK af museumsloven (Museumslov)
        BEK om offentlige arkivalier og om offentlige arkivers virksomhed (Arkivbekendtgørelsen)
        Lov om forskning ved arkiver, biblioteker, museer m.v.
        BEK om museer m.v. (Museumsbekendtgørelsen)";1
"dbb1b318-3c85-11e3-9aee-0050c2490048";"19.03.30";"Forskning ved museer";"Her journaliseres bl.a. sager om forskningsprojekter og forskningspublikationer knyttet til museer.";1
"dbb1b318-3c85-11e3-9aef-0050c2490048";"19.03.36";"Museets bestyrelse";"Emnet dækker sager vedrørende museets bestyrelse. Fx:


    
        medlemmer
        konstituering
        møder og mødereferater
        forretningsorden";1
"dbb1b318-3c85-11e3-9af0-0050c2490048";"19.03.44";"Museumsbutik og -café";"Dækker sager om museumsbutikker, fx sager om:


    
        indretning
        drift";1
"dbb1b318-3c85-11e3-9af1-0050c2490048";"20";"Kulturvirksomhed";"Hovedgruppe 20 omfatter bl.a. sager, der administreres/behandles i henhold til følgende lovgivning:


    
        Lov om billedkunst og kunstnerisk formgivning 
        LBK om Kulturministeriets kulturaftaler med kommuner m.v. og om regionernes opgaver på kulturområdet
        LBK om musik (Musikloven)
        LBK om radio- og fjernsynsvirksomhed (Radio- og fjernsynsloven)
        LBK om scenekunst
        Lov om ændring af lov om scenekunst
        Lov om film (Filmloven)
        BEK om Det Københavnske Teatersamarbejde
        BEK om egnsteatre (Egnsteater-bekendtgørelsen)
        BEK om statstilskud til små storbyteatre
        BEK om kunst i det offentlige rum
        BEK om musikskoler
        BEK om statsrefusion af kommuners udgifter ved køb af refusionsgodkendte forestillinger af børneteater og opsøgende teater
        BEK af udlændingeloven
        LBK om litteratur";1
"dbb1b318-3c85-11e3-9af3-0050c2490048";"20.30";"Skoletjeneste";"Ingen beskrivelse";1
"dbb1b318-3c85-11e3-9af4-0050c2490048";"20.30.00";"Skoletjeneste i almindelighed";"Ingen beskrivelse";1
"dbb1b318-3c85-11e3-9b0f-0050c2490048";"21";"Biblioteker";"Hovedgruppe 21 omfatter bl.a. sager, der administreres/behandles i henhold til følgende lovgivning:


    
        LBK om biblioteksvirksomhed (Biblioteksloven)
        LBK om folkeskolen (Folkeskoleloven)
        BEK om folkeskolens pædagogiske læringscentre";1
"dbb1b318-3c85-11e3-9b10-0050c2490048";"22";"Regulering af private erhverv";"Hovedgruppe 22 omfatter bl.a. sager, der administreres/behandles i henhold til følgende lovgivning:


    
        LBK om restaurationsvirksomhed og alkoholbevilling m.v. (Restaurationsloven)
        LBK om taxikørsel m.v. (Taxiloven)
        Lov om detailsalg fra butikker m.v. (Lukkeloven)
        BEK af overenskomst af 17. juni 2002 med Sverige om ændring af overenskomst af 3. marts 2000 om international taxikørsel på vej
        BEK om erhvervsmæssig befordring af personer i køretøjer, som de pågældende råder over
        BEK om særlige krav til taxier mv.
        BEK om taxikørsel m.v. (Taxibekendtgørelsen)";1
"dbb1b318-3c85-11e3-9b13-0050c2490048";"23";"Borgerlige forhold";"Hovedgruppe 23 omfatter bl.a. sager, der administreres/behandles i henhold til følgende lovgivning:


    
        LBK om Det centrale Personregister (CPR-loven)
        LBK om forbud mod salg af tobak til personer under 18 år og salg af alkohol til personer under 16 år
        BEK af færdselsloven (Færdselsloven)
        LBK om pas til danske statsborgere m.v. (Pasloven)
        LBK om ægteskabs indgåelse og opløsning (Ægteskabsloven Æ1)
        Lov om offentlige betalinger mv.
        BEK om kørekort
        BEK om pas m.v.
        LBK om social pension (Pensionsloven)
        Lov om Offentlig Digital Post
        BEK om obligatorisk digital selvbetjening vedrørende ansøgninger og meddelelser m.v. om sociale ydelser m.v.
        BEK om fritagelse af fysiske personer fra tilslutning til Offentlig Digital Post m.v.
        BEK om indgåelse af ægteskab 
        LBK om sygedagpenge (Sygedagpengeloven)
        BEK om Nemkontoordningen (Nemkontobekendtgørelsen)
        Cirkulære om kørekort";1
"dbb1b318-3c85-11e3-9b17-0050c2490048";"23.15";"Fysiske personers tilslutning";"Gruppen dækker sager om fysiske personers tilslutning til kanaler for digital kommunikation, dataudveksling, transaktioner etc. mellem myndigheden og fysiske personer. Med en tilslutning følger nogle retsvirkninger, som er nærmere fastsat i den pågældende lov.";1
"dbb1b318-3c85-11e3-9b18-0050c2490048";"23.15.00";"Fysiske personers tilslutning i almindelighed";"Ingen beskrivelse";1
"dbb1b318-3c85-11e3-9b19-0050c2490048";"23.15.10";"Nemkonto til offentlige betalinger";"Emnet dækker bl.a. sager om:


    
        anvisning af konto i et pengeinstitut - nemkontoordning
        låsning af en ydelsesspecifik konto på anmodning fra en betalingsmodtager";1
"dbb1b318-3c85-11e3-9b1a-0050c2490048";"23.15.15";"Offentlig Digital Post, fysiske personer";"Emnet dækker bl.a. sager om:


    
        Den borgerrettede del af Offentlig Digital Post
        Afgørelser om fritagelse fra Offentlig Digital Post
        
    


Henvisning til andre relevante emner:


    
        Sager om intern tilrettelæggelse af arbejdsgange og systemunderstøttelse, se emnenr. 85.11.06
        Sager om virksomheders og foreningers fritagelse for tilslutning til Offentlig Digital Post, se emnenr. 24.00.15";1
"dbb1b318-3c85-11e3-9b1b-0050c2490048";"24";"Erhvervsforhold";"Hovedgruppe 24 omfatter bl.a. sager, der administreres/behandles i henhold til følgende lovgivning:


    
        Lov om kommuners udførelse af opgaver for andre offentlige myndigheder og kommuners og regioners deltagelse i selskaber
        LBK om erhvervsfremme
        LBK om kommuners og regioners anvendelse af fast ejendom og løsøre til brug for reklamering for andre
        Lov om vandsektorens organisering og økonomiske forhold (Vandsektorloven)
        Lov om Visitdenmark
        BEK om afvikling af mellemværender mellem kommuner og vandselskaber
        BEK om krydsoverensstemmelse
        BEK om tilskud til omstilling af fiskerisektoren (PESCA)
        BEK om fritagelse af juridiske enheder med CVR-nummer samt fysiske personer med erhvervsaktiviteter for tilslutning til Digital Post
        Lov om dansk turisme
        Lov om fond til grøn omstilling og erhvervsmæssig fornyelse
        LBK om Offentlig Digital Post
        
    
    


Hovedgruppe 24 indeholder for det første nogle grupper til sager om enkelte erhverv, hvor kommunen ikke direkte medvirker. Det drejer sig om grupperne 24.01, 24.02, 24.03, 24.04 og 24.09. Disse grupper vil derfor typisk anvendes til informativt materiale, eksempelvis statistiske oplysninger/indberetninger.

For det andet indeholder hovedgruppe 24 nogle grupper til sager, hvor kommunen mere eller mindre direkte er involveret eller medvirker. Det drejer sig om gruppe 24.00, hvor kommunen i visse tilfælde kan indgå i selskaber med andre, gruppe 24.10, der dækker kommunernes deltagelse i erhvervsudviklingsaktiviteter, og gruppe 24.05 om turisme, hvor kommunen ofte vil være involveret via medlemskab/tilskud og deltagelse i en lokal turistorganisation. Endelig er der gruppe 24.15, der dækker kommunal eksport. Tidligere var dette dækket af gruppe 86.15, men det hører mere korrekt hjemme her, primært på grund af samme lov, som også dækker gruppe 24.10.";1
"dbb1b318-3c85-11e3-9b1c-0050c2490048";"25";"Beskatning";"Hovedgruppe 25 omfatter bl.a. sager, der administreres/behandles i henhold til følgende lovgivning:


    
        BEK om kommunernes borgerbetjening på skatteområdet
        BEK af konkursloven (Konkursloven)
        LBK om aktiv socialpolitik (Aktivloven)
        LBK om folkekirkens økonomi
        LBK om kommunal ejendomsskat (Kommunal ejendomskatteloven)
        LBK om kommunal indkomstskat
        LBK om lån til betaling af ejendomsskatter (Ejendomsskattelåneloven)
        LBK om vurdering af landets faste ejendomme (Vurderingsloven)
        BEK af skatteforvaltningsloven
        Lov om fordeling mellem staten, kommunerne og amtskommunerne af skattenedslaget som følge af personskattelovens skatteloft
        BEK om udbetaling af særligt tilskud til kommuner som følge af nedsættelse af grundskyldpromillen
        BEK om landets inddeling i skatteankenævnskredse, vurderingsankenævnskredse, fælles skatte- og vurderingsankenævnskredse samt motorankenævnskredse
        BEK om tilskud til kommuner i forbindelse med tilbagebetaling af grundskyld i 2012";1
"dbb1b318-3c85-11e3-9b1e-0050c2490048";"25.45.11";"Opkrævning - tilbagebetaling boligstøtte";"Udbetaling Danmark myndighedsopgave";1
"dbb1b318-3c85-11e3-9b21-0050c2490048";"25.45.20";"Opkrævning - underholdsbidrag";"Når en borger modtager kontanthjælp (forsørger takst) og kommunen udbetaler forskudsvis udlagt bidrag til bidragsberettigede, er der lovhjemmel til at indeholde den løbende forpligtigelse i udbetaling af kontanthjælpen";1
"dbb1b318-3c85-11e3-9b22-0050c2490048";"27";"Social service";"Hovedgruppe 27 omfatter bl.a. sager, der administreres/behandles i henhold til følgende lovgivning:


    
        LBK om social service (Serviceloven)
        BEK af forvaltningsloven
        BEK af straffeloven
        BEK om adgangen til frit valg af boligindretning efter lov om social service
        BEK om adoption
        BEK om afgrænsning af tilbagebetalingspligt og sikring ved pant for hjælp ydet til boligindretning og skift af bolig
        BEK om aflønning og befordringsudgifter m.v. i beskyttet beskæftigelse, særligt tilrettelagte beskæftigelsesforløb og aktivitets- og samværstilbud
        BEK om voksenansvar for anbragte børn og unge
        BEK om betaling for ophold i anbringelsessteder for børn og unge under 18 år samt for døgnophold og udslusningsophold for unge i alderen 18 til og med 22 år
        BEK om betingelser for ledsageordningen efter serviceloven
        BEK om hjælp til anskaffelse af hjælpemidler og forbrugsgoder efter serviceloven
        BEK om hjælp til børn og unge, der på grund af betydelig og varigt nedsat fysisk eller psykisk funktionsevne har behov for hjælp eller særlig støtte
        BEK om kommunens bistand til børn og unge i forbindelse med uden- og indenretlig afhøring
        BEK om kvalitetsstandard for kvindekrisecentre efter § 109 i lov om social service
        BEK om magtanvendelse og andre indgreb i selvbestemmelsesretten over for voksne samt om særlige sikkerhedsforanstaltninger for voksne og modtagepligt i boformer efter serviceloven
        BEK om rammeaftaler m.v. på det sociale område og på det almene ældreboligområde (Rammebekendtgørelsen)
        BEK om retssikkerhed og administration på det sociale område (Retssikkerhedsbekendtgørelsen)
        BEK om støtte til køb af bil efter servicelovens
        BEK om tilskud til ophold i særlige dagtilbud og særlige klubtilbud til børn og unge med betydelig og varigt nedsat fysisk eller psykisk funktionsevne
        BEK om udmåling af tilskud til borgerstyret personlig assistance efter servicelovens §§ 95 og 96
        BEK om underretning af kommunalbestyrelsen om afhøringer af sigtede under 18 år
        BEK om underretningspligt over for kommunen efter lov om social service
        BEK om ydelser efter lov om social service under midlertidige ophold i udlandet
        LBK om adoption (Adoptionsloven)
        LBK om friplejeboliger (Friplejeboligloven)
        LBK om fuldbyrdelse af straf m.v. (Straffuldbyrdelsesloven)
        LBK om retssikkerhed og administration på det sociale område (Retssikkerhedsloven)
        LBK om social pension (Pensionsloven)
        Lov om lønmodtageres ret til fravær fra arbejde af særlige familiemæssige årsager
        BEK om finansiering af visse ydelser og tilbud efter lov om social service samt betaling for unges ophold i Kriminalforsorgens institutioner
        BEK om betaling for generelle tilbud og for tilbud om personlig og praktisk hjælp m.v. efter servicelovens §§ 79, 83 og 84
        BEK om børnehuse
        BEK om familievejlederordningen efter lov om social service § 11
        BEK om frit valg af leverandør af hjemmehjælp og fritvalgsbevis efter servicelovens § 91 og om kvalitetskrav til leverandører af hjemmehjælp efter servicelovens § 83
        BEK om garanti for social behandling for stofmisbrug til unge under 18 år i særlige tilfælde
        BEK om kvalitetsstandard for social behandling for stofmisbrug efter § 101 i lov om social service
        BEK om kvalitetsstandarder for hjemmehjælp, rehabiliteringsforløb og træning efter servicelovens §§ 83, 83 a og 86
        BEK om lejerrettigheder til beboere i visse botilbud efter serviceloven
        BEK om voksenansvar for anbragte børn og unge
        BEK om plejefamilier
        BEK om plejehjem og beskyttede boliger
        BEK om refusionsbeløb til lejer i udslusningsbolig
        BEK om socialtilsyn
        BEK om Tilbudsportalen
        Beredskabsloven
        Lov om ændring af beredskabsloven
        Lov om ændring af lov om social service og lov om retssikkerhed og administration på det sociale område (Kriminalpræventive sociale indsatser)
        BEK af Socialtilsynsloven
        Tilbageholdelsesloven
        Vejledning om servicelovens formål og generelle bestemmelser i loven";1
"dbb1b318-3c85-11e3-9b24-0050c2490048";"27.25";"SSP-indsats";"Gruppen dækker sager om SSP-samarbejdet mellem kommuner og politi om forebyggelse af kriminalitet blandt børn og unge.";1
"dbb1b318-3c85-11e3-9b25-0050c2490048";"27.25.00";"SSP-indsats i almindelighed";"Emnet dækker bl.a. sager om den formelle organisering og koordinering af SSP-samarbejdet mellem de relevante forvaltninger og politiet";1
"dbb1b318-3c85-11e3-9b26-0050c2490048";"27.25.08";"Kriminalpræventiv indsats, SSP";"Her journaliseres sager vedr. den generelle kriminalpræventive SSP-indsats, fx sager om:


    
        Undervisning og kampagner
        Henvendelser og forespørgsler fra borgere og politikere om bestemte bygninger eller konflikter, som involverer enkelte unge eller grupper af unge
        Samarbejde og forankring af det kriminalpræventive arbejde";1
"dbb1b318-3c85-11e3-9b27-0050c2490048";"27.25.12";"Individuel kriminalpræventiv indsats, SSP";"Her journaliseres konkrete borgersager vedr. den individuelle kriminalpræventive SSP-indsats, fx:


    
        Bekymringsbreve
        Samtaler og afhøringer";1
"dbb1b318-3c85-11e3-9b2b-0050c2490048";"27.60.14";"Velfærdsteknologiske hjælpemidler";"Emnet dækker sager om velfærdsteknologiske hjælpemidler, teknologiske hjælpemidler og hjælpemiddelteknologi.
        Konkrete sager om bevilling af et hjælpemiddel journaliseres under øvrige relevante emner i gruppen.
        
    


Henvisning til andre relevante emner:


    
        Sager om telemedicin, se emnenr. 29.70.20 
        Sager om telesundhed, se emnenr. 29.70.10";1
"dbb1b318-3c85-11e3-9b2f-0050c2490048";"28.77";"Betaling for dag-, fritids- og klubtilbud mv.";"Gruppen er til sager vedr. betalinger for dag-, fritids- og klubtilbud
        
    


Historik


    
        Gruppen har tidligere fungeret som en gruppe forbeholdt fagsystemer, som såkaldt fagsystem-gruppe
        Pr. nov 2021 er gruppen gjort tilgængelig for alle it-systemer
        Pr. maj 2022 er gruppe overgået til at være almindelig KLE-gruppe (fagsystem-gruppe termen er derfor fjernet fra titlen)";1
"dbb1b318-3c85-11e3-9b30-0050c2490048";"28.77.00";"Betaling for dag-, fritids- og klubtilbud mv. i almindelighed";"Emnet dækker sager vedr. betalinger for dag-, fritids- og klubtilbud, der med lige god ret kan placeres under to eller flere emner i gruppen
        
    


Historik


    
        Emnet har tidligere fungeret som et emne forbeholdt fagsystemer, som såkaldt fagsystem-emne
        Pr. nov 2021 er emnet gjort tilgængelig for alle it-systemer
        Pr. maj 2022 er emnet overgået til at være almindeligt KLE-emne (fagsystem-emne term derfor fjernet fra titel)";1
"dbb1b318-3c85-11e3-9b31-0050c2490048";"28.77.04";"Forældrebetaling for dag-, fritids- og klubtilbud mv.";"Emnet dækker bl.a. sager om:


    
        Forældrebetaling for dagtilbud
        Forældrebetaling for fritidstilbud
        Forældrebetaling for klubtilbud
        Tilskud til dagtilbud
        Søskendetilskud
        Tilskud til privatinstitutioner, administrationstilskud til selvejende daginstitutioner, mv.
        
    


Historik


    
        Emnet har tidligere fungeret som et emne forbeholdt fagsystemer, som såkaldt fagsystem-emne
        Pr. nov 2021 er emnet gjort tilgængelig for alle systemer
        Pr. maj 2022 er emnet overgået til at være almindeligt KLE-emne
        Maj 2022 titel rettet fra: Egenbetaling for dag-, fritids- og klubtilbud m.v, betaler [fagsystem-emne]
        Følgende emner har tidligere vedrørt forældrebetaling 28.09.44 Forældrebetaling for dagtilbud, 28.12.32 Tilskud til fritidshjem og forældrebetaling, 28.15.20 Tilskud til klubtilbud og forældrebetaling";1
"dbb1b318-3c85-11e3-9b32-0050c2490048";"28.77.08";"Økonomisk fripladstilskud";"Emnet dækker bl.a. sager om:


    
        Fripladstilskud (økonomisk)
        Friplads til børn i privat dagpleje
        
    


Henvisning til relevante facetter:


    
        Konkrete sager om fripladstilskud tilføjes facet Ø47
        
    


Historik


    
        Emnet har tidligere fungeret som et emne forbeholdt fagsystemer, som såkaldt fagsystem-emne
        Pr. nov 2021 er emnet gjort tilgængelig for alle systemer
        Pr. maj 2022 er emnet overgået til at være almindeligt KLE-emne (fagsystem-emne term derfor fjernet fra titel)";1
"dbb1b318-3c85-11e3-9b33-0050c2490048";"28.77.12";"Socialpædagogisk fripladstilskud";"Emnet dækker bl.a. sager om:


    
        Socialpædagogisk fripladstilskud
        
    
    


Historik


    
        Emnet har tidligere fungeret som et emne forbeholdt fagsystemer, som såkaldt fagsystem-emne
        Pr. nov 2021 er emnet gjort tilgængelig for alle systemer
        Pr. maj 2022 er emnet overgået til at være almindeligt KLE-emne (fagsystem-emne term derfor fjernet fra titel)
        Socialpædagogisk fripladstilskud har før maj 2022 henvist til 28.09.48 Fripladstilskud i dagtilbud";1
"dbb1b318-3c85-11e3-9b37-0050c2490048";"29";"Sundhed";"Hovedgruppe 29 omfatter bl.a. sager, der administreres/behandles i henhold til følgende lovgivning:


    
        BEK om adgang til kommunale og regionale sundhedsydelser, der ikke er sygehusbehandling, til personer fra andre EU/EØS-lande, Færøerne og Grønland
        BEK om sterilisation og kastration
        BEK om Udbetaling Danmarks opgaver vedrørende international social sikring
        BEK om valg og skift af alment praktiserende læge og om behandling hos læge i praksissektoren
        BEK om valgfri indplacering i sikringsgrupper, udstedelse af sundhedskort, EU-sygesikringskort m.v.
        BEK af udlændingeloven
        LBK om euforiserende stoffer
        LBK om klage- og erstatningsadgang inden for sundhedsvæsenet
        LBK om regionernes finansiering
        Lov om ændring af sundhedsloven (Hjælperordninger til personer med kronisk respirationsinsufficiens)
        LBK om klage- og erstatningsadgang inden for sundhedsvæsenet
        Retssikkerhedsloven
        BEK af Sundhedsloven
        BEK om befordring eller befordringsgodtgørelse efter sundhedsloven
        BEK om forebyggende sundhedsydelser for børn og unge
        BEK om genoptræningsplaner og om patienters valg af genoptræningstilbud efter udskrivning fra sygehus
        BEK om hjemmesygepleje
        BEK om indberetning af lægelig stofmisbrugsbehandling og indsats mod hepatitis C blandt stofmisbrugere
        BEK om indretning og drift af medicindepoter
        BEK om kommunernes indberetning af stofmisbrugsbehandling til Sundhedsstyrelsen
        BEK om planlægning af sundhedsberedskabet
        BEK om rapportering af utilsigtede hændelser i sundhedsvæsenet m.v.
        BEK om sundhedskoordinationsudvalg og sundhedsaftaler
        BEK om tandpleje (TandplejeBEKn)
        BEK om tilskud til fodbehandling i praksissektoren (FodterapeutBEKn)
        BEK om tilskud til fysioterapi hos fysioterapeut i praksissektoren og vederlagsfri fysioterapi hos fysioterapeut i praksissektoren og i kommunen";1
"dbb1b318-3c85-11e3-9b38-0050c2490048";"29.24.12";"Stofindtagelsesrum";"Emnet dækker sager om oprettelse og drift af kommunale stofindtagelsesrum og stofindtagelsesrum drevet af selvejende institutioner med driftsoverenskomst med kommunen";1
"dbb1b318-3c85-11e3-9b39-0050c2490048";"30";"Andre myndigheders opgaver";"Hovedgruppe 30 dækker primært opgaver, der ligger uden for kommunens myndighedsområde, og anvendes i de tilfælde, hvor kommunen fx er høringspart eller på eget initiativ afgiver udtalelse uden for kommunens kompetenceområde. Hovedgruppen beskriver derfor ikke alle statslige og regionale opgaveområder, men kun dem, hvor kommunen kan indgå som part. I forbindelse med kredsråd, domsmandslister og postbetjening, har kommuner dog konkrete opgaver, der journaliseres i denne hovedgruppe. 

Hovedgruppe 30 omfatter bl.a. sager, der administreres/behandles i henhold til følgende lovgivning:


    
        LBK om dansk indfødsret
        LBK om rettens pleje (Retsplejeloven)
        Postlov
        Hjemmeværnsloven
        Statsforvaltningsloven
        BEK om grundlister
        BEK af udlændingeloven";1
"dbb1b318-3c85-11e3-9b3a-0050c2490048";"32";"Kontante ydelser";"Hovedgruppen dækker sager om kontante ydelser. ’Kontante ydelser’ defineres her som: 


    
        kommunal opgave hvor der træffes afgørelse om udbetaling af et pengebeløb, som enten finansieres af kommunen, eller som kommunen administrerer på vegne af andre
        
    


Kontante ydelser anvendes som overordnet begreb, der også dækker opgaver, hvor ordet ’ydelse’ ikke direkte indgår, som fx : hjælp til udgifter, boligsikring, børnetilskud, bidrag, udbetaling af sygedagpenge. 

Kontante ydelser kan godt forekomme i andre hovedgrupper, dog kun i de tilfælde, hvor udbetaling af et pengebeløb er afledt af den primære opgave. Et eksempel er ansættelse med løntilskud: Her er det ansættelsen, der er den primære opgave, hvor tilskuddet følger af ansættelsen.

Hovedgruppen omfatter bl.a. sager, der administreres/behandles i henhold til følgende lovgivning:


    
        LBK om aktiv socialpolitik (Aktivloven)
        LBK om arbejdsskadesikring (Arbejdsskadesikringsloven)
        LBK om delpension
        LBK om en børne- og ungeydelse
        LBK om børns forsørgelse (Børnebidragsloven)
        LBK om fleksydelse
        LBK om friplejeboliger (Friplejeboligloven)
        LBK om individuel boligstøtte (Boligstøtteloven)
        LBK om integration af udlændinge i Danmark (Integrationsloven)
        LBK om opkrævning af underholdsbidrag (Bidragsopkrævningsloven)
        LBK om retssikkerhed og administration på det sociale område (Retssikkerhedsloven)
        LBK om social pension (Pensionsloven)
        LBK om social service (Serviceloven)
        BEK af sundhedsloven (Sundhedsloven)
        LBK om boliger for ældre og personer med handicap (Ældreboligloven)
        BEK af repatrieringsloven (Repatrieringsloven)
        Lov om ret til orlov og dagpenge ved barsel (Barselsloven)
        Lov om dag-, fritids- og klubtilbud m.v. til børn og unge (Dagtilbudsloven)
        Lov om skifte af dødsboer (Dødsboskifteloven)
        Lov om sygedagpenge (Sygedagpengeloven)
        LBK af Udbetaling Danmark (Udbetaling Danmark-loven)
        BEK om ansøgning om kontant og skattefri udbetaling af fleksydelsesbidrag og kommunernes vejledning
        BEK om beregning og udbetaling af begravelseshjælp efter sundhedsloven
        BEK om betingelserne for og fremgangsmåden ved udbetaling af reintegrationsbistand
        BEK om delpension (Delpensionsbekendtgørelsen)
        BEK om Den Supplerende Arbejdsmarkedspension for Førtidspensionister
        BEK om efterlevelseshjælp
        BEK om fleksydelse
        BEK om nødvendige merudgifter ved den daglige livsførelse
        BEK om ret til barseldagpenge
        LBK om sygedagpenge
        BEK om sygedagpenge til søfarende
        BEK om særlig støtte efter § 34 i lov om aktiv socialpolitik
        BEK om udbetaling af visse kontantydelser til sikrede
        BEK om vurdering af nedsat funktionsevne som grundlag for tildeling af handicapkompenserende ydelser (Funktionsevnebekendtgørelsen)
        BEK om ydelser efter lov om social service under midlertidige ophold i udlandet
        BEK om tilskud til pasning af børn med handicap eller langvarig sygdom
        BEK om beregning af og fradrag i ledighedsydelsen samt varsling af ferie med ledighedsydelse
        BEK om højeste, mellemste, forhøjet almindelig og almindelig førtidspension m.v.
        BEK om kommunalbestyrelsens og Udbetaling Danmarks opkrævning af tilbagebetalingskrav efter lov om social service, lov om social pension og lov om højeste, mellemste, forhøjet almindelig og almindelig førtidspension m.v.
        BEK om kommuner og regioners samarbejde om sundhedsfaglig rådgivning og vurdering i sager om ressourceforløb, fleksjob, førtidspension m.v.
        BEK om kommunernes opkrævning af tilbagebetalingskrav efter lov om aktiv socialpolitik og § 70 f, stk. 10, i lov om en aktiv beskæftigelsesindsats
        BEK om kommunernes ret til refusion af udgifterne til uddannelseshjælp, kontanthjælp, revalideringsydelse, sygedagpenge, ledighedsydelse og ressourceforløbsydelse til personer, der deltager i tilbud efter lov om en aktiv beskæftigelsesindsats
        BEK om rehabiliteringsplan og rehabiliteringsteamets indstilling om ressourceforløb, fleksjob, førtidspension m.v.
        BEK om seniorførtidspension
        BEK om social pension (Førtidspension og folkepension)
        BEK om sundhedsfaglig rådgivning til brug for sagsbehandlingen i sager om sygedagpenge, kontanthjælp, revalidering m.v.
        BEK om tilskud til sundhedsydelser uden for sygehusvæsenet købt i eller leveret fra andre EU/EØS-lande
        BEK om tilsyn med kommunernes administration af reglerne om rådighed, konsekvenser og sanktioner for personer, der søger om eller får hjælp alene på grund af ledighed
        Gammelførtidspensionsloven
        LBK om en aktiv beskæftigelsesindsats
        LBK om klage- og erstatningsadgang inden for sundhedsvæsenet
        Lov om kontantydelse
        Lov om ændring af lov om aktiv socialpolitik (Midlertidig huslejehjælp)
        Lov om ændring af lov om aktiv socialpolitik, SU-loven, lov om børnetilskud og forskudsvis udbetaling af børnebidrag og forskellige andre love
        Lov om ændring af lov om en aktiv beskæftigelsesindsats, lov om aktiv socialpolitik, lov om social pension og forskellige andre love
        Vejledning om EF-regler om social sikring – Familieydelser
        Vejledning om EF-regler om social sikring - Generel introduktion og fælles regler
        Vejledning om EF-regler om social sikring – Lovvalg";1
"dbb1b318-3c85-11e3-9b3d-0050c2490048";"32.21.14";"Udsættelsestruede lejere og midlertidig huslejehjælp";"Emnet dækker bl.a. sager om:


    
        hjælp til rimeligt begrundede midlertidige huslejeudgifter til en person, der er udsættelsestruet på grund af huslejerestancer,
        herunder administrationsaftale, fastsættelse af en plan for flytning til en mere passende bolig, gældsrådgivning el.lign.
        midlertidigt økonomisk tilskud til husleje i 2026 til de mest udsatte borgere
        kommunalbestyrelsens regnskaber om tildeling af midler fra tilskudspuljen (2026)";1
"dbb1b318-3c85-11e3-9b3e-0050c2490048";"32.21.17";"Tilskud til tandpleje";"Kommunen kan yde tilskud efter § 82a i lov om aktiv socialpolitik til betaling for tandpleje til personer, som modtager ydelser efter lov om aktiv socialpolitik svarende til kontanthjælpsniveau.
        Personer, der modtager revalideringsydelse, ressourceforløbsydelse eller ledighedsydelse, har ret til tilskuddet, hvis de modtager en ydelse svarende til, hvad de ville være berettiget til i kontanthjælp, og opfylder de økonomiske betingelser for at modtage kontanthjælp.
        
    


Emnet har været sat til at udgå november 2017, men på baggrund af henvendelser med ønsker om at bevare emnet, bevares det fortsat som selvstændigt emne.";1
"dbb1b318-3c85-11e3-9b3f-0050c2490048";"32.24.05";"Fradrag i kontanthjælp";"Emnet er til sager, hvor kommunen foretager fradrag i hjælpen.
        Fradrag i hjælpen er en periodesanktion, der pålægges, hvis en forseelse løber i en vis tid. En periodesanktion har virkning fra den dag, en person ikke opfylder sin rådighedspligt, og frem til det tidspunkt den pågældende igen opfylder rådighedspligten.
        Emnet afløser emnenr. 15.20.17.";1
"dbb1b318-3c85-11e3-9b40-0050c2490048";"32.24.06";"Nedsættelse af kontanthjælp";"Her journaliseres sager om nedsættelse af hjælpen jf. aktivloven.
        Nedsættelse af hjælpen er en punktsanktion og er en del af sanktionsmulighederne jf. aktivloven. En punktsanktion pålægges, hvis en forseelse ikke løber en vis tid, og pålægges som en nedsættelse af hjælpen med et fast beløb.
        Emnet afløser emnenr. 15.20.14.";1
"dbb1b318-3c85-11e3-9b41-0050c2490048";"32.24.07";"Ophør af kontanthjælp";"Emnet er til sager, hvor kommunen bringer kontanthjælp mv. til ophør.
        Ophør af hjælpen er en periodesanktion, der pålægges, hvis en forseelse løber i en vis tid. En periodesanktion har virkning fra den dag, en person ikke opfylder sin rådighedspligt, og frem til det tidspunkt den pågældende igen opfylder rådighedspligten.
        Emnet afløser emnenr. 15.20.16.";1
"dbb1b318-3c85-11e3-9b42-0050c2490048";"32.24.10";"Kontanthjælp under forrevalidering [udgår 2027]";"Emnet udgår februar 2027, da ordningen om revalidering herunder forrevalidering er ophævet 1. feb. 2026 med L 1750 2025. Emnet opretholdes i en overgangsperiode af hensyn til eksisterende bevillinger.

Oprindelig servicetekst:

Emnet dækker bl.a. sager om:


    
        Kontanthjælp under forrevalidering.
        Advisering af Arbejdsskadestyrelsen ved oprettelse af forrevalideringssag
        
    


Emnet var tidligere et fagsystem-emne, og er fra nov 17 ændret til generelt KLE emne.


    
        Henvisning til andre relevante emner:
        Sager om forrevalidering, se emnenr. 15.17.09";1
"dbb1b318-3c85-11e3-9b43-0050c2490048";"32.24.24";"Supplement til brøkpension";"Emnet dækker sager om supplement til brøkpension.
        Omfattet er personer, der får udbetalt en dansk brøkpension, typisk danskere med mange års ophold i udlandet og udlændinge med få års ophold her i landet - men ikke flygtninge.";1
"dbb1b318-3c85-11e3-9b44-0050c2490048";"32.24.28";"Ressourceforløbsydelse, ressourceforløb [udgår 2029]";"Emnet udgår februar 2029, da ordningen for ressourceforløb er ophævet 1. feb. 2026 med L 1750 2025. Emnet opretholdes i en overgangsperiode af hensyn til eksisterende bevillinger.

Oprindelig servicetekst:


    
        Konkrete sager om ressourceforløbsydelse tilføjes facet G01
        Sager om selve ressourceforløbet, se emnenr. 15.17.22";1
"dbb1b318-3c85-11e3-9b47-0050c2490048";"32.27.05";"Fleksydelse, udbetaling";"Udbetaling Danmark myndighedsopgave pr. 1. maj 2015

Emnet dækker bl.a. sager om:


    
        udbetaling af fleksydelse
        
    


Udbetaling Danmark myndighedsopgave";1
"dbb1b318-3c85-11e3-9b48-0050c2490048";"32.27.10";"Fleksløntilskud";"Emnet dækker bl.a. sager om:


    
        Fleksløntilskud
        Tilbagebetaling af for meget udbetalt flekslønstilskud
        Nedsættelse af flekslønstilskud
        
    


Henvisning til andre relevante emner:


    
        Sager om fleksjob, se emnenr. 15.20.24";1
"dbb1b318-3c85-11e3-9b49-0050c2490048";"32.30.06";"Aftale om arbejdsgiveres ret til refusion af sygedagpenge ved langvarig eller kronisk sygdom";"Emnet dækker sager om aftaler om arbejdsgiverens ret til refusion
        Aftalen skal godkendes af kommunen
        Konkrete aftaler tilføjes facet G01";1
"dbb1b318-3c85-11e3-9b4a-0050c2490048";"32.30.07";"Aftale om ret til sygedagpenge for selvstændige erhvervsdrivende ved langvarig eller kronisk sygdom";"Emnet dækker sager om aftaler ml kommunen og selvstændige erhvervsdrivende, om ret til sygedagpenge, ved langvarig eller kronisk sygdom
        Konkrete aftaler tilføjes facet G01";1
"dbb1b318-3c85-11e3-9b4d-0050c2490048";"32.45.10";"Tilbagebetalingskrav - sociale ydelser";"Emnet dækker bl.a. sager hvor kommunen træffer afgørelser om tilbagebetaling efter:


    
        Aktivloven § 32, § 43, § 44a-45, § 91-97
        Barnets lov § 190-191
        Lov om social service § 164
        Lov om social pension
        Dagtilbudsloven § 93
        Lov om højeste, mellemste, forhøjet almindelig og almindelig førtidspension m.v.
        Sygedagpengeloven § 71a-b
        
    


Konkrete afgørelser tilføjes facet Ø30.";1
"dbb1b318-3c85-11e3-9b4e-0050c2490048";"32.64";"Kommunens vejledning og bistand på Udbetaling Danmarks sagsområde";"Ingen beskrivelse";1
"dbb1b318-3c85-11e3-9b4f-0050c2490048";"32.64.00";"Kommunens vejledning og bistand på Udbetaling Danmarks sagsområde i almindelighed";"Ingen beskrivelse";1
"dbb1b318-3c85-11e3-9b50-0050c2490048";"32.64.04";"Kommunens bistand om kontante ydelser og tilskud på Udbetaling Danmarks sagsområde";"Emnet er oprettet til håndtering af kommunens journalnotater vedrørende bistand til borgere efter Udbetaling Danmark lovens § 3, på Udbetaling Danmarks sagsområder. Eksempler er:


    
        Hjælp til ansøgninger til Udbetaling Danmark
        Borgerens medvirken ved behandlingen af sin sag hos Udbetaling Danmark, og
        Varetage kontakten til Udbetaling Danmark på borgerens vegne";1
"dbb1b318-3c85-11e3-9b51-0050c2490048";"54.06.26";"Rammeaftaler på specialundervisningsområdet";"Emnet dækker sager om rammeaftaler for specialundervisning efter folkeskoleloven og lov om specialundervisning.
        Konkrete sager om rammeaftaler tilføjes facet P27.";1
"dbb1b318-3c85-11e3-9b52-0050c2490048";"54.15";"Danskuddannelse til voksne udlændinge m.fl.";"Gruppen dækker sager om uddannelse i dansk som andetsprog (danskuddannelse) efter lov om danskuddannelse til voksne udlændinge m.fl.";1
"dbb1b318-3c85-11e3-9b53-0050c2490048";"54.15.00";"Danskuddannelse til voksne udlændinge m.fl. i almindelighed";"Ingen beskrivelse";1
"dbb1b318-3c85-11e3-9b54-0050c2490048";"54.15.08";"Danskuddannelsernes indhold og tilrettelæggelse";"Emnet er til sager om danskuddannelsernes struktur, indhold og tilrettelæggelse, herunder: 


    
        henvisning
        optagelse og indplacering
        tilrettelæggelse af moduler";1
"dbb1b318-3c85-11e3-9b55-0050c2490048";"54.15.12";"Kursusdeltagere, danskuddannelse";"Emnet dækker bl.a. sager om enkelte kursusdeltageres forhold vedrørende danskuddannelse, fx:


    
        Forlængelse af uddannelsesperioden
        Fravigelse af ugentligt timeloft
        Fravær og udelukkelse på grund af manglende deltagelse eller af andre grunde
        Depositum for danskuddannelse, herunder tilbagebetaling";1
"dbb1b318-3c85-11e3-9b56-0050c2490048";"54.15.20";"Andre integrationsopgaver end danskuddannelse";"Udbyderne kan efter aftale med kommunalbestyrelsen varetage andre integrationsopgaver end danskuddannelse, herunder formidling af praktikforløb og job til kursister.";1
"dbb1b318-3c85-11e3-9b57-0050c2490048";"54.15.28";"Prøveafholdelse ifm. danskuddannelse";"Emnet er til sager om tilrettelæggelse og afholdelse af prøver ifm. danskuddannelsen, herunder medborgerskabsprøver. 
        Emnet dækker også udstedelse af prøve- og kursusbeviser.";1
"dbb1b318-3c85-11e3-9b58-0050c2490048";"54.15.40";"Organisering af danskuddannelse (sprogcentre mv.)";"Danskuddannelserne udbydes af kommunale eller private sprogcentre eller andre offentlige uddannelsesinstitutioner eller uddannelsesinstitutioner godkendt af det offentlige.";1
"dbb1b318-3c85-11e3-9b59-0050c2490048";"54.15.44";"Kursistråd, danskuddannelse";"Kursisterne hos de enkelte udbydere har ret til at danne et kursistråd, som varetager kursisternes fælles interesser i forhold til danskuddannelsesloven.";1
"dbb1b318-3c85-11e3-9b5a-0050c2490048";"54.17";"Kurser og undervisning for udlændinge";"Ingen beskrivelse";1
"dbb1b318-3c85-11e3-9b5b-0050c2490048";"54.17.00";"Kurser og undervisning for udlændinge i almindelighed";"Ingen beskrivelse";1
"dbb1b318-3c85-11e3-9b5e-0050c2490048";"81";"Kommunens personale";"Hovedgruppe 81 dækker sager om personalemæssige administration, herunder personalemæssig administration vedrørende folkevalgte.

Hovedgruppen omfatter bl.a. sager, der administreres/behandles i henhold til følgende lovgivning:


    
        Lov om organisering og understøttelse af beskæftigelsesindsatsen m.v.
        LBK om arbejdsløshedsforsikring m.v.
        LBK om Arbejdsmarkedets Tillægspension (ATP-loven)
        LBK om ferie (Ferieloven)
        LBK om kommunernes styrelse (Kommunestyrelsesloven)
        LBK om lige løn til mænd og kvinder (Ligelønsloven)
        LBK om ligebehandling af mænd og kvinder med hensyn til beskæftigelse m.v.
        LBK om ligestilling af kvinder og mænd (Ligestillingsloven)
        LBK om Lønmodtagernes Dyrtidsfond
        LBK om lønmodtageres retsstilling ved virksomhedsoverdragelse (Virksomhedsoverdragelsesloven)
        LBK om pensioner efter tidligere tjenestemandslove mv.
        LBK om tjenestemandspension (Tjenestemandspensionsloven)
        LBK om tjenestemænd i folkeskolen m.v.
        Lov om brug af helbredsoplysninger mv. på arbejdsmarkedet (Helbredslov)
        Lov om indhentelse af børneattest i forbindelse med ansættelse af personale m.v. (Børneattestloven)
        Lov om offentlighed i forvaltningen (Offentlighedsloven)
        Lov om statens voksenuddannelsesstøtte (SVU-loven)
        BEK om beregning af bidrag til Arbejdsmarkedets Erhvervssygdomssikring
        BEK om dagpengegodtgørelse for 1., 2. og 3. ledighedsdag (G-dage)
        BEK om kompensation til handicappede i erhverv m.v.
        BEK om rejse- og befordringsgodtgørelse
        BEK om tjenestefrihed og lønafkortning for tjenestemænd, der varetager ombud o.l. (Ombudsbekendtgørelsen)
        BEK om tjenestemandspensionsforpligtelser i forbindelse med kommunalreformen
        BEK om valg af forældrerepræsentanter til skolebestyrelser i folkeskolen og om vederlag til forældre- og elevrepræsentanter i skolebestyrelser i folkeskolen (Skolebestyrelsesbekendtgørelsen)
        BEK om vederlag, diæter, pension mv. for varetagelse af kommunale hverv (Vederlagsbekendtgørelsen)
        Ansættelsesbevisloven
        LBK om arbejdsskadesikring (Arbejdsskadesikringsloven) 
        BEK om indhentelse af børneattest ved ansættelse og beskæftigelse af personer i visse tilbud efter lov om social service og i frivillige sociale organisationer
        BEK om organisering og understøttelse af beskæftigelsesindsatsen m.v.
        BEK om uddannelsen til professionsbachelor som pædagog
        Folkeskoleloven
        LBK om Arbejdsgivernes Uddannelsesbidrag
        LBK om arbejdsmarkedsuddannelser m.v.
        LBK om erhvervsuddannelser
        LBK om professionshøjskoler for videregående uddannelser
        LEP-loven
        
    
    


Den personalemæssige administration vedrørende folkevalgte er også omfattet af hovedgruppe 81.";1
"dbb1b318-3c85-11e3-9b65-0050c2490048";"82";"Kommunens ejendomme og lokaler";"Hovedgruppe 82 omfatter bl.a. sager, der administreres/behandles i henhold til følgende lovgivning:


    
        Lov om offentlig byggevirksomhed
        BEK om energimærkning af bygninger
        BEK om offentligt udbud ved salg af kommunens henholdsvis regionens faste ejendomme
        BEK om tilgængelighedsforanstaltninger i forbindelse med ombygninger i eksisterende byggeri
        BEK om anvendelse af informations- og kommunikationsteknologi (IKT) i offentligt byggeri
        BEK om kvalitet, OPP og totaløkonomi i offentligt byggeri
        LBK om elforsyning
        Sundhedsloven";1
"dbb1b318-3c85-11e3-9b6b-0050c2490048";"83";"Kommunens driftsmidler og inventar";"Hovedgruppen har tidligere været annonceret til udfasning i 2013, med hovedgruppe 88 Udbud som afløser. Nogle brugere har imidlertid ønsket gruppen opretholdt af hensyn til håndtering af sager om indkøbte driftsmidler og inventar. KLE Redaktionen arbejder på en model for udvidelse af KLE til brug som et varekatalog i økonomisystemer, hvor et emne bliver lig med en varelinje ifm. indkøb. I den forbindelse vurderes også sammenhængen til nuværende hovedgruppe 83.

Hovedgruppen omfatter bl.a. sager, der administreres/behandles i henhold til følgende lovgivning:


    
        LBK om social service (Serviceloven)
        BEK af søloven (Søloven)
        Bekendtgørelse om medielicens
        BEK om indretning og udstyr for traktorer og motorredskaber mv. (Traktorbekendtgørelsen)
        BEK om indretning m.v. af elevatorer";1
"dbb1b318-3c85-11e3-9b6c-0050c2490048";"84";"Offentlige valg";"Udfasningen af hovedgruppe 84 er foreløbigt sat i bero indtil der på et senere tidspunkt oprettes en ny hovedgruppe under søjlen 'kommunens virksomhed' (hovedgruppe 01-79).

Oprindelig servicetekst: 

Hovedgruppe 84 dækker sager, hvor der er tale om et direkte valg af borgere og/eller brugere. Med direkte valg menes, at der finder en opstilling sted og en valghandling med afgivelse af stemme på stemmesedler mv.

Er der derimod tale om konstituering, nedsættelse, oprettelse eller udpegning anvendes facetten A30, kombineret med relevant emne. Skal kommunen eksempelvis udpege en kommunal repræsentant i en boligforening er der ikke tale om en valghandling. Derfor journaliseres sagen med emnenr. 03.02.00 + facet A30. Drejer sagen sig derimod om, hvem der er valgt til boligforeningens bestyrelse, bruges i stedet facet A08, og det færdige emnenr. vil være 03.02.00 + facet A08.

Hovedgruppe 84 omfatter bl.a. sager, der administreres/behandles i henhold til følgende lovgivning:


    
        LBK om folkeskolen (Folkeskoleloven)
        LBK om kommunale og regionale valg (Kommunal- og regionalvalgloven)
        LBK om retssikkerhed og administration på det sociale område (Retssikkerhedsloven)
        LBK om støtte til folkeoplysende voksenundervisning, frivilligt folkeoplysende foreningsarbejde og daghøjskoler samt om Folkeuniversitetet (Folkeoplysningsloven)
        LBK om valg til Folketinget (Folketingsvalgloven)
        LBK om valg til menighedsråd (Menighedsrådsvalgloven)
        BEK om valg af forældrerepræsentanter til skolebestyrelser i folkeskolen og om vederlag til forældre- og elevrepræsentanter i skolebestyrelser i folkeskolen (Skolebestyrelsesbekendtgørelsen)
        Partistøtteloven
        BEK om optagelse på valglisten til kommunale og regionale valg af statsborgere i en af de øvrige medlemsstater i Den Europæiske Union registreret i Udenrigsministeriets protokol (EU-diplomater)
        BEK om stemmesedler til brug ved kommunale og regionale valg
        Europa-parlamentsvalgloven
        BEK om optagelse på valglisten til Europa-Parlamentsvalg af statsborgere i en af de øvrige medlemsstater i Den Europæiske Union registreret i Udenrigsministeriets protokol (EU-diplomater)
        
    
    


I gruppenumrene under hovedgruppe 84 journaliseres sager, hvor der er tale om et direkte valg af borgere og/eller brugere. Med direkte valg menes, at der finder en opstilling sted og en valghandling med afgivelse af stemme på stemmesedler mv.

Er der derimod tale om konstituering, nedsættelse, oprettelse, udpegning anvendes facetten A30, kombineret med relevant emne. Skal kommunen eksempelvis udpege en kommunal repræsentant i en boligforening er der ikke tale om en valghandling. Derfor journaliseres sagen med med emnenr. 03.02.00 + facet A30. Drejer sagen sig derimod om, hvem der er valgt til boligforeningens bestyrelse, bruges i stedet facet A08, og det færdige emnenummer vil være 03.02.00 + facet A08.";1
"dbb1b318-3c85-11e3-9b6f-0050c2490048";"85";"Kommunens administrative systemer";"Hovedgruppe 85 omfatter bl.a. sager, der administreres/behandles i henhold til følgende lovgivning:


    
        BEK af arkivloven (Arkivloven)
        Lov om behandling af personoplysninger (Persondataloven)
        LBK om elektroniske kommunikationsnet og -tjenester
        Lov om offentlige betalinger m.v.
        Lov om offentlighed i forvaltningen (Offentlighedsloven)
        BEK om arkiveringsversioner
        BEK om bevaring og kassation af arkivalier i kommunerne
        BEK om elektronisk afregning med offentlige myndigheder
        Lov om ændring af forskellige lovbestemmelser om ansøgninger, anmeldelser, anmodninger, meddelelser og erklæringer til offentlige myndigheder
        BEK om offentlige arkivalier og om offentlige arkivers virksomhed (Arkivbekendtgørelsen)
        BEK om sikkerhedsforanstaltninger til beskyttelse af personoplysninger, som behandles for den offentlige forvaltning
        Ombudsmandens Beretning: Utilstrækkelige søgemuligheder i journalsystem
        BEK om offentlige afsendere i Offentlig Digital Post
        BEK om standarder for it-anvendelsen i sundhedsvæsenet
        Bekendtgørelse af lov om retssikkerhed og administration på det sociale område
        BEK om vederlag for opbevaring af kommunale arkivalier i Statens Arkiver
        Cookiebekendtgørelsen
        Forældelsesloven
        Lov om ændring af forskellige lovbestemmelser om ansøgninger, anmeldelser, anmodninger, meddelelser og erklæringer til offentlige myndigheder";1
"dbb1b318-3c85-11e3-9b71-0050c2490048";"85.13";"Grundlaget for digitalisering";"Gruppen dækker den forberedende del af arbejdet med digitalisering, samt overgangen fra analog sagsbehandling til digital sagsbehandling. Fx de forskellige trin frem imod en konkret IT-løsning, eller udvikling af en ny IT løsning.
        Initiativer igangsat med udgangspunkt i nationale digitaliseringsindsatser, journaliseres også her.
        Ligeledes kan gruppen anvendes til det politisk strategiske arbejde med digitalisering, både vedr. kommunens forhold, og i relevante samarbejder nationalt m.v.
        Digitaliseringsstrategier og projekter har før aug 2013 været placeret under gruppe 85.11.";1
"dbb1b318-3c85-11e3-9b72-0050c2490048";"85.13.00";"Grundlaget for digitalisering i almindelighed";"Emnet dækker bl.a. sager om:


    
        den forberedende / indledende del af arbejdet med digitalisering. Det kan være projektideer, strategier, projekter, notater.
        kunstig intelligens projekter fx i beskæftigelsesindsatsen
         

    


Henvisning til andre relevante emner:


    
        Konkrete udviklingsprojekter af it-systemer, se gruppe 85.11 og 85.11.20 It-værktøjer";1
"dbb1b318-3c85-11e3-9b73-0050c2490048";"85.13.05";"It-normsætning og standardisering";"Emnet dækker bl.a. sager om anvendelse og implementering af standarder i it-løsninger/digitalisering af arbejdsgange.";1
"dbb1b318-3c85-11e3-9b75-0050c2490048";"86";"Kommunens selvforsyning og fremstillingsvirksomhed";"Hovedgruppe 86 vedrører opgaver, hvor kommunen har selvforsyning frem for at lade andre løse opgaven. Producerer man og sælger til andre, bruges gruppe 24.15. Dette gælder også salg af knowhow.

Hovedgruppe 86 omfatter bl.a. sager, der administreres/behandles i henhold til følgende lovgivning:


    
        Lov om pligtaflevering af offentliggjort materiale (Pligtafleveringsloven)";1
"dbb1b318-3c85-11e3-9b76-0050c2490048";"87";"Kommunens arbejdsmiljø";"Hovedgruppe 87 omfatter bl.a. sager, der administreres/behandles i henhold til følgende lovgivning:


    
        LBK om arbejdsmiljø (Arbejdsmiljøloven)
        Lov om røgfri miljøer
        BEK om anvendelse af tekniske hjælpemidler
        BEK om arbejdets udførelse
        BEK om faste arbejdssteders indretning
        BEK om samarbejde om sikkerhed og sundhed
        BEK om unges arbejde (Ungebekendtgørelsen)
        BEK om anerkendt arbejdsmiljøcertifikat opnået gennem certificering af virksomheders arbejdsmiljøledelsessystem
        Lov om ændring af lov om arbejdsmiljø og om ophævelse af lov om arbejdsmiljøcertifikat til virksomheder";1
"dbb1b318-3c85-11e3-9b77-0050c2490048";"88";"Kommunens indkøb og udbud";"Hovedgruppe 88 omfatter bl.a. sager, der administreres/behandles i henhold til følgende lovgivning:


    
        LBK om indhentning af tilbud på visse offentlige og offentligt støttede kontrakter (Tilbudsloven)
        Bekendtgørelse af lov om Klagenævnet for Udbud
        BEK om fremgangsmåderne ved indgåelse af kontrakter inden for vand- og energiforsyning, transport samt posttjenester
        Udbudsloven
        
    


Vejledning til brug:


    
        Formålet med opbygningen af udbudsgruppen er, at den understøtter dokumentationen ifm. de forskellige typer af indkøb, og de trin kommunen skal igennem i en udbudsproces. 
        Genstanden for udbuddet (hvad udbuddet omhandler) tilføjes i sagstitlen.
        Konkrete udbudssager tilføjes facet G01.
        Når kontrakt indgås med leverandøren, og udbudsprocessen er gennemført, journaliseres selve kontrakten/driftssagen på relevant emne i KLE.
        Kontrakten/driftssagen tilføjes facet Ø54.
        (Hovedgruppe 88-emnerne erstatter tidligere facet Ø22)
        
    


Registreringen af varetypen kan i stedet ske ved brug af standardiserede varekataloger, som fx CPV, eller anden logik, som man lokalt aftaler at bruge.";1
"dbb1b318-3c85-11e3-9b78-0050c2490048";"88.04.28";"Offentlig Private Partnerskaber (OPP), bygge- og anlægsarbejder";"Ingen beskrivelse";1
"dbb1b318-3c85-11e3-9b7a-0050c2490048";"88.20.14";"SKI miniudbud";"Ved miniudbud konkurrenceudsætter kommunen sit indkøb blandt alle relevante leverandører på rammeaftalen, ud fra de under- og delkriterier, der fremgår af aftalen.";1
"dbb29328-e150-11e6-bf01-fe55135034f3";"09.20.15";"Maskinværksteder - anmeldelse mv.";"Emnet dækker sager om anmeldelse af etablering, udvidelse, ændring og om drift af virksomheder, der forarbejder emner af jern, stål eller andre metaller";1
"dbdcdb7d-d626-11ea-8d2e-0050c2490048";"23.25.15";"Ret til berigtigelse";"Emnet dækker sager om:


    
        Ret til berigtigelse.
        Datatilsynet anbefaler at berigtigelser, i form af tilføjelser, skal ske i så nær tilknytning til de urigtige personoplysninger som muligt (da myndigheder ikke bare må ændre eller fjerne oplysninger), så det er nemt for fremtidige sagsbehandlere mv. at se, at oplysningerne er blevet berigtiget.
        I eksemplerne i Datatilsynets 'Vejledning om de registreredes rettigheder' tilføjes berigtigelser i selve den sag oplysningerne indgår i.
        Emnet her giver mulighed for at håndtere behandlingen særskilt fx af hensyn til opgørelser/statistik.
        Emnet dækker også pligten til at underrette tredjemand i tilfælde af videregivelse.
        
    


Historik


    
        Emnet er flyttet fra 85.09.15 pr. august 2020.";1
"dbdcdb7d-d626-11ea-8d2f-0050c2490048";"23.25.20";"Ret til sletning";"Emnet dækker sager om:


    
        Konkrete henvendelser om ret til sletning.
        For offentlige myndigheder gælder forskellige undtagelser for retten til sletning, bl.a. hvis andre regler gør, at du ikke må slette dem.
        Et alternativ til sletning kan være, at oplysningerne overføres til arkiv i overensstemmelse med reglerne i arkivloven.
        
    


Henvisning til andre relevante emner:


    
        Sager om sletningsrutiner, procedurer for sletning i it-systemer, beslutning om sletning o.lign. se 85.08.25 Sletning af personhenførbare data.
        Slettefrister indgår i fortegnelser, se 85.10.12.
        
    


Historik


    
        Emnet er flyttet fra 85.09.20 pr. august 2020.";1
"dbdcdb7d-d626-11ea-8d30-0050c2490048";"23.25.25";"Ret til begrænsning af behandling";"Emnet dækker sager om:


    
        Ret til begrænsning af behandling.
        Begrænsning af behandling defineres som mærkning af opbevarede personoplysninger med den hensigt at begrænse fremtidig behandling af disse oplysninger.
        
    


Historik:


    
        Emnet er flyttet fra 85.09.25 pr. august 2020.";1
"dbdcdb7d-d626-11ea-8d31-0050c2490048";"23.25.30";"Ret til dataportabilitet";"Emnet dækker bl.a.:


    
        Sager om ret til dataportabilitet.
        
    


Historik:


    
        Emnet er flyttet fra 85.09.30 pr. august 2020.";1
"dbdcdb7d-d626-11ea-8d32-0050c2490048";"23.25.35";"Ret til indsigelse";"Emnet dækker bl.a.:


    
        Indsigelse mod behandling af sine personoplysninger.
        
    


Historik:


    
        Emnet er flyttet fra 85.09.35 pr. august 2020.";1
"dbfaaf1e-3de2-4772-92cf-eb67114a5d04";"83.34.00";"Kunst i almindelighed";"Ingen beskrivelse";1
"dc08da1f-0671-4651-bf07-e94dc06a5425";"03.02.00";"Almene boliger, nybyggeri og renovering i almindelighed";"Emnet dækker bl.a. sager om:


    
        Årlige opgørelser over antallet af ledige almene familie- og ungdomsboliger og boliger i selvejende ungdomsboliginstitutioner, som er opført med offentlig støtte, og som medfører lejetab.";1
"dc0bbb27-33be-4b9e-b49b-96cbcac48f40";"14.06.07";"Hjælpestationer";"Emnet dækker sager om beredskabslokaliteter i form af hjælpestationer.";1
"dc17da41-0fcf-4f4b-84ae-533d80d62c89";"04.10.20";"Hærværk i skove";"Ingen beskrivelse";1
"dc4c8a8d-d0d1-11ee-88c1-0050c2490048";"34.45.45";"Praktisk, pædagogisk eller anden støtte i hjemmet, børn og unge";"Emnet er til sager, hvor kommunen tilbyder personlig hjælp og pleje efter SEL § 83 i medfør af barnets lov § 90 til børn og unge med nedsat fysisk eller psykisk funktionsevne eller særlige sociale problemer.";1
"dc4c8a8d-d0d1-11ee-88c2-0050c2490048";"34.45.50";"Aflastningsordninger, børn og unge";"Emnet er til sager, hvor kommunen tilbyder afløsning eller aflastning til forældre eller andre nære pårørende, der passer børn eller unge med nedsat fysisk eller psykisk funktionsevne.";1
"dc4c8a8d-d0d1-11ee-88c3-0050c2490048";"34.45.55";"Vedligeholdelsestræning, børn og unge";"Emnet dækker sager om:


    
        Vedligeholdelsestræning til børn efter SEL § 86, stk. 2 i medfør af barnets lov § 90.
        Vedligeholdelsestræning kan fx være ergoterapi, fysioterapi, sansemotorisk træning og svømning.";1
"dc53858b-be2d-4687-86a1-23cdc7a270c8";"54.06.20";"Bestyrelse for undervisningsinstitutioner, opbygning af";"Kommunalbestyrelsen nedsætter for hver undervisningsinstitution en bestyrelse.
        Sager om nedsættelse tilføjes facet A30.
        Mødereferater fra bestyrelsesmøder journaliseres under emnenr. 54.06.00 med facet P35.";1
"dc585bf5-ebbb-4453-98ac-460f9e5811e4";"03.09.12";"Forhåndsgodkendelse, lejeforhold mv. i private boliger";"Emnet dækker bl.a. sager om Huslejenævnets forhåndsgodkendelse af:


    
        leje i ejer- og andelsboliger
        leje og lejeforhøjelse i forbindelse med forbedringer, herunder også gennemgribende modernisering og bytte 
        lejeforhøjelser, som følge af projekterede forbedringsarbejder
        størrelsen af den leje, der lovligt vil kunne opkræves, inden ombygning iværksættes.
        
    


Henvisning til relevante facetter:


    
        Afgørelse om forhåndsgodkendelse tilføjes G01
        
    


Tidligere lovreference:


    
        Lejeloven § 59a-59b (LBK 2019-09-04 nr. 927)
        Boligreguleringsloven § 25e-25f (LBK 2019-09-04 nr 929)";1
"dc7e6dde-ca4e-4c9b-b07c-09607862ef62";"07.18.22";"Bygge- og anlægsaffald fra private, genanvendelse mv.";"Emnet dækker bl.a. sager om:


    
        ordning for bygge- og anlægsaffald
        håndtering af bygge- og anlægsaffald til materialenyttiggørelse
        aftale med en virksomhed om håndtering af bygge- og anlægsaffald
        sortering af bygge- og anlægsaffald med henblik på genanvendelse
        fastsættelse af ordninger for genanvendeligt og uforurenet bygge- og anlægsaffald fra private
        
    


Henvisning til andre relevante emner:


    
        Sager om regulativer journaliseres under emnenr. 07.00.03
        Sager om godkendelser efter miljøbeskyttelsesloven journaliseres under gruppe 09.02
        Tilladelser efter miljøbeskyttelseslovens § 19 journaliseres under emnenr. 09.08.26";1
"dc847ddc-dc5e-4217-bd8e-bd39707dba9d";"02.00.20";"Ejendomsregistrering";"Emnet dækker bl.a. sager om:


    
        sikring af den fornødne entydighed og kvalitet i registreringen af bygnings- og boligforhold samt tekniske anlæg m.v.
        ejendomsoplysninger (skemaer til BBR).
        kommunens dokumentation vedrørende registreringer i Ejerfortegnelsen (EJF).
        Emnet er endvidere også til sager, hvor kommunen forespørges og afgiver registrerede ejendomsoplysninger i forbindelse med ejendomshandler (det grønne ejendomsskema).";1
"dc96e392-eb33-423e-adeb-29b300143a18";"07.04.11";"Vedligeholdelse af affaldsbehandlingsanlæg";"Ingen beskrivelse";1
"dca8f6e6-a43e-4568-83f2-ff4dcec818f9";"27.69.16";"Modtager refusion, har handleforpligtigelse";"Emnet dækker bl.a. sager: 


    
        Hvor handlekommunen modtager refusion fra den tidligere handlekommune, og den nye handlekommune har handleforpligtigelse efter serviceloven
        Hvor den tidligere handlekommune har delegeret sin handleforpligtigelse efter serviceloven til den nye handlekommune";1
"dcaf3626-5658-4182-888b-f3ee59d9513b";"81.22.00";"Pension, personale i almindelighed";"Ingen beskrivelse";1
"dcb3f8be-9147-442a-8bde-0f1d38f99f04";"20.01.10";"Små storbyteatre";"Ingen beskrivelse";1
"dcbe3af2-3a70-4f5c-9089-92209faa660e";"83.00.00";"Kommunens driftsmidler og inventar i almindelighed";"Emnet dækker bl.a. sager, der med lige god ret kan placeres i to / flere grupper, eller går på tværs af flere grupper i hovedgruppe 83.";1
"dccdece1-ceee-4132-a189-ccab1aa0ff44";"88.12.12";"Koncessionskontrakter om offentlige bygge- og anlægsarbejder";"Emnet dækker sager om koncessionskontrakter om offentlige bygge- og anlægsarbejder, der indgås af de ordregivende myndigheder, når kontrakternes værdi er lig med eller højere end en vis tærskel.";1
"dcd46453-5c40-4efa-9156-cc96a5ab6cf1";"81.17";"Tjenestemandslån";"Ingen beskrivelse";1
"dce056e6-47b6-11e3-a14a-0050c2490048";"09.00.12";"Miljøtilsynsplaner";"Emnet dækker bl.a. sager om:


    
        miljøtilsynsplaner
        tilsynsplanlægning
        tilsynsfrekvenser
        
    


Konkrete miljøtilsynsplaner tilføjes facet P15.";1
"dce1d624-0247-4381-9434-957c14cdfd9a";"05.09.00";"Parkering i almindelighed";"Lokale parkeringsbekendtgørelser udarbejdet af kommunen, journaliseres med facet P21";1
"dcf5bfdb-ef6d-4dc5-a011-6d615274b1f8";"15.00";"Organisering og understøttelse af beskæftigelsesindsatsen";"Ingen beskrivelse";1
"dcf6f562-6ddd-4077-abdf-67c581e6d1e2";"13.07.00";"Udlejning af kommunens ejendomme i almindelighed";"Udlejer kommunen lejligheder til andet end erhverv eller beboelse, journaliseres det på dette emne.
        Udlejer kommunen lejligheder til erhverv og beboelse, journaliseres det på de øvrige emner i denne gruppe.";1
"dd21bb00-181c-4c9d-80d8-6a80ec72fec7";"13.02.03";"Drift af almene vandværker";"Dækker sager vedrørende drift af almene vandværker. Fx sager om:


    
        drifts- og anlægsbidrag
        passagebidrag
        godkendelse af almene vandforsyningsanlægs regulativer
        tilsyn med indretning og drift
        vandforsyningens risikovurdering efter § 4 i BEK om kvalitetssikring
        vandforsyningens risikostyring § 5 i BEK om kvalitetssikring
        underretning til kommunalbestyrelsen, gennemført risikovurdering og risikostyring";1
"dd7365cc-0b2f-4230-8c5a-74c73ec98d57";"06.20";"Offentlige toiletter";"Ingen beskrivelse";1
"dd8ec954-2f2d-4e51-b15d-c25dd1075352";"87.20.00";"Røg- og nikotinfri miljøer i almindelighed";"Emnet dækker sager om røg- og nikotinfri miljøer. Det kan fx være sager om:


    
        fastsættelse af rygepolitik
        indretning af rygerum mv";1
"dd9cf85f-fd6a-4338-ab03-66b1ce396b74";"08.02.06";"Uddybning af havnebassiner og sejlløb mv.";"Ingen beskrivelse";1
"ddabf398-0325-49cc-933b-c0ad24ec86a6";"83.12.00";"Flydende materiel mv. i almindelighed";"Ingen beskrivelse";1
"ddb49ec6-5939-4819-b3a2-e3a6be62df8a";"05.13.20";"Kørselsafgifter / trafikbegrænsning";"Emnet er til sager om forskellige former for kørselsafgifter/trafikbegrænsning, hvor biltrafikken begrænses ved hjælp af økonomiske incitamenter, fx i form af bilfrie dage, bompenge, betalingsveje mv.";1
"ddb5eebd-5821-11e8-bc1e-0050c2490048";"15.20.40";"Merudgiftsgodtgørelse";"Emnet dækker bl.a. sager om:


    
        Merudgiftsgodtgørelse
        
    


Henvisning til relevante facetter:


    
        Konkrete sager om tildeling tilføjes facet G01.
        Retningslinjer tilføjes facet P21.
        
    


Henvisning til relevante emner:


    
        Tilbud efter kapitel 11-14, se gruppe 15.18";1
"ddbd6656-139f-4937-a002-3241842f66a3";"09.05";"Beskyttelse af havmiljøet";"Gruppen dækker kommunens opgaver ifm havmiljøloven og tilhørende bekendtgørelser";1
"ddcc66f1-2aaf-4b97-afbc-ad161cbe0df4";"18.10.04";"Særlig tilrettelagt undervisning for unge indvandrere";"Unge indvandrere, der har behov for undervisning i dansk sprog og danske samfundsforhold, skal tilbydes særlig tilrettelagt undervisning.
        Tilbuddet gælder unge, der har opfyldt undervisningspligten, men ikke er fyldt 18 år.
        Se i øvrigt også gruppe 54.17, der dækker kurser og undervisning for udlændinge i henhold til integrationsloven.";1
"de28b25d-925a-4307-92ef-52b46bc07bc3";"32.21.28";"Efterlevelseshjælp";"Udbetaling Danmark myndighedsopgave pr. 1. maj 2015.


    
        Emnet er til sager om efterlevelseshjælp, hvor Udbetaling Danmarks efter ansøgning yder efterlevelseshjælp, hvis ægtefælle eller samlever afgår ved døden.
        De konkrete ansøgninger tilføjes facet G01.
        Gældserklæring til efterlevelseshjælp som lån journaliseres med facet Ø30.";1
"de352b95-1ee8-44d5-8b71-9c1d4c0d546f";"17.02.14";"Vikarordning";"Emnet dækker sager om vikarordninger/dækning. Fx sager om:


    
        vikarordninger for kommunens samlede skolevæsen og/eller for den enkelte skole
        principper for, hvornår en klasse eksempelvis sendes hjem i tilfælde af lærernes fravær.";1
"de3e322b-4278-11e5-90a1-0050c2490048";"32.24.52";"Kontantydelse";"Emnet dækker sager om kontantydelse. 
        Konkrete sager tilføjes G01.";1
"de4162d6-ebce-4055-b1af-5a6fc9242eae";"24.10";"Erhvervsfremme";"Gruppen er til sager om erhvervsfremme i henhold til lov om erhvervsfremme. I henhold til loven kan kommunerne bl.a. iværksætte erhvervsudviklingsaktiviteter og erhvervsserviceaktiviteter.";1
"de435947-e541-42a5-827b-8acde45df5d6";"14.01.17";"Mørklægning, redningsberedskab";"Ingen beskrivelse";1
"de6508c6-0527-49a4-9d92-882c6c8642a5";"81.15.16";"Resultatløn";"Emnenummeret er til sager om resultatløn.
        Her journaliseres også sager om resultatkontrakter kombineret med facet P27.";1
"de6697d4-555a-4311-8b6b-bdc6b8e8cc4b";"54.18.05";"Indstilling og optagelse, STU";"Emnet dækker bl.a. sager om:


    
        Indstilling til og optagelse på en særligt tilrettelagt ungdomsuddannelse
        Fremsættelse af tilbud om ungdomsuddannelsen journaliseres også her
        Anmodning om afbrydelse og genoptagelse af ungdomsuddannelsen efter STU lovens § 8";1
"dea39a36-35ec-4d63-83c1-79aa4d18f0e0";"03.08.00";"Drift, tilsyn og støtte til selvejende ungdomsboliger i almindelighed";"Ingen beskrivelse";1
"dea745eb-34c3-4a0b-b39b-68e760134313";"06.02.16";"Broer, opstemningsanlæg og flodemål mv.";"Emnet er til sager, hvor kommunen som vandløbsmyndighed har sager omkring broer, opstemningsanlæg, flodemål m.m.";1
"defa0461-43fc-47d8-a24c-a0a066613a19";"01.11.00";"Byfornyelse og udvikling af byer i almindelighed";"Ingen beskrivelse";1
"df02fa34-f3ad-46e9-9b84-afa7d0b0a1c9";"81.06.01";"Intern jobrotation";"Ingen beskrivelse";1
"df05c529-ac9a-4131-8ef6-02c05c017429";"09.20.01";"Pelsdyrfarme";"Emnet dækker bl.a. sager om:


    
        Tilladelser ifm indretning og drift af pelsdyrfarme til kødædende pelsdyr";1
"df3de30b-f130-40b3-bab3-5e98df1c7742";"00.03.08";"EU-interessevaretagelse";"Emnet dækker sager om EU-interessevaretagelse. Fx sager om:


    
        høringssvar til ministerier angående EU's udvikling og organisering
        deltagelse i arrangementer om EU politikker mv.";1
"df4599a0-b5ca-4c37-ba07-5227ab9aaf93";"06.00";"Spildevand og vandløb";"Ingen beskrivelse";1
"df497271-5617-4f6d-89f7-b15c1a015e54";"30.10";"Statslige opgaver, udvikling og organisering";"Gruppen dækker de statslige myndigheders opgaver/virksomhed. 

Emnenr. 30.10.37 er pr. 01.07.00 flyttet fra gruppe 09.12, idet staten har overtaget opgaven fra kommunalbestyrelsen.

Enkelte statslige opgaver er fortsat placeret på andre emnenumre. Det gælder eksempelvis emnenr. 17.00.30.";1
"df53ea14-6691-4c75-b116-19b26e99be24";"00.05.15";"Indvielser, rejsegilder";"Ingen beskrivelse";1
"df562f8b-d624-11ea-907a-0050c2490048";"23.25.05";"Oplysningspligt";"Emnet dækker sager om:


    
        Oplysningspligt over for den registrerede, fx når der indsamles oplysninger om den pågældende.
        Oplysningspligt ved indsamling af personoplysninger hos den registrerede.
        Eksempler kan være henvendelser, udarbejdelse af standardtekster, procedurer og tidsfrister.
        
    


Historik:


    
        Emnet er flyttet fra 85.09.00 pr. august 2020.";1
"df635be6-3f4d-11e5-887f-0050c2490048";"84.00.10";"Partistøtte";"Partistøtte efter partistøtteloven tilføjes facet Ø40.";1
"df734a07-5e41-4bd3-a4b0-1528c51208bd";"27.12.12";"Handleplaner, voksne";"Emnet er til sager hvor kommunen udarbejder en skriftlig plan for indsatsen for voksne, fx:


    
        Personer med betydelig nedsat fysisk eller psykisk funktionsevne eller personer med alvorligt sociale problemer efter §141 i serviceloven
        Personer over 18 år, der risikerer at blive eller er udsat for en alvorlig æresrelateret konflikt efter § 12a i serviceloven
        Handleplan for personer, der har ophold i en boform efter § 110
        
    


Henvisning til andre relevante emner:


    
        Samarbejdsaftale mellem kriminalforsorgen og kommunen, se emnenr. 27.12.34";1
"dfa7a869-d33b-4240-b017-c6e9b30071e1";"21.05";"AV-materialer";"Ingen beskrivelse";1
"dfcd2bf3-4b13-4eb6-9d58-6285c7e7f40a";"09.20.02";"Autoværksteder - anmeldelse mv.";"Ingen beskrivelse";1
"dfce7acc-6c74-489b-9476-c844ba5dc07a";"22.03";"Forretningers åbningstid (butikstid)";"Ingen beskrivelse";1
"dfe0231e-189a-11ed-baaa-0050c2490048";"29.30.02";"Sundhedsklyngesamarbejde [udgår 2027]";"Emnet udgår feb 2027 da sundhedsklynger i henhold til Aftale om sundhedsreform 2024, skal nedlægges. De siddende klynger skal fungere til og med 2025-12-31.

Oprindelig servicetekst:

Emnet dækker sager om tværsektorielt samarbejde i regi af sundhedsklynger efter sundhedsloven. Fx:


    
        Klyngesamarbejde
        Sekretariatsbetjening af det faglige strategiske klyngeniveau hhv. politiske niveau
        Konstituering af sundhedsklyngens politiske niveau
        
    


Henvisning til relevante facetter:


    
        Sager om nedsættelse og konstituering tilføjes A30
        Møder og mødereferater tilføjes P35
        
    


Henvisning til andre relevante emner:


    
        Sundhedsklyngens bidrag til sundhedsaftaler journaliseres under emnenr. 29.30.08";1
"dfe53011-79cd-43d0-9a9b-40f9b11e8bf7";"08.03.25";"Nyanlæg, havne";"Sager om anlæg, herunder nyanlæg, kan inddeles i en række faser, der adskilles sagsmæssigt. Følgende facetter kan anvendes ifm. anlægsprojekter:


    
        Anlægsplan P16
        Anlægsprojekter P20
        Anlægsbevilling 00.30.08 med P19
        Aflevering af byggeregnskab 00.32.04 med G01
        Godkendelse af anlægsregnskab 00.32.04 med P19
        Byggemøder P35";1
"dfff54d1-3290-4c34-af5e-e22b35468e0a";"17.05.20";"Tilrettelæggelse og planlægning, folkeskolens prøver";"Emnet er til sager i forbindelse med tilrettelæggelse og planlægning af prøver og eksamener. Bl.a. sager om:


    
        oplysninger til elever om prøvernes mål og krav
        orientering af elever om praktiske og proceduremæssige forhold";1
"e005577f-5c52-4858-b991-970d4c0c8534";"85.02.10";"Sagsstyring";"Her journaliseres sager om sagsdannelse, sagsadministration, workflow, tilrettelæggelse af kommunens postgang og lignende.
        Arbejdsgange, sagsbehandlingsrutiner o.l. på de konkrete emneområder journaliseres med relevante emne og facet A26";1
"e00ca7c5-193d-4b23-8ae7-9d22f4c020e5";"06.01.04";"Overtagelse af spildevandsanlæg";"Emnet dækker sager om spildevandsforsyningsselskabers overtagelse af spildevandsanlæg, hvor kommunalbestyrelsen som myndighed træffer afgørelse.";1
"e0204bfd-e0d6-4d56-ac62-2ff4612d9139";"87.08";"Arbejdsmiljøtekniske hjælpemidler mv.";"Ingen beskrivelse";1
"e023fc39-8f70-4f34-b8e7-6fda75b0be6d";"08.08.00";"Færgelejer i almindelighed";"Ingen beskrivelse";1
"e041fefb-0b37-426d-ae47-321d75689cad";"84.03.04";"Kandidatlister";"Ingen beskrivelse";1
"e047b162-309d-4677-8521-ac18da0a900e";"20.07.04";"Musikskoletakster og -betaling mv.";"Emnet dækker bl.a. sager om:


    
        Takster og betaling for undervisning
        Ansøgning om delvis refusion af udgifter til lærerløn
        
    


Vedr. budget og regnskab se emnenr. 00.30.12 og emnenr. 00.32.13";1
"e05d3591-5eb7-4d01-b91e-737012d58ea8";"00.06.02";"Fundats";"Under dette nummer journaliseres de enkelte legaters fundats (vedtægt).
        Fundatsen journaliseres med facet P24, såfremt kommunen skal behandle/godkende dem.";1
"e064c895-622f-4d39-8641-c980ae735d3a";"07.03.10";"Nyanlæg, anlæg for deponering af affald";"Emnet dækker bl.a. sager om anlæg, herunder nyanlæg, for affaldsdeponi. Projekter om anlægningen kan inddeles i en række faser, der adskilles sagsmæssigt. Følgende facetter kan anvendes ifm. anlægsprojekter:


    
        Anlægsplan P16
        Anlægsprojekter P20
        Anlægsbevilling 00.30.08 med P19
        Aflevering af byggeregnskab 00.32.04 med G01
        Godkendelse af anlægsregnskab 00.32.04 med P19
        Byggemøder P35
        
    


Nye anlæg for deponering af affald må kun ejes af offentlige myndigheder.";1
"e098f50a-5d74-4123-9283-213d5ee1b9e4";"85.08.15";"Aflevering af elektroniske arkivalier til offentlig arkivmyndighed";"Emnet dækker bl.a. sager om:


    
        Afleveringssager for elektroniske arkivalier
        Aflevering af elektroniske arkivalier til offentlig arkivmyndighed
        Afleveringspligt til offentlig arkivmyndighed af elektroniske arkivalier omfattet af GDPR
        Afleveringsbestemmelser aftalt med andre myndigheder";1
"e0a7aa06-9c3d-4da4-9f1c-b9714b4fde72";"13.30";"Decentral kraftvarme";"Lov om statstilskud til fremme af decentral kraftvarme og udnyttelse af biobrændsler";1
"e0a81a46-2fcd-11f0-a5f5-0050c2490048";"82.40";"Feriefonde efter fondsloven";"Gruppen dækker sager om feriefonde efter fondsloven.

En feriefond er juridisk en selvejende institution og derved adskiller gruppen sig fra de øvrige grupper i 82, der vedrører kommunens ressourcer.";1
"e0b57f12-0bdb-4421-918c-786b5f0d915f";"17.05.22";"Adgang til prøve";"Emnet dækker bl.a. sager, om:


    
        afgørelse om eleverne har opfyldt betingelserne for at aflægge prøve i et fag
        sygeprøve";1
"e0b7e377-0079-4107-a069-e2ad5219d42b";"83.04.00";"Produktionsanlæg i almindelighed";"Med produktionsanlæg menes her anlæg til fabrikation, fx i forbindelse med storkøkkener, skovdrift o.l.
        Se også hovedgruppe 86 vedrørende kommunal fremstillingsvirksomhed.";1
"e0bd579e-a1ea-4ad1-bfb4-7c3344a261ba";"02.05.09";"Hoteller mv., brandforhold";"Ingen beskrivelse";1
"e0db03f5-7999-44ca-9a89-897e9c6f0c41";"04.01.20";"Hærværk i parker og anlæg";"Ingen beskrivelse";1
"e0f3efbe-b499-43b4-a04d-43ef91d7cbaa";"08.13.02";"Lodsvæsen";"Ingen beskrivelse";1
"e0f5f4c7-180a-11e8-b437-0050c2490048";"88.12.03";"Offentligt udbud, varer og tjenesteydelser";"Emnet dækker bl.a. sager om:


    
        Offentligt udbud af varer og tjenesteydelser
        Ved offentligt udbud kan enhver økonomisk aktør afgive tilbud som svar på udbudsbekendtgørelsen
        Konkrete udbudssager tilføjes facet G01.
        Genstanden for udbuddet (hvad udbuddet omhandler) tilføjes i sagstitlen.";1
"e0f5f4c7-180a-11e8-b438-0050c2490048";"88.12.11";"Konkurrencepræget dialog, varer og tjenesteydelser";"Emnet dækker bl.a. sager om


    
        udbud ved konkurrencepræget dialog af varer og tjenesteydelser.
        Konkrete udbudssager tilføjes facet G01.
        Genstanden for udbuddet (hvad udbuddet omhandler) tilføjes i sagstitlen.";1
"e1033257-5b66-49f2-9fe8-743bf48eb836";"18.15.12";"Anvisning af lokaler og udendørsanlæg - folkeoplysning";"Emnet dækker bl.a. sager om:


    
        Anvisning af ledige offentlige lokaler, herunder idrætshaller og andre haller samt udendørsanlæg";1
"e1459d18-75e4-4412-b30b-3b97be5dbdee";"03.03.00";"Private andelsboliger i almindelighed";"Ingen beskrivelse";1
"e152df8c-e9cd-4e06-b27c-4fa6f25f7b6b";"22.11.00";"Taxikørsel i almindelighed";"Emnet udgik august 2018 da administrationen af taxiområdet er flyttet til Trafik-, Bygge- og Boligstyrelsen. Genåbnet februar 2019, da kommuner fortsat får henvendelser, bl.a. om ombytning af tilladelser.";1
"e15b8ea8-9630-4b6d-8be7-4ebfb5641de6";"04.16.00";"Plantesygdomme i almindelighed";"Ingen beskrivelse";1
"e15dbc77-3fa7-4bd3-bc38-c890883f8ed5";"28.18";"Private pasningsordninger";"Gruppen dækker sager om private pasningsordninger. Sager om etablering/godkendelser/driftsaftaler ift private pasningsordninger journaliseres i gruppe 28.03.";1
"e1847be4-8936-4ba2-a4a1-62c804cdd46d";"17.03.08";"Specialundervisning og anden specialpædagogisk bistand";"Emnet dækker sager om specialundervisning og anden specialpædagogisk bistand til børn og unge under 18 år. Fx:


    
        henvisning af elever til specialklasser eller specialskoler i anden kommune - tilføjes facet G01
        tilskud til specialundervisning og anden specialpædagogisk bistand";1
"e1b71561-942f-4487-9133-8a4f0aa13ade";"03.11.03";"Lejegodkendelse i almene boliger";"Ingen beskrivelse";1
"e1ed178c-af54-425d-9af4-25acdac9ca4a";"05.09.10";"Parkeringsautomater";"Emnet dækker primært driftsopgaver ifm parkeringsautomater. Det kan fx være sager om:


    
        fejl og mangler på P-billetautomater
        flytninger af automater i forbindelse med vejarbejde mv.";1
"e1f51b35-7edb-425f-913c-9a3b97ac228e";"14.07.04";"Ydelser til værnepligtige og frivillige, redningsberedskab";"Ingen beskrivelse";1
"e21e84b6-b934-4b96-9b2f-fa3dbb1e24ba";"17.11.20";"Kommunale bidrag, frie grundskoler";"Emnet dækker sager om kommunale bidrag til staten for elever på friskoler og private grundskoler.";1
"e260b29b-9801-11e4-ab73-0050c2490048";"27.36.06";"Rehabiliteringsforløb";"Emnet dækker bl.a. sager om korterevarende og tidsafgrænsede rehabiliteringsforløb til personer med nedsat funktionsevne.
        Konkrete sager tilføjes facet G01";1
"e274bb36-837a-4531-8f2b-0d273766c5b1";"09.30.09";"(H) Anlæg for motorkøretøjer";"Emnet dækker bl.a. sager om kommunens tilsyn med brugerbetalingsbekendtgørelsens bilag 1-virksomheder, under pkt. H.
        De konkrete sager om tilsyn journaliseres med facet K08.";1
"e27b3e04-fce8-4f7d-8f27-896969259ff1";"21.15.00";"Særlige rekvirerede biblioteksydelser i almindelighed";"Emnet dækker bl.a. sager om:


    
        Særlige serviceydelser, som har en mere vidtrækkende karakter end benyttelse på stedet, udlån af materialer og almindelig vejledning. Ydelserne skal være specifikt rekvireret af brugeren
        Opkrævning af betaling for sådanne ydelser
        Sager om påmindelsesservice via fx sms eller e-mail journaliseres her
        Opkræves der ingen betaling for påmindelsesservicen journaliseres sagen under emnenr. 21.01.10";1
"e2b12c16-2bfe-4ebf-96aa-f1a74e56dc77";"17.04.32";"Skolehistoriske samlinger";"Sager om skolehistoriske samlinger under skoletjenesten journaliseres her.";1
"e2fb1814-f0e5-4592-8736-8eadfd7288ca";"82.08";"Rengøring, kommunens ejendomme";"Ingen beskrivelse";1
"e301a73f-7a70-475a-998a-3f1f2045f9c5";"20.03.01";"Koncerter / musikforeninger";"Ingen beskrivelse";1
"e310d277-b123-467b-b071-33314929789a";"23.04";"Navneændring";"Ingen beskrivelse";1
"e3116931-afa9-4073-9cd9-31f9711af6c9";"83.06";"Beklædning og tekstiler";"Ingen beskrivelse";1
"e333c58e-3327-4fe9-9f8d-a889e60600a1";"02.01.03";"Adgangs- og tilkørselsarealer";"Ingen beskrivelse";1
"e33a5eb9-083e-4e4e-b401-16a2be1be135";"14.09";"Øvelser og arrangementer, redningsberedskab";"Ingen beskrivelse";1
"e34f523c-d7b8-4160-b19f-e0acebc775b1";"09.30.01";"(A) Forarbejdning og overfladebehandling af jern, stål og metal";"Emnet dækker bl.a. sager om kommunens tilsyn med brugerbetalingsbekendtgørelsens bilag 1-virksomheder, under pkt. A.
        De konkrete sager om tilsyn journaliseres med facet K08.";1
"e35a409c-ee0b-4d82-9d34-93495c1aec2a";"81.19";"Personalegoder (skattepligtige)";"Gruppen dækker bl.a. sager om personalegoder, som er skattepligtige for medarbejderne jf. SKATs juridiske vejledning.";1
"e3cd135e-c187-4604-befd-55168cda6554";"03.25";"Boligplacering af flygtninge";"Gruppen dækker sager om boligplacering af flygtninge, kvoter og boliger til integration.";1
"e3d75d03-894c-451c-a86b-925bad867182";"02.05.05";"Redningsberedskabets indsatsmuligheder";"Ingen beskrivelse";1
"e3ddd681-a5b7-4331-a6b2-b39a0d153a82";"20.08.20";"Billedskoleelever";"Ingen beskrivelse";1
"e3f432bb-1d99-11e6-a265-0050c2490048";"15.20.51";"225-timersregel [udgår 2026]";"Emnet udgår maj 2026, da 225-timers reglen er ophævet med L 1655 2024.

Oprindelig servicetekst:


    
        Emnet dækker sager om skærpet rådighedskrav for kontanthjælpsmodtagere.";1
"e4306762-8f70-4618-a39e-63ade5e6298e";"07.15.00";"Affald af elektriske og elektroniske produkter i almindelighed";"Ingen beskrivelse";1
"e431dc13-b153-40d5-aaa7-4f723ef07016";"03.09.26";"Lejerens betaling til fællesantenne, m.v., lejeforhold mv. i private boliger";"Emnet dækker bl.a. sager om:


    
        Betaling for fælles programforsyning og adgang til elektroniske kommunikationstjenester
        Betaling til antenner
        Ophør af antenneforsyning mv.
        
    


Tidligere lovreference:


    
        Lejeloven § 46c-46e (LBK 2019-09-04 nr. 927)";1
"e467dfbf-f7c7-4647-868a-3b9fca391730";"85.08.02";"Bevaring og kassation";"Emnet dækker bl.a. sager om:


    
        Bevaring og kassation af alle typer af sager og arkivalier
        Opbevaringspligt
        Merbevaring/ bevaring i videre omfang
        Retrospektiv skanning";1
"e47aa7e5-1bd1-46fa-a9af-6151001273d2";"88.20";"Kommunens indkøbsaftaler";"Vejledning til brug:


    
        Formålet med opbygningen af udbudsgruppen er, at den understøtter dokumentationen ifm. de forskellige typer af indkøb, og de trin kommunen skal igennem i en udbudsproces. 
        Genstanden for udbuddet (hvad udbuddet omhandler) tilføjes i sagstitlen.
        Konkrete udbudssager tilføjes facet G01.
        Når kontrakt indgås med leverandøren, og udbudsprocessen er gennemført, journaliseres selve kontrakten/driftssagen på relevant emne i KLE.
        Kontrakten/driftssagen tilføjes facet Ø54.
        (Hovedgruppe 88-emnerne erstatter tidligere facet Ø22).";1
"e48514ad-f8fc-4f34-b323-904df89d11bf";"08.13.01";"Bugsering";"Ingen beskrivelse";1
"e4867e0a-58e9-11e3-b9f9-0050c2490048";"83.15.20";"Medieovervågning og pressedækning";"Emnenummeret anvendes til sager om køb af medieovervågning vedrørende relevante emner, herunder omtale af kommunen i pressen.";1
"e4998747-c610-11f0-a5ff-0050c2490048";"01.30.15";"Udpegning af fremskyndelsesområder til VE-anlæg";"Emnet dækker bl.a. sager om:


    
        udpegning af områder til fremskyndelse af VE-projekter (solceller og vindmøller) gennem en kommunal plan (§ 24, stk. 1)
        fastsættelse af regler for områderne til fremskyndelse af vedvarende energi
        vedtagelse eller udstedelse af en eller flere planer, hvori der udpeges områder til fremskyndelse af vedvarende energi på land for 1) solcelleanlæg, 2) vindmøller eller 3) solcelleanlæg og vindmøller";1
"e4998747-c610-11f0-a600-0050c2490048";"01.30.20";"Screening og godkendelse af VE-projekter i fremskyndelsesområder";"Emnet dækker bl.a. sager om:


    
        ansøgning fra opstiller om godkendelse af et projekt
        screening af ansøgninger om repowering af solcelleanlæg og vindmøller
        screening vedrørende ansøgninger om nye solcelleanlæg og vindmøller
        udkast til afgørelse i offentlig høring
        tilsyn med projekters overholdelse af vilkår";1
"e4adccde-6476-4880-84e6-e1a92f278318";"87.07";"Arbejdsstedets indretning";"Ingen beskrivelse";1
"e4b53557-d02c-11ee-b88a-0050c2490048";"87.05.10";"Arbejdspladsvurdering (APV) og trivselsmålinger";"Emnet dækker bl.a. sager om:


    
        arbejdspladsvurderinger
        trivselsmålinger, jf. § 3 i ’Aftale om trivsel og sundhed på arbejdspladserne’ mellem KL og Forhandlingsfællesskabet (2015)
        arbejdsgiveren skal sørge for, at der udarbejdes en skriftlig arbejdspladsvurdering af sikkerheds- og sundhedsforholdene på arbejdspladsen under hensyntagen til arbejdets art, de arbejdsmetoder og arbejdsprocesser, der anvendes, samt virksomhedens størrelse og organisering.
        
    


Henvisning til relevante facetter:


    
        konkrete arbejdspladsvurderinger tilføjes facet P05
        sager efter faste regler tilføjes facet G01";1
"e4cde8ba-23c6-4f33-b74a-d51e03132b4a";"29.30.20";"Socialkiropraktisk samarbejde";"Ingen beskrivelse";1
"e4e2559a-8733-467f-b9ef-929d46e63ae2";"20.03.00";"Musikvirksomhed (ud over musikskole) i almindelighed";"Emnet dækker bl.a. sager om:


    
        musikudvalgets vedtægter - tilføjes facet P24
        organisering og nedsættelse af musikudvalg - tilføjes facet A30
        virksomhedsplaner - tilføjes facet P16";1
"e4fe1fa9-6b0e-4263-8cc2-aaa64986f362";"81.15.15";"Puljeordninger / lokalløn / decentral løn";"Ingen beskrivelse";1
"e519aea3-6bc1-4c1f-9642-63ba4c968303";"17.20.01";"Skoleindskrivning og elevoplysninger";"Emnet dækker bl.a. sager omkring:


    
        indskrivning og optagelse såvel i børnehaveklasse som i 1. klasse
        frister for optagelse
        optagelse uden for eget skoledistrikt
        elevoplysninger/elevsager, folkeskolen
        
    


Historik:


    
        Elevudtalelser har tidligere ligget under emnenr. 17.00.25.";1
"e5386e4e-6861-456c-9656-73f1e1865e27";"54.32.00";"Forældrekontakt, gymnasier i almindelighed";"Ingen beskrivelse";1
"e542ee3c-6700-4d31-acb2-8a2a09448851";"18.10.06";"Fritidsområdet, ungdomsskoletilbud";"Kommunalbestyrelsen kan beslutte, at ungdomsskoletilbuddet også skal omfatte andre aktiviteter, som i overensstemmelse med ungdomsskolens formål kan indgå i kommunens samlede ungdomspolitik.
        Disse andre aktiviteter kan indgå i et samspil med eksempelvis uddannelses- og oplysningsområdet (emnenr. 18.10.05), fritidsområdet (emnenr. 18.10.06), arbejdsmarkedsområdet (emnenr. 18.10.07) og socialområdet (emnenr. 18.10.08).";1
"e5502d74-40ff-42c1-9aaa-3efaed3a3b63";"17.02.03";"Ferier / fridage";"Emnet dækker sager om fastlæggelse af ferier.";1
"e55432c6-fb8b-4783-b591-a45ef82d9b38";"03.09.38";"Tilsidesættelse af god skik og orden, lejeforhold mv. i private boliger";"Emnet dækker bl.a. sager om:


    
        Husorden - betinget
        Husorden - advarsel
        Husorden - afsluttet uden sanktion
        Tilsidesættelse af god skik og orden
        
    


Tidligere lovreference:


    
        Lejeloven § 79a-79c (LBK 2019-09-04 nr. 927)";1
"e5583fb2-13f3-4cce-bc59-a3b7b02dd82c";"29.09.00";"Forebyggelse og sundhedsfremme i almindelighed";"Emnet dækker generelle sager om forebyggelse og sundhedsfremme, og sager der med lige god ret kan placeres under to eller flere emner i gruppen.
        
    


Henvisning til andre relevante emner:


    
        Foranstaltninger mod smitsomme sygdomme, COVID-19, se gruppe 29.08
        Patientrettet forebyggelse, se emnenr. 29.09.08";1
"e5592d8d-04fd-4c82-bcdf-6122ae8e56bc";"02.25.06";"Brandpræventivt tilsyn";"Emnet dækker bl.a. sager i forbindelse med det brandpræventive tilsyn, som udføres af skorstensfejere, fx


    
        meddelelse fra skorstensfejer til kommunalbestyrelsen om brandfare eller ulovlige forhold ved aftrækssystemer eller fyringsanlæg
        indstilling fra skorstensfejer til kommunalbestyrelsen om forbud mod fortsat brug af aftrækssystemer
        udstedelse af påbud om at fyringsanlæg og aftrækssystemer ikke må anvendes journaliseres med facet K08";1
"e56e5cb0-91de-42d4-80ba-ae9b52eaf132";"04.01";"Parker, anlæg og grønne områder";"Her journaliseres sager, der vedrører kommunale opgaver i parker, anlæg og grønne områder. Herunder også regler for benyttelse og nyanlæg.";1
"e5859eaf-2e83-4582-8887-210630d3ebc9";"14.05.15";"Mundering / udrustning, redningsberedskab";"Ingen beskrivelse";1
"e5982230-728e-4ad2-b73d-e59fe94542ee";"00.07.40";"Opbygning af borgerrådgiverfunktion";"Emnet dækker sager om opbygning af kommunal borgerrådgiverfunktion, fx sager om etablering, principperne for borgerrådgiverens kompetence og funktion.
        Efter kommunestyrelsesloven § 65 e kan kommunalbestyrelsen i styrelsesvedtægten træffe bestemmelse om oprettelse af en borgerrådgiverfunktion, der ikke henhører under de stående udvalgs eller økonomiudvalgets umiddelbare forvaltning af kommunens anliggender.
        Konkrete sager, som borgerrådgiveren behandler, journaliseres under relevante emne i gruppe 00.07.
        
    


Henvisning til relevante facetter:


    
        Ansøgninger til puljen til etablering af borgerrådgivning tilføjes facet Ø34";1
"e5ad88be-0b3d-4df6-a545-c0adc997d0c3";"21.11.00";"Formidling og referencearbejde i almindelighed";"Folkebibliotekerne skal i henhold til § 1, stk. 3 i Lov om biblioteksvirksomhed, formidle kommunal og statslig information samt information om samfundsforhold i øvrigt.
        Sager om omfanget, indholdet og organiseringen af denne formidlingspligt journaliseres her.";1
"e5de63f7-efe5-4cb7-8add-559a04316dd6";"87.01.03";"Medlemmer af arbejdsmiljøorganisationen";"Emnet er bl.a. til sager om:


    
        fastsættelse af antal arbejdsmiljørepræsentanter og arbejdsledere
        valg og udpegning af disse";1
"e5eea2e5-08bc-4eff-915d-8007c97050d6";"32.03";"Sociale pensioner";"Gruppen dækker sager om pensioner efter lbk. om social pension, delpensionsloven, og førtidspensionsloven. Boligydelse for ældre journaliseres under emnenr. 32.06.04.";1
"e5fbffae-9615-4501-9d47-7c37e71ed943";"83.32.00";"Sundheds- og sygeplejeartikler i almindelighed";"Ingen beskrivelse";1
"e5fe8e67-61a8-441c-9309-7d20e0366d2d";"14.07.07";"Helbredsundersøgelser, redningsberedskab";"Ingen beskrivelse";1
"e603a61d-a30d-4d22-a3b1-7feaf891b5a9";"87.20";"Røg- og nikotinfri miljøer";"Ingen beskrivelse";1
"e603ca9c-57a6-46fe-adc8-3e938874a7ce";"27.69.12";"Muligheder og vurderinger for hjælp m.v., retssikkerhed";"Emnet er bl.a. til sager efter §§ 5-7 i retssikkerhedsloven. Ifølge disse paragraffer skal kommunen behandle ansøgninger og spørgsmål om hjælp i forhold til alle de muligheder, der findes for at give hjælp, også efter anden lovgivning end den sociale. Fx sager om kommunens pligt til at genvurdere hjælpen til personer, som udsættes af beboelseslejemål efter retssikkerhedslovens § 5a. Herunder underretning fra fogedretten om udsættelse.
        Kommunalbestyrelsens vurdering af at der ikke er grundlag for at yde hjælp i forbindelse med udsættelsen af lejemål efter § 5a journaliseres også her.
        Sager om overgang fra børnehandicap/børn og unge området til voksenhandicap området journaliseres også her.
        Arbejdsgangsbeskrivelser/procedurer tilføjes facet A26.";1
"e61540f4-2a5e-4784-85f4-de1a0bacb65c";"06.02.10";"Vandløbsrestaurering";"Emnet dækker bl.a. sager:


    
        Hvor kommunen som vandløbsmyndighed for offentlige vandløb, hvis tilstand ikke svarer til den fastsatte målsætning, kan forbedre forholdene ved en række foranstaltninger
        Om tilskud til kommunale projekter vedrørende vandløbsrestaurering
        Om genskabelse af fri kontinuitet i vandløb";1
"e616fdaf-80c3-48ea-ae8d-9406fac57c59";"13.05.00";"Trafikselskaber i almindelighed";"Ingen beskrivelse";1
"e62baada-2418-4851-8cac-01b7de63d6e7";"05.02.13";"Bygningsfremspring, vejskilte, hegn mod vej mv.";"Ingen beskrivelse";1
"e64ff07c-563e-4731-9cec-e9633f70a2bb";"29.06.00";"Medfinansiering af sundhedsvæsenet i almindelighed";"Her journaliseres bl.a. sager, hvor en kommunalbestyrelse, når sociale hensyn taler herfor, kan træffe beslutning om at afholde udgifter til sygdomsbehandling, der svarer til den behandling, der ydes i regionernes sygehusvæsen, til personer, der har bopæl i kommunen.";1
"e6546b10-9c75-458e-900d-da66c429d856";"14.00.18";"Statens tilsyn med redningsberedskabet";"Emnet dækker sager om det statslige tilsyn med det kommunale redningsberedskab.";1
"e6661c8f-a37f-11f0-be2c-0050c2490048";"15.35";"Skadesikring";"Gruppen er til sager om arbejdsskader og skadesikring ift. borgere, fx i forbindelse med praktikforløb, nytteindsats, beskæftigelsestilbud.

Til sager om arbejdsskader vedr. kommunens personale, se gruppe 81.29.";1
"e6661c8f-a37f-11f0-be2d-0050c2490048";"15.35.00";"Skadesikring i almindelighed";"Emnet dækker generelle sager om skadesikring ift borgere, samt sager der ikke entydigt kan placeres under et af gruppens emner.

Sager om konkrete arbejdsskader journaliseres under 15.35.05 i gruppen.";1
"e6661c8f-a37f-11f0-be2e-0050c2490048";"15.35.05";"Arbejdsskader";"Emnet dækker bl.a. sager om:


    
        anmeldelse af arbejdsskader
        erstatninger
        arbejdsskader ved deltagelse i tilbud
        
    


Henvisning til relevante facetter:


    
        Konkrete erstatningssager tilføjes Ø61";1
"e6a1fe64-efbd-4b33-bb3b-1f05cb97b168";"05.23";"Tryghedsfremmende foranstaltninger";"Ingen beskrivelse";1
"e6ce8697-9b74-4d9e-adc0-6dd3890ffc3b";"83.36";"Elevatorer";"Ingen beskrivelse";1
"e6ff3a58-c08c-49e4-8400-6d1570dd03a9";"81.13.03";"Overnatning";"Ingen beskrivelse";1
"e70b72ba-e9c6-4c04-8cc1-2efee278b63b";"85.10.00";"Databeskyttelse i almindelighed";"Emnet dækker bl.a. sager om:


    
        Databeskyttelsesrådgiver, oprettelse af funktion efter artikel 37-38.
        Principper for behandling af personoplysninger efter artikel 5, stk. 1
        Tværgående sager der vedrører to eller flere emner i gruppen, eller ikke entydigt kan placeres under et af emnerne.";1
"e7597639-f7ad-412b-bc46-ce99bcf07096";"07.16.06";"Affaldsklassificering af skibe";"Emnet dækker bl.a. sager om:


    
        underretning om at et skib ønskes eksporteret
        Miljøstyrelsens afgørelser om skibe på 1500 ton egenvægt eller derunder er affald
        Miljøstyrelsens afgørelser om skibe skal klassificeres som farligt affald
        
    


Miljøstyrelsen har overtaget klassificeringskompetencen fra kommunerne d. 1. januar 2025.";1
"e75b9b3f-9e0c-462f-aabc-98e291330ab7";"30.00";"Andre myndigheders opgaver";"Ingen beskrivelse";1
"e76fdbc0-b6fd-4f67-b0a7-b651666ba5c8";"00.07.00";"Forvaltningsprincipper i almindelighed";"Emnet dækker bl.a.:


    
        Sager om forvaltningsprincipper der ikke kan placeres under et af de specifikke emner i gruppen, eller med lige god ret kan placeres under to eller flere emner i gruppen.
        Borgerrådgiverens sager om årsberetning og statistik på henvendelser journaliseres på dette emne.
        
    


Henvisning til andre relevante emner:


    
        Whistleblowerordning til socialtilsynet, se emnenr. 27.69.64.";1
"e7859398-de1d-4309-a041-405e1d06a70f";"18.15.00";"Folkeoplysning i almindelighed";"Emnet dækker bl.a. sager om:


    
        Folkeoplysningspolitik, tilføjes facet P22.
        Regler for tilskud og anvisning af lokaler og udendørsanlæg, tilføjes facet P21.";1
"e7a05c20-35ef-4ab2-a91f-f5a1a320e718";"00.13.08";"Pressevirksomhed";"Bruges til sager der handler om kommunens virksomhed i forhold til pressen. Det gælder sager om selve samarbejdet med pressen.
        Sager om konkrete pressemeddelelser eller pressemøder journaliseres under relevant emne med facet A52.
        Sager vedrørende konkret anmodning om aktindsigt fra pressen journaliseres under relevant emnenummer med facet A53.
        Retningslinjer for aktindsigt journaliseres under emnenr. 00.07.03.";1
"e7def817-3569-4253-bf0b-d1bcef09ab25";"07.18.10";"Storskrald, indsamlingsordning";"Her journaliseres sager om indsamlingsordninger for storskrald.
        Sager om regulativer journaliseres under emnenr. 07.00.03.";1
"e8160b7c-bbc2-40d2-a8d5-10806c83e998";"14.00.12";"International indsats, redningsberedskab";"Ingen beskrivelse";1
"e823f92f-3b66-41e2-8012-f6ec86214dac";"32.18.00";"Ydelser efter serviceloven, ældrelov, m.fl. i almindelighed";"Ingen beskrivelse";1
"e86ff547-4ccf-427d-a1a4-29d7b0b39c09";"00.05.12";"Udstillinger på rådhuse mv.";"Ingen beskrivelse";1
"e8821257-f895-4b90-b85a-9cc830d0b2b6";"01.04";"Udstykningsforhold og andre matrikulære forhold";"Ingen beskrivelse";1
"e883df21-38da-4718-9b60-fc1f7f90d68b";"81.27.05";"Feriefridage, personale";"Ingen beskrivelse";1
"e8a4c5bc-e24b-4dd5-a04c-a5a0d3415d79";"07.20.06";"Analyser af affaldsprodukter til jordbrugsformål";"Her journaliseres sager om analyser af affaldsprodukter til jordbrugsformål. Kommunalbestyrelsen i affaldsproducentens kommune kan beslutte at:


    
        prøver kan udtages eller analyseres af affaldsproducenten efter forskrift af laboratoriet (§ 7, stk. 3).
        prøveudtagnings- og analysehyppigheden skal øges eller nedsættes (§ 8, stk. 2).
        prøverne skal analyseres for flere eller færre parametre (§ 8, stk. 2).";1
"e8b52483-08cc-41a1-aa60-511ee5d86478";"54.34.08";"Dimission / translokation";"Ingen beskrivelse";1
"e8c5a19d-e9f9-470f-a584-09438dff5d79";"32.03.00";"Sociale pensioner i almindelighed";"Emnet dækker bl.a.:


    
        Forespørgsler vedr. pensionsrelevante forhold.
        Sager der med lige god ret kan placeres under to eller flere emner i gruppen.
        
    


Henvisning til andre relevante emner:


    
        Administrationsaftaler efter pensionslovens § 36, se emnenr. 27.37.04.";1
"e8d323f2-8c35-4fb3-b2bb-c8c47aacbe07";"02.01.00";"Grundes udnyttelse til bebyggelse i almindelighed";"Emnet dækker bl.a. sager om:


    
        Grundes udnyttelse til bebyggelse, der ikke kan placeres under et af de specifikke emner i gruppen
        Generelle forespørgsler om en ejendom
        Vejledende udtalelser vedr. en ejendom
        Vejledende udtalelser om ændret anvendelse eller ombygning af en ejendom
        
    


Henvisning til andre relevante emner:


    
        Konkrete forespørgsler ifm. byggesagsbehandling, se emnenr. 02.34.02";1
"e8d86c39-db08-4299-b357-8ea7ec83ce1d";"32.03.20";"Invaliditetsydelse";"Beregning og udbetaling efter gammelførtidspensionsloven varetages af Udbetaling Danmark.
        Tilkendelse og frakendelse efter gammelførtidspensionsloven varetages af kommunalbestyrelsen.";1
"e9073dc0-8967-4a20-a1be-bfd999a1c138";"02.34.02";"Byggetilladelse";"Emnet dækker sager om byggetilladelse efter byggeloven og bygningsreglementet
        Færdigmelding og tilladelse til ibrugtagning placeres også her.
        Klager over byggesagsbehandlingen tilføjes facet K02.";1
"e90bf805-89bc-4ea3-97f6-b5f7f7bb6e96";"03.09.07";"Huslejefastsættelse efter lejelovens § 19, stk. 1";"Emnet dækker bl.a. sager om:


    
        Lejers indbringelse af omkostningsbestemt leje
        Uenighed om acontobidrag. Begæring fra beboerrepræsentanter på vegne af lejere
        
    


Henvisning til relevante facetter:


    
        Konkrete sager om tvister tilføjes G01
        
    


Tidligere lovreference:


    
        Boligreguleringsloven § 15 (LBK 2019-09-04 nr 929)
        Lejeloven § 38 (LOV 2022-22-03 nr 341)";1
"e91b5c6b-6522-11e6-8467-0050c2490048";"17.15.20";"Særlige grundskoler";"Emnet dækker bl.a. sager om:


    
        Oprettelse af særlige grundskoler for undervisningspligtige børn og unge med opholdstilladelse efter lov om midlertidig opholdstilladelse til personer, der er fordrevet fra Ukraine
        
    


Henvisning til andre relevante emner:


    
        Det anbefales at bruge de relevante emner i 17 gruppen til de konkrete sager om indskrivning, indholdet i undervisningen, SFO, mål og rammer, etc.
        
    


Historik


    
        Emnet har før august 2022 dækket den nu ophævede LBK om kommunale særlige tilbud om grundskoleundervisning med KLE titlen 'særlig grundskoleundervisning'";1
"e92047ee-9b59-487e-9a3c-c049ad5e296a";"03.25.18";"Midlertidige opholdssteder for flygtninge";"Emnet dækker bl.a. sager om:


    
        Anvisning af flygtninge til midlertidige opholdssteder i kommunen
        Etablering af midlertidige boliger
        Ombygning af egnede tomme bygninger til flygtninge
        Ansøgning fra investeringspulje til midlertidige indkvartering (tilføjes facet Ø34)
         

    


Henvisning til andre relevante emner:


    
        Boliganvisning og udlejning af boliger til flygtninge, se 03.25.15";1
"e92f3c07-79ed-40bb-a9c2-d23b9aaa66cc";"54.24.04";"Studie- og ordensregler";"Ingen beskrivelse";1
"e9331fbc-cd05-423e-ba4d-b3fcc66d36eb";"03.01.00";"Benyttelse af boliger i almindelighed";"Emnet dækker bl.a. sager om:


    
        Samtykke til at benytte mere end én bolig i samme kommune, herunder ansøgning
        Samtykke til udlejning af helårsbolig/lejlighed som enkeltværelser
        Nødforsyning i henhold til lejeloven
        Anmeldelse af ledig bolig til kommunalbestyrelsen
        To eller flere emner i gruppen, eller som ikke kan placeres entydigt under et eksisterende emne i gruppen
        
    


Henvisning til relevante facetter:


    
        Samtykke tilføjes facet G01
        Tilsyn tilføjes K08";1
"e9427a4b-5239-11e5-9bd5-0050c2490048";"03.09.60";"Tvungen administration af udlejningsejendomme";"Emnet dækker bl.a. sager om:


    
        Beslutning om tvangsadministration
        Tvangsadministration - byfornyede ejendomme
        
    


Tidligere lovreference:


    
        Tvungenadministrationsloven (LBK nr 922 af 31/08/2006)";1
"e96b21bd-041e-4c5d-8539-2a1e4c5e953a";"00.17.20";"Aftaler om samarbejde mellem kommuner (kommunale fællesskaber)";"Emnet er til aftaler om samarbejde ml. kommuner og kommunale fællesskaber efter kommunestyrelseslovens § 60. Kommunale fællesskaber er betegnelsen, hvor flere kommuner overfører kompetence til et selvstændigt styrelsesorgan, der betragtes som en art ""specialkommune"" og er selvstændige offentligretlige organer.
        Sager hvor en eller flere kommuner indgår i et samarbejde, hvor det medfører overførsel af kompetence fra en eller flere kommuner til en anden er ligeledes omfattet af § 60 og journaliseres her.
        
    


Henvisning til relevante facetter:


    
        Sager om organisering og tilrettelæggelse tilføjes facet A30
        Aftaler om samarbejde mellem kommuner tilføjes facet P27
        
    


Henvisning til andre relevante emner:


    
        Sager om den konkrete opgaveløsning inden for rammerne af det kommunale fællesskabs arbejde, journaliseres under det relevante emne.
        Sager hvor kommuner indgår i aktieselskaber journaliseres under emnenr. 24.00.01.";1
"e98ea550-be04-11e6-a4a6-cec0c932ce01";"14.01.28";"Borgeres medvirken ved redningsberedskabets indsats";"Emnet dækker bl.a. sager om


    
        private borgeres medvirken ved redningsberedskabets indsats, jf. beredskabsloven
        redningsberedskabets påbud til borgere ifm. indsatsen
        sager om erstatning for tabt arbejdsfortjeneste ifm. påbud fra redningsberedskabet tilføjes facet Ø61";1
"e9ae1303-90de-448c-a3b1-eafb1dc27faf";"00.22.02";"Kommunalbestyrelsen - kommunens styrelse";"Emnet dækker bl.a. sager om den konkrete organisering af kommunalbestyrelsen/byrådet efter kommunestyrelseslovens kapitel 2, fx:


    
        Konstituering (§ 6)
        Udpegning af formand (§ 7)
        Hvor og hvornår ordinære møder skal afholdes (§ 8)
        Offentlige møder/lukkede møder (§ 10)
        Kommunalbestyrelsesmedlemmers initiativret (§ 11)
        Beslutningsprotokol (§ 13)
        Inhabilitet (§ 14)
        Stedfortræder (§ 15)
        Ændringer og justeringer i kommunens overordnede styrelse. dvs. rammerne for den politiske organisering, ændring af kommunestyrelsesloven, antal udvalg, antal kommunalbestyrelsesmedlemmer mv.
        
    


Henvisning til relevante facetter:


    
        Konstitueringssagen journaliseres med facet A30
        Dagsordenspunkter indmeldt jf. initiativretten journaliseres med facet G01
        
    
    


Henvisning til andre relevante emner:


    
        Kommunalbestyrelsesseminarer, se emnenr. 81.45.00.
        Sagsindsigt for kommunalbestyrelsesmedlemmer, se emnenr. 00.22.12.";1
"e9b09e8d-f04b-11ef-9e53-0050c2490048";"27.34.40";"Ældretilsyn";"Emnet dækker bl.a. sager om:


    
        ældretilsyn
        ældrelinjen
        ældretilsynets tilsyn og samtilsyn
        tilsyn med kvalitet i helhedsplejen
        plejeenhedens oplysningspligt
        
    


Henvisning til relevante facetter:


    
        konkrete tilsyn tilføjes facet K09
        
    


Henvisning til andre relevante emner:


    
        Ældretilsynets ajourføring af plejeoversigten ifm. tilsyn, se emnenr. 27.42.00.";1
"e9db31e6-5932-41d8-834d-81a9d3b731e0";"06.03.01";"Maskiner / inventar, faste installationer, rensningsanlæg, pumpestationer mv.";"Emnet vedrører primært driften og således ikke myndighedsopgaver.";1
"e9e4fbd7-19bb-4536-8f4c-e3df1bc219eb";"05.01";"Offentlige veje";"Gruppen dækker opgaver ifm offentlige veje, der også omfatter fortove og cykelstier, for så vidt de er en del af vejen
        Gruppen indeholder både driftsopgaver og myndighedsopgaver, primært med kommunen som vejmyndighed
        
    


Henvisning til andre relevante grupper:


    
        Offentlige stier der ikke er en del af offentlig vej, journaliseres under gruppe 05.04";1
"ea0253fe-3fec-45bb-8322-34f828cab96a";"54.06.10";"Leder- og lærerkvalifikationer";"Ingen beskrivelse";1
"ea11cc3b-228d-4768-8ffe-7ae4784f9516";"17.00.02";"Erstatningskrav fra elever";"Emnet dækker sager om erstatningskrav fra elever.
        Det kan fx være sager, hvor elever rejser erstatningskrav over for skolen/kommunen i forbindelse med fald, ulykker og beskadiget tøj i fysikundervisningen eller andre situationer, hvor skolen eventuelt kan drages til ansvar for begivenheden.
        Er kommunen forsikret anvendes facet Ø38 ved løsøre- eller tingskader og facet S37 ved personskader.
        Er kommunen selvforsikret anvendes facet Ø61 ved udbetaling af erstatning.";1
"ea1d0493-61bf-4ad6-8967-110a8aabffae";"00.16.00";"Forsøgs- og udviklingsarbejde i almindelighed";"Emnet dækker bl.a. sager om:


    
        Forsøgsarbejder og udviklingsarbejder, der ikke umiddelbart kan placeres under et konkret emne.
        Borgerforslag tilføjes facet G01. I en videre sagsbehandling journaliseres sagen under relevante emne.
        Ungebyråd, møder og mødereferater tilføjes facet P35.
        Borgermøder der ikke kan placeres under et konkret emne tilføjes facet P35.";1
"ea1ddb6d-ed9e-4244-a22c-553f15e274ff";"20.11.04";"Andres kulturelle arrangementer";"Ingen beskrivelse";1
"ea26076d-b07f-40c9-80b0-dc4c46d7ae9f";"29.18.00";"Kommunal sygepleje i almindelighed";"Emnet dækker bl.a. sager om:


    
        Kommunal sygepleje efter § 138 i sundhedsloven
        Tildeling af kommunal sygepleje og tilrettelæggelse af hjælpen
        Indsatser i kommunal akutfunktion (sygepleje ydes i patientens hjem, herunder plejebolig og midlertidige døgnophold eller botilbud jf. Sundhedsstyrelsen)
        Akutpladser (stationær plads på en kommunal matrikel jf. Sundhedsstyrelsen)
        Samarbejde med andre kommuner om kommunal sygepleje
        
    


Henvisning til relevante facetter:


    
        Tilrettelæggelse af hjælpen via aftaler med private leverandører journaliseres med facet Ø54
        Udarbejdelse af instrukser journaliseres med facet A26
        Delegation af ansvar for tildeling af sygepleje til andre kommunalbestyrelser tilføjes facet A21";1
"ea31e0f5-0ffc-41c9-9065-1439707055b2";"17.02.05";"Undervisningstid / timetal";"Her placeres bl.a. sager om:


    
        undervisningstid og timetal
        lokale afvigelser";1
"ea45b428-488a-4fc2-916b-aa627ce25143";"20.00.00";"Kulturvirksomhed i almindelighed";"Emnet dækker bl.a.:


    
        Generelle sager om kulturvirksomhed
        Sager om nedsættelse af lokale kulturråd
        Sager om kulturvirksomhed, som dækker to eller flere grupper i hovedgruppe 20, eller ikke kan placeres entydigt under et af emnerne i hovedgruppe 20
        
    


Henvisning til relevante facetter:


    
        Sager om samarbejde med lokalråd eller landsbyråd journaliseres her. Relevante facetter kan være mødereferater, som tilføjes facet P35 og sager om organisering og vedtægter, som tilføjes facet A08.";1
"ea537aa2-a8fd-4976-85d7-347602dd8d65";"27.51";"Behandling efter serviceloven";"Ingen beskrivelse";1
"ea5f52a3-2b74-4781-a72a-fe1fe2b2ef69";"27.66";"Magtanvendelse m.v.";"Gruppen dækker sager om magtanvendelse primært efter bestemmelserne i serviceloven.";1
"ea6f560d-3b7b-4c3f-b69b-26a84d996a78";"03.09.09";"Fraflytning og tilbagebetaling af depositum";"Emnet dækker bl.a. sager om:


    
        Lejerens manglende vedligeholdelse
        Lejerens pligt til istandsættelse ved fraflytning, tilbagebetaling af depositum
        
    


Henvisning til relevante facetter:


    
        Konkrete sager om tvister tilføjes G01
        
    


Tidligere lovreference:


    
        Lejeloven § 106, stk. 1, nr. 4 (LBK 2019-09-04 nr. 927)
        Lejeloven § 112-113 (LOV 2022-22-03 nr 341)";1
"ea745c1c-90d0-42d2-a42b-13b03ff3097c";"18.09.05";"Elevråd";"Eleverne ved en ungdomsskole kan danne et elevråd til at varetage deres interesser over for skolen.";1
"ea98383a-43ba-4d6d-bbf9-f32b27cef81f";"21.07.00";"Bibliotekssamarbejde i almindelighed";"Emnet dækker bl.a. sager om:


    
        samarbejder mellem kommuner om biblioteksbetjening
        samarbejder mellem biblioteket og skolebibliotekerne (""kombibiblioteker"")
        integrerede biblioteker efter folkeskolelovens § 19
        
    


Henvisning til relevante facetter:


    
        Overenskomst mellem kommuner om fælles biblioteksbetjening tilføjes facet P27
        Overenskomst med en anden kommunalbestyrelse om hel eller delvis biblioteksbetjening af den anden kommunes borgere - tilføjes facet P27";1
"eaae81f2-cddd-4841-848b-24845460102c";"82.16.00";"Udlån / udleje af lokaler og ejendomme i almindelighed";"Ingen beskrivelse";1
"eab0890b-7c79-4ce4-aaab-8e02d8ddd5a5";"04.11.01";"Udlån / benyttelse af strande";"Ingen beskrivelse";1
"eab6c3fe-bd27-11eb-9d0e-0050c2490048";"03.10.18";"Midlertidigt husly til uddannelsessøgende";"Emnet dækker bl.a. sager om:


    
        Midlertidigt husly til uddannelsessøgende
        Støtte til dækning af udgifter, ifm. etablering og drift af ordningen
        Aftale med foreninger, organisationer, virksomheder om midlertidigt husly til uddannelsessøgende";1
"eae4cefd-b688-4bf9-947b-c68ea1be70e5";"05.05.00";"Pladser, torve, holdepladser mv. i almindelighed";"Ingen beskrivelse";1
"eafab318-fd64-49d3-a0b2-58516b343448";"88.00.12";"Resultatet af udbudsprocedurer - offentliggørelse";"Når kontrakten er indgået, er udbyder på flere måder forpligtet til at offentliggøre resultatet af udbudsforretningen. Det gælder både til de forbigåede tilbudsgivere og til offentligheden.";1
"eb38f187-9d9b-4eb3-b0ca-bda57c198e68";"18.01.13";"Ungdomsskoleplaner";"Emnet dækker sager om planer for kommunens ungdomsskolevirksomhed.
        Konkrete planer tilføjes facet P15.";1
"eb5d1079-6de2-495b-9dcc-807d0d777f4e";"03.01.04";"Ændret benyttelse af boliger";"Emnet dækker bl.a. sager om:


    
        Benyttelse af helårsboliger til fritidsformål
        Fleksboligordning
        Samtykke til benyttelse af helårsboliger til fritidsformål
        Bopælspligt
        
    


Henvisning til relevante facetter:


    
        Samtykke tilføjes facet G01
        Tilsyn tilføjes K08
        
    


Tidligere lovreference:


    
        Boligreguleringsloven § 50-52e (LBK 2019-09-04 nr 929)";1
"eb5d1486-85d0-4b55-a81b-638606a515b1";"15.01";"Arbejdsløshedsforsikring";"Gruppen er til sager vedr. arbejdsløshedsforsikring, supplerende dagpenge mv.";1
"eb6581fd-02b1-4690-87f9-43e6a4cacde9";"17.15.01";"Basisundervisning i modtagelsesklasser";"Emnet dækker sager om:


    
        Basisundervisning i dansk som andetsprog i en modtagelsesklasse.
        Basisundervisning på særlige hold eller som enkeltmandsundervisning
        Tilrettelæggelse af undervisningen
        
    


Tosprogede elever, hvis behov for sprogstøtte betyder, at de ikke ved optagelsen kan deltage i den almindelige undervisning i klassen med et tilstrækkeligt udbytte, skal gives basisundervisning i dansk som andetsprog.

Henvisning til andre relevante emner:


    
        Sager om visitation og afdækning af sproglige kompetencer mv, se emnenr. 17.15.12";1
"eb78bb98-362b-4bb0-8b00-3dcfe9e6dd1d";"81.39.15";"Intern uddannelse";"Emnet dækker bl.a. sager om uddannelse, hvor det er kommunen selv, der afholder og arrangerer.

Når andre end kommunen afholder og arrangerer, journaliseres på emnenr. 81.39.10.

Se i øvrigt servicetekst til gruppe 81.39.";1
"ebe25082-ffb4-47cd-8cd1-7459d3efe7d4";"87.10.00";"Arbejdsmiljø - hviletid og fridøgn i almindelighed";"Ingen beskrivelse";1
"ebe46370-1c41-4a7a-b5e8-5ee65e3dba60";"84.03.09";"Opgørelse af valget";"Ingen beskrivelse";1
"ec2256e4-5b65-4705-bd03-eef4f6071902";"02.05.01";"Brandtekniske beregninger";"Ingen beskrivelse";1
"ec6ba8d5-f19d-41a9-8a93-acfb9e5ead2f";"29.03";"Sygesikring";"Ingen beskrivelse";1
"ec9bb6e6-2a34-4fb2-8455-dd19a192ea4e";"06.00.00";"Spildevand og vandløb i almindelighed";"Emnet dækker bl.a.:


    
        Generelle sager om spildevand og vandløb
        Sager om spildevand og vandløb som dækker to eller flere grupper i hovedgruppe 06, eller ikke entydigt kan placeres under et af emnerne i hovedgruppe 06";1
"eca52b5f-30b8-4662-96b3-3d3bba449eef";"06.01.20";"Tømningsordninger";"Emnet dækker sager om tømningsordninger.
        Sager om regulativ for tømningsordning tilføjes facet P24.
        Vejledninger om tømning af olie- og benzinudskillere tilføjes facet A50.";1
"eca716e6-9e10-4f91-abb2-c675cec34ed5";"27.54";"Beskyttet beskæftigelse og aktivitets- og samværstilbud";"Ingen beskrivelse";1
"ecec05e4-b257-41f8-ac1c-cd1f37ad1eea";"87.06";"Arbejdets udførelse";"Ingen beskrivelse";1
"ed5206bd-a13d-4ae4-94e8-1f2228356652";"17.05.10";"Obligatorisk projektopgave, 9. klasse";"Sager om 9. klasses obligatoriske projektopgave placeres her. Det er fx sager om:


    
        bedømmelse
        udtalelse
        indberetning";1
"ed70e443-f4ad-11e4-a310-0050c2490048";"23.19.28";"Undtagelse af borgere fra kommunens selvbetjeningsløsninger";"Emnet dækker undtagelse af borgere fra digital selvbetjening på kommunens egne sagsområder, herunder:


    
        undtagelse af borgere fra digital selvbetjening om lån til beboerindskud
        undtagelse af borgere fra digital selvbetjening ved ansøgning om sygedagpenge
        undtagelse af borgere fra digital selvbetjening ved ansøgning om personligt tillæg og helbredstillæg
        undtagelse af borgere fra kommunens selvbetjeningsløsninger
        
    


Henvisning til relevante facetter:


    
        Sager om konkrete undtagelser tilføjes facet G01";1
"ed78c5c9-2608-4f18-994a-90af84858da2";"82.11";"Udenomsarealer, kommunens ejendomme";"Gruppen dækker bl.a. sager om:


    
        Bygningers- og institutioners udenomsarealer.
        Indhegnede legepladser uden offentlig adgang.
         

    


Henvisning til andre relevante grupper:


    
        Offentlige legepladser og udendørsanlæg se hovedgruppe 04.";1
"edb8140a-bb34-458a-8ca5-98d590c0c165";"88.24";"Offentligt privat samarbejde om indkøb";"Offentlig-privat samarbejde (OPS) er en samlebetegnelse for en række forskellige typer af samarbejde mellem offentlige myndigheder og private virksomheder.";1
"edcb8730-609c-4957-96b5-6b53936f9398";"19.02.10";"Udstillingsvirksomhed på arkiver";"Ingen beskrivelse";1
"ede922cd-ede7-4ffc-ad27-b4707d4e3bfd";"21.03";"Materialesamlinger";"Ingen beskrivelse";1
"edf5d8e2-265d-4d93-9280-11de4b2a90f2";"09.19.02";"Forbud, påbud - badevand og badeområder";"Emnet er til sager omkring forbud og påbud mv. ifm. badevand og badeområder.
        Fx sager hvor kommunalbestyrelsen træffer de nødvendige foranstaltninger til sikring af de hygiejniske forhold for kommunale og private badeområder, som er tilgængelige for offentligheden, herunder renholdelse og indretning af toiletter.
        Sager hvor kommunalbestyrelsen kan udstede forskrifter angående hundes tilstedeværelse i vandet og på stranden journaliseres også her.";1
"ee095f59-b44a-475a-83f3-c13d0235586c";"09.18.14";"Anmeldeordning for midlertidige miljøaktiviteter mv.";"Emnet dækker sager om anmeldeordning for visse midlertidige aktiviteter m.v.
        Midlertidig anvendelse af fx asfaltanlæg, spildevands- eller slambehandlingsanlæg, og aktiviteter som fx støv- eller støjfrembringende bygningsfacadebehandling, skal forud anmeldes til kommunalbestyrelsen.";1
"ee0c0f23-0be2-4998-9775-22ab6717701b";"83.33";"Hjælpemidler";"Ingen beskrivelse";1
"ee14b7f0-e2ed-4d92-beda-5b1c715e629f";"09.08.05";"Forureningskortlægning og ændret arealanvendelse";"Emnet dækker bl.a. sager om:


    
        Forureningskortlægning
        Tilladelse til ændret arealanvendelse, såkaldte § 8-tilladelser
        Afgørelser efter §§ 9-10 i jordforureningsloven
        Erklæringer efter § 11 i jordforureningsloven
        Indberetning og registrering af jordforureningsdata
        
    


Henvisning til relevante facetter


    
        Tilladelser tilføjes facet P19
        Påbud tilføjes facet K08";1
"ee4db0d5-9dc6-4e65-8406-db334bcd1092";"00.16.05";"Regionale kulturforsøg";"I henhold til lov om regionale kulturforsøg er nogle af de statslige midler til lokale kulturelle formål i en periode udlagt til udvalgte regioner og kommuner.
        Under 00.16.05 journaliseres de overordnede forhold vedrørende dette forsøg.";1
"ee560540-cf22-468f-81cd-fb5327c0e82a";"29.00";"Sundhed";"Ingen beskrivelse";1
"ee562ef1-f038-46f6-b57e-794c15c09161";"13.05.26";"Kontrolafgift mv.";"Ingen beskrivelse";1
"ee66322c-1152-462d-97e1-9630999e3b03";"03.09.04";"Huslejeregulering for mindre ejendomme og 80/20 ejendomme";"Emnet dækker bl.a. sager om:


    
        Uenighed om lejeaftaler
        Uenighed om udlejerens ret til at råde over arealer i tagetager
        Lejeforhøjelse småejendom
        Lejens størrelse småejendom – nye ejendomme, tidligere erhverv mv.
        Trappelejeregulering
        Lejens størrelse småejendom – ingen sammenligningslejemål
        
    


Henvisning til relevante facetter:


    
        Konkrete sager om tvister tilføjes G01
        
    


Tidligere lovreference:


    
        Lejeloven § 53, stk. 3-5 (LBK 2019-09-04 nr. 927)
        Boligreguleringsloven § 29b-29e (LBK 2019-09-04 nr 929)
        Lejeloven § 54-55 (LOV 2022-22-03 nr 341)";1
"ee9450cb-1236-493d-b392-169dacab15d4";"08.00";"Havne og lufthavne";"Ingen beskrivelse";1
"eebd7843-787d-41bb-ac53-8982f858fd5b";"21.08.06";"Biblioteksbetjening af særlige befolkningsgrupper";"Emnet dækker fx sager om:


    
        lydaviser til særlige befolkningsgrupper
        udbringning af biblioteksmaterialer til ældre og handicappede";1
"ef0384a8-4d12-47b7-b834-17f5c56174c3";"15.20";"Beskæftigelsesindsats";"Gruppen dækker bl.a. sager om beskæftigelsesindsatsen efter § 2 i lov om en aktiv beskæftigelsesindsats.

Henvisning til andre relevante grupper:


    
        Tilbud efter LAB kap. 11-14, se gruppe 15.18
        Opfølgning, vurdering og revalidering, se gruppe 15.17
        Formidlingsindsats, se gruppe 15.21";1
"ef06a164-53ff-427c-b9e3-ad4e2068c9c7";"03.09.42";"Huslejeregulering i private boliger i uregulerede kommuner";"Emnet dækker bl.a. sager om:


    
        Huslejeregulering i private boliger i uregulerede kommuner
        Tvister om lejeregulering
        Lejeforhøjelse, det lejedes værdi, herunder 80/20 ejendom
        Lejens størrelse, det lejedes værdi, herunder 80/20 ejendom
        Nedsættelse af lejen
        
    


Henvisning til relevante facetter:


    
        Konkrete sager om tvister tilføjes G01
        
    


Tidligere lovreference:


    
        Lejeloven § 47-49 (LBK 2019-09-04 nr. 927)
        Lejeloven § 106, stk. 1, nr. 1 (LBK 2019-09-04 nr. 927)";1
"ef1bdf9d-caa2-45b9-8be4-0d7cd5d77e7b";"01.03.00";"Zoneinddeling og landzoneadministration i almindelighed";"Emnet dækker bl.a. sager om:


    
        To eller flere emner i gruppen, eller som ikke kan placeres entydigt under et eksisterende emne";1
"ef2d0e99-b4a7-4bb4-b068-b9111356583b";"19.03.00";"Museer i almindelighed";"Emnet dækker bl.a. sager om:


    
        Arbejdsplaner for museer - tilføjes facet P15
        Vedtægter for museer - tilføjes facet P24
        Årsberetninger - tilføjes facet K07.
        Kommunale tilskud til museer- tilføjes facet S49.
        Private tilskud til kommunale museer - tilføjes facet Ø34.";1
"ef3887b6-d960-49e9-9fd2-3d769d7b4828";"09.02.02";"(B) Forarbejdning af visse råstoffer mv.";"Emnet dækker bl.a. sager om:


    
        godkendelse og godkendelsespligt af listevirksomhed vedrørende (B) Forarbejdning af visse råstoffer mv.
        tilsyn med listevirksomhed
        
    


Henvisning til relevante facetter:


    
        Sager om tilsyn tilføjes K08
        Sager om godkendelser tilføjes P19
        
    


Navngivningen af emnerne følger listen af godkendelsespligtige listevirksomheder i bilag 1 og 2 til godkendelsesbekendtgørelsen";1
"ef6b5436-2662-4c42-b320-6f07ec1bf64a";"32.15";"Underholdsbidrag";"Ingen beskrivelse";1
"ef6ff793-8001-4c93-9786-36ea12174f5e";"19.02.09";"Arkivforedrag";"Ingen beskrivelse";1
"ef9b526d-d625-11ea-8ae2-0050c2490048";"23.25.10";"Den registreredes indsigtsret";"Emnet dækker sager om:


    
        Den registreredes indsigtsret.
        Konkrete ansøgninger om indsigt i registrerede oplysninger journaliseres med facet A53.
        
    


Henvisning til andre relevante emner:


    
        Sager om aktindsigt journaliseres under pågældende emne der søges aktindsigt i, og kombineres med facet A53.
        
    


Historik


    
        Emnet er flyttet fra 85.09.10 pr. august 2020.";1
"efc2c27d-a329-471e-8370-0e539923ba4f";"00.16";"Forsøgs- og udviklingsarbejde";"Emnet dækker bl.a. sager om:


    
        Forsøgs- og udviklingsarbejde, der går på tværs af fagområder.
        Forsøgsordninger der ikke entydigt kan placeres under et konkret emne, se 00.16.00.
        Udviklingsarbejde, der ikke entydigt kan placeres under et konkret emne, eller som er tværgående, se 00.16.02.
        Udvidet udfordringsret, se 00.16.10.
        
    


Henvisning til andre emner og facetter:


    
        Forsøgsordninger der kan placeres under et konkret emne tilføjes facet P08 'Forsøgsordninger'.";1
"f015b513-4197-4021-a586-4b53a24b00b2";"03.10";"Drift af og tilsyn med almene boliger (ikke-økonomisk)";"Her journaliseres bl.a. sager om kommunal anvisning af almene boliger samt sager om ikke-økonomisk tilsyn med almene boliger.

I gruppen journaliseres også sager hvor kommunen godkender lejemål i henhold til § 61 i almenboligloven.";1
"f02b9977-df1c-4b48-80c3-c93eef8dd2e6";"83.29.00";"Materialer til skadedyrsbekæmpelse i almindelighed";"Ingen beskrivelse";1
"f03ba3c6-e98e-11e4-ad62-0050c2490048";"32.45.20";"Internationale oplysninger - kontrol";"Emnet dækker bl.a. sager om:


    
        Indhentning af oplysninger fra udenlandske myndigheder.
        Udbetaling Danmarks indhentning af oplysninger til brug for kommunen.";1
"f03bb9e6-bff2-47a0-84e8-d93239583d5d";"13.02.00";"Vandforsyning i almindelighed";"Emnet dækker bl.a. sager:


    
        der dækker to eller flere emner i gruppen
        der ikke er dækket af et af de eksisterende emner i gruppen
        tilsyn med vandforsyningers offentliggørelse af oplysninger til forbrugere
        ansøgning om tilskud til sløjfning af ubenyttede brønde og boringer og til beskyttelsesforanstaltninger til sikring af drikkevand
        markedsmæssighed af vandselskabers aftaler
        påbud fra Vandsektortilsynet med frist for afståelse eller afvikling af et vandselskabs tilknyttede virksomhed (vandsektorloven § 18, stk. 4)";1
"f04ebceb-8357-4ed8-9d91-7fe4366ba5aa";"17.00.01";"Ordensregler for skoleelever";"Emnet dækker bl.a. sager om:


    
        ordensregler og værdiregelsæt
        Iværksættelse af foranstaltninger overfor elever
        disciplinære foranstaltninger overfor elever
        overførsel til anden undervisning på skolen eller eftersidning
        antimobbestrategi der indgår som del af værdiregelsættet
        
    
    


Henvisning til relevante facetter:


    
        Konkrete ordensregler og værdiregelsæt tilføjes facet P21";1
"f06b43d6-27cd-404d-b7d6-c33b06676ab3";"04.20.00";"Læplantninger i almindelighed";"Ingen beskrivelse";1
"f07ad6de-47b0-4e7f-ba6c-14409cc874aa";"05.03.05";"Nyanlæg, broer og tunneler";"Sager om anlæg, herunder nyanlæg, kan inddeles i en række faser, der adskilles sagsmæssigt. Følgende facetter kan anvendes ifm. anlægsprojekter:


    
        Anlægsplan P16
        Anlægsprojekter P20
        Anlægsbevilling 00.30.08 med P19
        Aflevering af byggeregnskab 00.32.04 med G01
        Godkendelse af anlægsregnskab 00.32.04 med P19
        Byggemøder P35";1
"f0820080-181a-4ea4-9587-02b86aa13898";"02.02.00";"Bebyggelsens højde- og afstandsforhold i almindelighed";"Ingen beskrivelse";1
"f08eb19f-3925-4721-b5fd-c6a8184fc2b9";"23.09.00";"Legitimation til borgere i almindelighed";"Emnet dækker bl.a:


    
        generelle sager om legitimation til borgere
        sager der vedrører to eller flere emner i gruppen, eller ikke er dækket af et af de eksisterende emner
        sager om den nationale digitale identitetstegnebog";1
"f0d9b26c-d4ff-46c0-8098-f89ec5044dde";"83.09";"Brændsel, driv- og smøremidler";"Ingen beskrivelse";1
"f0dbd7c7-87f2-4b44-82f8-300bf62879ca";"83.07.01";"Aviser, abonnement";"Ingen beskrivelse";1
"f0dbf37e-0aae-4268-8d01-8cca70f6f1c1";"86.01";"Fødevareproduktion";"Ingen beskrivelse";1
"f0dfed55-4276-47ba-847e-63247b10b2db";"05.07.01";"Renholdelse af veje og stier";"Emnet dækker bl.a. sager om:


    
        Renholdelse af veje og stier
        Sager om delegation, eller udførelse af andre vejmyndigheders opgaver vedr. renholdelse.";1
"f0f661b2-6078-11eb-b0f1-0050c2490048";"01.30";"Klimaindsats og fremme af vedvarende energi";"Gruppen dækker bl.a. sager om: 


    
        overordnet koordineret og planlægning af klimaindsatser og CO2 reduktion, handleplaner, strategier, CO-2 regnskaber o.lign.
        fremskyndelse af vedvarende energiprojekter
        samspil mellem kommunal planlægning og VE-projekter
        
    


Gruppen udbygges efter behov for opdeling og indsatser, der følger af bl.a. klimaloven og fremme af vedvarende energi.

Kontakt gerne KLE redaktionen ved behov for udbygning.";1
"f0f661b2-6078-11eb-b0f2-0050c2490048";"01.30.00";"Klimaindsats og fremme af vedvarende energi i almindelighed";"Emnet dækker bl.a. sager om:


    
        Overordnet klimaindsats
        Klimastrategi
        CO2 reduktion
        CO2 udledning
        Overordnet koordinering og planlægning af klimaindsatser
        Klimaalliancen
        
    


Henvisning til andre relevante emner:


    
        Konkrete indsatser ift. klimatilpasning/ klimaprojekter, placeres under relevante emner i KLE
        Klimalokalplan, se emnenr. 01.02.05
        Klima som del af kommuneplanlægning, se emnenr 01.02.03
        Risikostyringsplan, oversvømmelse ved kyster, se emnenr 01.24.20
        Handlingsplan for klimatilpasning, vandløb, se emnenr. 06.02.00
        Indsatsplaner, grundvandsforurening, se emnenr. 09.08.24
        
    


Henvisning til relevante facetter:


    
        Strategier tilføjes P15
        Projekter tilføjes P20";1
"f0f661b2-6078-11eb-b0f3-0050c2490048";"01.30.10";"Klimahandleplaner";"Emnet dækker bl.a. sager om


    
        Kommunens klimahandleplaner
        DK2020-klimahandleplaner";1
"f13508aa-df0b-4af5-86a3-4ad78e8c891a";"29.21.00";"Genoptræning og fysioterapi efter sundhedsloven i almindelighed";"Ingen beskrivelse";1
"f157f5ff-f521-4356-b318-a836974b6a18";"03.03.02";"Byggeriets påbegyndelse, private andelsboliger";"Her journaliseres sager omkring byggeriets igangsætning for private andelsboliger.
        Desuden journaliseres sager, hvor kommunen stiller garanti for realkreditlån til etablering og renovering af privat andelsboliger.";1
"f1657568-49ef-43d3-8d27-282cb652bc15";"09.17.15";"Anmeldelse af etablering mv. af dyrehold og anlæg";"Emnet dækker bl.a. sager efter §§ 42-43 i husdyrgødningsbekendtgørelsen om:


    
        anmeldelse af etablering af fast placerede husdyranlæg, gødningsopbevaringsanlæg og ensilageopbevaringsanlæg
        Udvidelse eller ændringer i samme
        Konkrete anmeldelser tilføjes facet G01
        
    


Henvisning til andre relevante emner:


    
        Godkendelser af husdyrbrug - husdyrbrugloven § 16a, se emnenr. 09.17.19
        Tilladelser til husdyrbrug - husdyrbrugloven § 16b, se emnenr. 09.17.21";1
"f181ae3c-8a64-11e3-9207-0050c2490048";"09.00.07";"Vandområdeplanlægning";"Emnet dækker sager om:


    
        kommunens supplerende foranstaltninger til indsatsprogrammer i forbindelse med vandområdeplanlægning
        sekretariatsbetjening af vandråd
        
    


Henvisning til relevante facetter:


    
        Sager om oprettelse af vandråd og kystvandråd tilføjes facet A30.
        
    


Henvisning til andre relevante grupper/emner:


    
        01.18 Grøn trepart";1
"f1976e96-e378-4118-acdd-304729115749";"05.13.18";"Kørselsdispensationer";"Emnet dækker sager om kørselsdispensationer, der kan udstedes til kørsel i gågade, på torvepladser o.l., eksempelvis til, håndværkere, flyttebiler, og ifm. akutte arbejdsopgaver.
        
    


Henvisning til andre relevante emner:


    
        Kørselsdispensationer, se 05.13.18
        
    


Henvisning til relevante facetter:


    
        Konkrete dispensationer tilføjes facet P25";1
"f1bfff52-4c23-46b7-9f2f-e3ceac4f4ec3";"85.04.00";"Blanketter og formularer i almindelighed";"Ingen beskrivelse";1
"f1c5e213-0ab0-11ea-9fb3-0050c2490048";"15.18.10";"Ansættelse med løntilskud";"Emnet dækker sager om:


    
        Ansættelse med løntilskud
        Afløser tidligere emnenr. 15.20.03
        Isbryderordningen, hvor der ydes løntilskud til nyuddannede, som har svært ved at få job pga. et handicap
        
    


Henvisning til andre relevante emner:


    
        Hjælpemidler, se emnenr. 15.20.34
        Befordringsgodtgørelse, se emnenr. 15.20.38";1
"f1c5e213-0ab0-11ea-9fb4-0050c2490048";"15.18.15";"Nytteindsats";"Emnet dækker sager om:


    
        Nytteindsats
        Særligt tilrettelagt nytteindsats
        
    


Henvisning til andre relevante emner:


    
        Hjælpemidler, se emnenr. 15.20.34
        Befordringsgodtgørelse, se emnenr. 15.20.38";1
"f1c5e213-0ab0-11ea-9fb5-0050c2490048";"15.18.20";"Vejledning og opkvalificering";"Emnet dækker sager om:

Vejledning og opkvalificering bl.a. til:


    
        dagpengemodtagere
        jobparate og aktivitetsparate kontanthjælpsmodtagere
        overgangsydelsesmodtagere
        revalidender
        sygedagpengemodtagere
        personer i ressourceforløb
        personer i jobafklaringsforløb
        uddannelseshjælpsmodtagere
        overgangsydelsesmodtagere
        ledige selvforsørgende
        ledige fleksjobvisiterede
        unge under 18 år
        
    


Henvisning til andre relevante emner:


    
        Hjælpemidler, se emnenr. 15.20.34
        Befordringsgodtgørelse, se emnenr. 15.20.38";1
"f1ccb44f-5626-4369-84ec-00a051eb2365";"09.17.24";"Anmeldelse - driftsbygninger, lagre eller anlæg";"Ingen beskrivelse";1
"f1df4937-f4b6-496b-a0fb-9ceb27cf9720";"28.09.40";"Optagelse i dagtilbud / plads i anden kommune / opsigelse";"Emnet dækker bl.a. sager om:


    
        Optagelse i dagtilbud
        Plads i anden kommune
        Opsigelse
        Retningslinjer for optagelse/udmeldelse i dagtilbud journaliseres med facet P21.
        
    


Henvisning til andre relevante emner:


    
        Udsættelse af undervisningspligt efter folkeskolelovens § 34, se 17.20.04 
        Vurdering af barn ifm. eventuel skoleudsættelse, jf. dagtilbudslovens 29a, se 17.20.04";1
"f1e2e565-f003-48bc-ab6d-fb7cc9b6c677";"17.07.01";"Forældremøder";"Her placeres sager om forældremøder, fx sager om:


    
        planlægning
        indkaldelse
        afvikling
        eventuel evaluering
        
    


Henvisning til relevante facetter:


    
        Konkrete sager om forældremøder tilføjes facet P35";1
"f2144117-8b9d-4824-b388-cfeef8d4bf1d";"07.22.08";"Brugers anvendelse af bioaske og meddelelsespligt";"Her journaliseres bl.a. sager om:


    
        gødningsplaner
        påbud om afhjælpende foranstaltninger, hvis anvendelse af bioaske giver eller kan give anledning til forurening eller væsentlige gener - tilføjes facet K08.";1
"f23b95c0-b10f-44c9-9b70-fe9cb67db028";"07.18.20";"Imprægneret træ, indsamlingsordning";"Kommunalbestyrelsen skal etablere en indsamlingsordning for affald af imprægneret træ.
        Ordningen skal tilrettelægges på en sådan måde, at væsentlige dele af det imprægnerede træ bliver indsamlet.";1
"f243e18a-42dd-42b2-957a-6d4230dbd178";"01.15";"Jordfordeling";"Gruppen er til sager om jordfordeling og offentligt køb og salg af fast ejendom til jordbrugsmæssige formål m.m.";1
"f27694db-7f60-11f0-b28b-0050c2490048";"13.02.30";"Forsyningsaktiviteter med teknisk vand";"Emnet dækker bl.a. sager om:


    
        forsyningsaktiviteter med teknisk vand
        opgaver ifm oprettelse af et teknisk vand-selskab
        organisering af kommunale forsyningsaktiviteter med teknisk vand";1
"f297d4cc-a182-47ce-9dd4-be90cbaa5c30";"07.04.02";"Maskiner / inventar, ikke-faste installationer, affaldsbehandlingsanlæg";"Ingen beskrivelse";1
"f29f1ed2-2488-4087-9cc1-cd51227e69a0";"03.09.00";"Lejeforhold mv. i private boliger i almindelighed";"Emnet dækker bl.a sager om:


    
        To eller flere emner i gruppen, eller ikke kan placeres entydigt under et eksisterende emne
        Kommunalbestyrelsens beslutning om at kommunen skal være reguleret, eller ikke være reguleret jf. lejelovens § 4-5
        
    


Henvisning til relevante facetter:


    
        Konkrete sager om tvister tilføjes G01";1
"f2be6d9b-e9bc-40ce-a9aa-907d0979d088";"15.21.00";"Formidlingsindsats i almindelighed";"Ingen beskrivelse";1
"f2c3ae1e-a2f4-4b35-bd01-03db23cbac8c";"20.01.09";"Det Københavnske Teatersamarbejde";"Ingen beskrivelse";1
"f2ddea7d-2e16-4ef6-8cc8-d863182f0b65";"01.11.24";"Bygningsfornyelse af ejerboliger og andelsboliger";"Emnet dækker bl.a. sager om:


    
        Støtte til udgifter til bygningsfornyelse af ejerboliger og andelsboliger. Fx tidssvarende opvarmning, wc, istandsættelse af bygningens klimaskærm, afhjælpning af kondemnable forhold samt til istandsættelser, der skal sikre eller øge bevaringsværdien af de udvendige bygningsdele.
        Bygningsfornyelsesbeslutninger - tilføjes facet G01.
        Bygningsforbedringsudvalget og dets virke";1
"f2eab1ce-cc71-41b3-97bd-6dd64fd122a3";"00.05.07";"Hædersbevisninger, priser og prisuddelinger";"Ingen beskrivelse";1
"f2ed572c-bc6c-4bfa-9c25-11d691b8e8e7";"81.01.08";"Funktionsbeskrivelse";"Nummeret er til sager om funktionsbeskrivelser, arbejdsbeskrivelser, mv. for en række jobfunktioner i kommunen.";1
"f35a4e16-d19c-11e5-bffe-0050c2490048";"88.12.32";"Dynamiske indkøbssystemer";"Dynamiske indkøbssystemer er en elektronisk indkøbsproces til indkøb af ydelser, der er generelt tilgængelige på markedet og opfylder ordregiverens krav.
        Dynamiske indkøbssystemer kan anvendes til alle typer indkøb, dvs. indkøb af varer, bygge- og anlægsarbejder og tjenesteydelser.
        Dynamiske indkøbssystemer kan med fordel anvendes ved mere standardiserede indkøb som fx fødevarer eller kontorartikler. Anvendelsen er dog ikke begrænset til standardiserede indkøb, men vil også kunne omfatte fx almindeligt anvendte konsulentopgaver. Indkøbscentraler kan desuden oprette dynamiske indkøbssystemer og stille dem til rådighed for deres brugere.";1
"f35ee530-44a2-4f72-a30e-6e36e94f3f02";"05.03.06";"Vedligeholdelse / renovering";"Ingen beskrivelse";1
"f36ede9c-c20c-467e-aab9-5b2896d8e325";"85.04.06";"e-indberetningsblanketter og formularer";"Her journaliseres sager bl.a. om e-fakturaer.";1
"f3748cdd-445d-46c1-8ed6-79a5fc0a3d36";"09.02.11";"(J) Anden godkendelsespligtig listevirksomhed";"Emnet dækker bl.a. sager om:


    
        godkendelse og godkendelsespligt af listevirksomhed vedrørende (J) Anden godkendelsespligtig listevirksomhed
        tilsyn med listevirksomhed
        
    


Henvisning til relevante facetter:


    
        Sager om tilsyn tilføjes K08
        Sager om godkendelser tilføjes P19
        
    


Navngivningen af emnerne følger listen af godkendelsespligtige listevirksomheder i bilag 1 og 2 til godkendelsesbekendtgørelsen";1
"f3a7b1e8-0b93-4ea2-8496-45b3bf746367";"08.02";"Havnebassiner, sejlløb mv.";"Ingen beskrivelse";1
"f3fd6755-6b2c-4100-8895-5b5151b6264b";"04.14.00";"Campingpladser og lejrpladser i almindelighed";"Ingen beskrivelse";1
"f4028415-ee65-4b9a-9f7c-334e82f95019";"15.00.20";"Andre aktører, beskæftigelsesindsats";"Emnet er bl.a. til sager om:


    
        kontrakter med eksterne leverandører
        rammeaftaler, som andre aktører og kommunen indgår om beskæftigelsesindsatsen
        
    
    


Henvisning til relevante facetter:


    
        Konkrete kontrakter tilføjes facet Ø54";1
"f4274dba-3921-4fce-a2ab-fbd1392bed37";"07.16.03";"Klassificering af affald";"Emnet dækker bl.a. sager om:


    
        kommunens ansøgning til Miljøstyrelsen om en klassificeringsafgørelse
        kommunens vejledning om, hvordan affald kan klassificeres
        Miljøstyrelsens afgørelser om affaldsfasens ophør
        Miljøstyrelsens afgørelser om et stof eller en genstand er affald
        Miljøstyrelsen afgørelser om affaldet er farligt affald, emballageaffald, genanvendeligt affald, forbrændingsegnet affald eller deponeringsegnet affald
        
    


Miljøstyrelsen har overtaget klassificeringskompetencen fra kommunerne d. 1. januar 2025.";1
"f42af490-796d-4c6c-8601-3e3ea550724f";"20.02.03";"Biografvirksomhed";"Ingen beskrivelse";1
"f44991ed-e430-4561-a7ab-b98667ea0f16";"83.05.00";"Fødevarer i almindelighed";"Ingen beskrivelse";1
"f461b1e5-a215-11ed-b172-0050c2490048";"03.09.56";"Regulering af leje efter nettoprisindeks";"Emnet dækker bl.a. sager om:


    
        Lejeforhøjelse efter lejelovens § 53 a
        Lejeforhøjelse ud over udviklingen i nettoprisindekset
        Aftale om regulering efter nettoprisindeks";1
"f470d66b-fd61-424d-afec-d8f3055a136d";"88.16.00";"Kontrakter inden for forsyningsvirksomhed i almindelighed";"Ingen beskrivelse";1
"f4805134-5a29-4279-8d44-42e0f98cbf05";"22.11.26";"Betaling for taxikørsel";"Emnet udgik august 2018 da administrationen af taxiområdet er flyttet til Trafik-, Bygge- og Boligstyrelsen. Genåbnet februar 2019, da kommuner fortsat får henvendelser, bl.a. om ombytning af tilladelser.";1
"f4ac41f3-38fa-46d0-a218-0809204fdfff";"04.03.00";"Offentlige legepladser i almindelighed";"Her journaliseres bl.a. sager om:


    
        Offentlige legepladser
        
    


Henvisning til andre relevante emner:


    
        Sager, der vedrører legepladser i forbindelse med kommunale ejendomme, fx indhegnede legepladser ved institutioner, journaliseres under kommunale ejendomme på emnenr. 82.11.01.";1
"f4ad6c1d-c0a9-4261-a777-d104f340f395";"05.14.12";"Automater - genstande på vejareal";"Ingen beskrivelse";1
"f4fabc5c-e14e-499c-9d36-3829cc9e90a0";"25.02.00";"Ejendomsbeskatning i almindelighed";"Emnet dækker tværgående sager, der vedrører to eller flere emner i gruppen, eller som ikke entydigt kan placeres under et af emnerne.";1
"f51657a2-8263-406e-b319-78f4d9ed626b";"09.08";"Beskyttelse af jord og grundvand";"Gruppen dækker bl.a. sager vedrørende miljøbeskyttelsesloven, jordforureningsloven og bek. om indretning, etablering og drift af olietanke, rørsystemer og pipelines.";1
"f5204a1b-25e0-4c2a-b5f4-74cc4021f9e9";"83.30.00";"Køkken- og kantineudstyr i almindelighed";"Ingen beskrivelse";1
"f527811c-5108-4503-80c6-678a4e960a5d";"14.00";"Beredskab";"Ingen beskrivelse";1
"f555289e-2a6c-11e7-93ae-92361f002671";"32.10";"Børnetilskud";"Ingen beskrivelse";1
"f56cd17f-e55b-4e37-88d9-b0dda45076aa";"17.21.01";"Befordring af folkeskoleelever";"Kommunalbestyrelsen skal inden for fastsatte afstandskriterier sørge for befordring mellem skolen og hjemmet.
        Ud over afstandskriteriet kan hensynet til børnenes sikkerhed i trafikken betinge befordring.
         

    


Emnet dækker sager herom, fx sager om:


    
        kontrakt med vognmænd
        dispensationsansøgninger
        lokale retningslinjer i forhold til børnenes sikkerhed
        
    


Såfremt befordringen udføres af et trafikselskab placeres de konkrete sager om køreplaner, klager o.l. i gruppe 13.05.";1
"f57067ce-2199-4af1-b7d1-22674b157c95";"15.23.07";"Tilmelding og Jobnet";"Emnet dækker sager om tilmelding og beskæftigelsesministeriets database (Jobnet).
        
    


Henvisning til andre emner:


    
        Sager hvor offentlige arbejdsgivere skal indlægge alle ledige stillinger i Jobnet, placeres under emnenr. 81.00.05";1
"f593d150-8e02-4b82-81e2-13d45a1b3a0f";"01.10";"Bygningsfredning og bygningsbevaring";"Ingen beskrivelse";1
"f5c490b0-1a1d-4c9f-9874-70b69682d5ac";"28.03.08";"Fritidshjem, organisering og driftsaftaler";"Emnet er bl.a. til sager, hvor kommunalbestyrelsen fastlægger fritidshjemmenes overordnede struktur, herunder fordelingen og udbygningen tilbud.
        Fritidshjem kan etableres som et kommunalt fritidshjem, et selvejende fritidshjem eller et privat fritidshjem.";1
"f5cb75e2-eea2-44ba-b0d6-9d164b718618";"05.14.06";"Postkasser - genstande på vejareal";"Ingen beskrivelse";1
"f5e09b53-487e-48cf-8d85-0b5cc0bc4dd3";"04.11.02";"Jagt og vildtpleje";"Ingen beskrivelse";1
"f5f77bd4-6a24-46b8-a67e-a6a4acb3bdf7";"03.11.05";"Vedligeholdelsesplan for almene boliger";"Emnet dækker bl.a. sager om:


    
        Vedligeholdelsestilstand og fornyelsesarbejder for almene boliger
        Tilstandsrapporter for almene boliger
        Pålæg om at foretage vedligeholdelsesarbejder.";1
"f6087525-8bd4-11e7-93fe-0050c2490048";"23.09.10";"Knallertbevis";"Emnet dækker sager om udstedelse af knallertbevis.";1
"f6087525-8bd4-11e7-93ff-0050c2490048";"23.09.15";"Udstedelse af legitimationskort";"Emnet dækker bl.a. sager om:


    
        udstedelse af legitimationskort
        fastsættelse af gebyr for udstedelse - tilføjes facet S29";1
"f6117ac1-d0f0-4c4e-a8a2-c41577c10ae1";"23.05.10";"Flytteanmeldelse";"Emnet dækker sager om indenlandske flytninger og flytteanmeldelser.
        Hvis logiværtserklæringer ønskes oprettet som selvstændig sag, se emnenr. 23.05.08.";1
"f6644d9f-a89e-48b0-8327-96951801ee37";"88.00";"Kommunens indkøb og udbud";"Vejledning til brug:


    
        Formålet med opbygningen af udbudsgruppen er, at den understøtter dokumentationen ifm. de forskellige typer af indkøb, og de trin kommunen skal igennem i en udbudsproces.
        Genstanden for udbuddet (hvad udbuddet omhandler) tilføjes i sagstitlen.
        Konkrete udbudssager tilføjes facet G01.
        Når kontrakt indgås med leverandøren, og udbudsprocessen er gennemført, journaliseres selve kontrakten/driftssagen på relevant emne i KLE.
        Kontrakten/driftssagen tilføjes facet Ø54.
        (Hovedgruppe 88-emnerne erstatter tidligere facet Ø22).";1
"f666608f-0ccc-4ccb-b86e-e877938503a4";"84.05";"Menighedsrådsvalg";"Ingen beskrivelse";1
"f68164d6-a71d-433c-8901-6f88e5377db7";"20.03.20";"Lokale musikudvalg, opbygning af";"En kommune eller flere kommuner i forening kan nedsætte lokale musikudvalg, der skal virke til fremme af musiklivet i kommunen og skal herunder medvirke til at samordne den musikalske virksomhed i området.
        Emnet her er til bl.a. til sager om opbygning og organisering af de lokale musikudvalg.";1
"f6b966e2-a4f2-47f8-962d-7cb7a78a0da2";"20.07.10";"Undervisningstilbud på musikskoler";"Emnet dækker bl.a. sager:


    
        undervisningstilbud
        holdtyper
        læreplaner for musikskolens undervisningstilbud";1
"f6c78e6b-391b-4ae0-a2b7-cfbe40f0ca0d";"83.38";"Affalds- og renovationsmaterialer";"Ingen beskrivelse";1
"f6fc621b-db75-49b9-9ee3-ea4ee5b19c1d";"07.04.04";"Affaldsbehandling";"Emnet dækker bl.a. sager om:


    
        Affaldsbehandling
        Kontrakter om behandling af forbrændingsegnet affald
        
    


Henvisning til andre relevante emner


    
        Udbud om behandling af forbrændingsegnet affald, se emnenr. 88.16.04";1
"f6fd685f-3041-4651-aae2-f7ef4b207269";"83.11.05";"Vedligeholdelse / renovering af køretøjer";"Ingen beskrivelse";1
"f6fe2a79-f54b-4824-8dab-d5704856376b";"09.08.06";"Undersøgelses- og afværgeindsats, jordforurening";"Emnet dækker bl.a. sager om:


    
        Den offentlige undersøgelses- og afværgeindsats, primært ved regionsrådets foranstaltning
        Regionsrådet udfører undersøgelsesprojekter vedrørende jordforurening på kortlagte arealer
        Regionsrådets undersøgelsesprojekter vedrørende jordforurening";1
"f7099066-c1b0-47fb-8556-b3b116bd5b08";"05.00.00";"Veje og trafik i almindelighed";"Emnet dækker bl.a.:


    
        Generelle sager om veje og trafik
        Sager om veje og trafik som dækker to eller flere grupper i hovedgruppe 05, eller ikke entydigt kan placeres under et af emnerne i hovedgruppe 05";1
"f72e64e0-924d-44bd-9611-8744c913b24a";"15.04.10";"Beskæftigelsesprojekter";"Ingen beskrivelse";1
"f72f0bb1-8331-486a-bcf6-523ddeeb44f9";"81.32.00";"Beklædning, uniformer, påklædning i almindelighed";"Ingen beskrivelse";1
"f7737e49-d0ff-4adf-a67b-c7b2d5e06495";"84.00";"Offentlige valg";"Ingen beskrivelse";1
"f77d217a-e414-11e4-ae32-0050c2490048";"27.12.30";"Politi, socialforvaltning og psykiatri - henvendelser (PSP)";"Emnet dækker bl.a. sager om:


    
        Emnet dækker bl.a. sager om konkrete henvendelser fra politiet eller psykiatrien i regionerne vedrørende borgere i PSP-målgruppen, som kommunen bedes kontakte med relevante tilbud
        Udførende niveau, PSP-samarbejde";1
"f7a0ffcf-ca0e-4c52-820b-617210923ede";"01.03";"Zoneinddeling og landzoneadministration";"Gruppen er til sager om landzoner, der administreres i henhold til planloven samt sager, der afgøres/behandles med udgangspunkt i vedtagne planer.

Planlægningssagerne kan opdeles i de enkelte planlægningsfaser ved hjælp af facetterne:


    
        Udarbejdelse af forslag: P16
        Offentliggørelse af forslag: A50
        Høring og indsigelser: K04
        De konkrete planer: P16
        Eventuelle dispensationer: P25
        
    


Konkrete sager, der afgøres på baggrund af planerne, tilføjes facet G01.";1
"f7a68650-d5b0-4844-b37e-841c3a2bc6f7";"29.00.00";"Sundhed i almindelighed";"Emnet dækker bl.a.:


    
        generelle sager på sundhedsområdet
        indberetning af data om kommunale sundhedsindsatser fra kommunalbestyrelser til Digital Sundhed Danmark, jf. bekendtgørelse herom
        sager på sundhedsområdet som dækker to eller flere grupper i hovedgruppe 29, eller som ikke entydigt kan placeres under et af emnerne i hovedgruppe 29";1
"f803aafd-9133-4e5d-a208-45f3cdd62ff2";"81.17.00";"Tjenestemandslån i almindelighed";"Emnet anvendes til sager om lønforskrivning ifm. tjenestemandslån.
        Til sikkerhed for lånet deponerer låntageren en lønforskrivning på sin løn og eventuelle tjenestemandspension.";1
"f823d779-7142-404e-b12d-d7ad6d0ea314";"86.11";"Kommunal selvforsikringsordning";"Ingen beskrivelse";1
"f8386b95-bab1-4259-abe7-40fa5d1d39b8";"83.34";"Kunst";"Ingen beskrivelse";1
"f8400af1-3c65-4284-8a47-00a5b221f1d5";"82.10.00";"Kantiner i almindelighed";"Her journaliseres bl.a. sager vedrørende:


    
        kantiner, bespisning, kantinedrift, forpagtning, udbud af kantinedrift mv.
        madtilbud/kantinedrift på fx kommunens idrætsanlæg, botilbud, døgninstitutioner mv. - da det betragtes som en del af kommunens ressourcer.
        krav til kantinedriften/madtilbuddet fx økologi";1
"f84c3a67-628f-4382-9c32-c6b60f476940";"01.11.32";"Erstatningsboliger mv.";"Emnet dækker sager om erstatningsboliger ved byfornyelse, fx sager om:


    
        opsigelse af lejemål
        permanent- og midlertidig genhusning
        fremskaffelse af boliger til kommunal anvisning";1
"f851544c-3a34-4931-bf1b-825bda82d8a7";"82.19.00";"Miljømæssige bygningsforbedringer, kommunens ejendomme i almindelighed";"Emnet dækker bl.a. sager om:


    
        Identifikation, undersøgelser af miljømæssige bygningsforhold. 
        Udbedring af miljømæssige bygningsforhold";1
"f8697008-22cc-4d96-8361-a7d0ed3ef3c7";"87.12.00";"Arbejdsmiljø - lægeundersøgelser mv. i almindelighed";"Ingen beskrivelse";1
"f87791dd-59e3-430b-b97e-50481d6af3c3";"81.27.02";"Fridage, personale";"Ingen beskrivelse";1
"f87fa52e-5afb-46e1-8caf-b9f48e3b78ac";"83.09.02";"Benzin";"Ingen beskrivelse";1
"f880a856-52b1-4fab-abf2-5f38298df8b9";"29.30.10";"Sundhedsberedskab";"Kommunalbestyrelsen skal én gang i hver valgperiode udarbejde og vedtage en plan for sundhedsberedskabet.
        Konkrete sundhedsberedskabsplaner tilføjes facet P15";1
"f88133c8-5134-4bcd-9b1a-97db24a99071";"83.37";"Rør og fittings";"Ingen beskrivelse";1
"f891b9ba-39da-44cc-9cec-d51fe1290985";"09.02.01";"(A) Forarbejdning og overfladebehandling af jern, stål og metal mv.";"Emnet dækker bl.a. sager om:


    
        godkendelse og godkendelsespligt af listevirksomhed vedrørende (A) Forarbejdning og overfladebehandling af jern, stål og metal mv.
        tilsyn med listevirksomhed
        
    


Henvisning til relevante facetter:


    
        Sager om tilsyn tilføjes K08
        Sager om godkendelser tilføjes P19
        
    


Navngivningen af emnerne følger listen af godkendelsespligtige listevirksomheder i bilag 1 og 2 til godkendelsesbekendtgørelsen";1
"f8b799df-3f4a-47d8-8b6d-573b2a3eb86d";"02.00.11";"Vedligeholdelse af private grunde";"Ingen beskrivelse";1
"f8d6e719-e050-48d8-89e2-977d0eaba6bb";"00.03.00";"International virksomhed og EU i almindelighed";"Emnet dækker bl.a. sager om kommunens egne internationale strategier, kombineret med facet P15.";1
"f8ee7d15-6d72-4e6f-9390-0916f0e50518";"14.20";"Beredskabsanlæg";"Her journaliseres sager om beredskabsanlæg. Sager der vedrører det bygningsmæssige iht. bygningsregulativet journaliseres i gruppe 02.05.";1
"f92c5dba-b784-11e9-92f4-0050c2490048";"25.45.24";"Opkrævning - tilbagebetaling pension";"Udbetaling Danmark myndighedsopgave.";1
"f92c5dba-b784-11e9-92f5-0050c2490048";"25.45.25";"Opkrævning - tilbagebetaling førtidspension";"Udbetaling Danmark myndighedsopgave.";1
"f92c5dba-b784-11e9-92f6-0050c2490048";"25.45.27";"Opkrævning - tilbagebetaling international pension";"Udbetaling Danmark myndighedsopgave.";1
"f92c5dba-b784-11e9-92f7-0050c2490048";"25.45.28";"Opkrævning - tilbagebetaling international førtidspension";"Udbetaling Danmark myndighedsopgave.";1
"f93563f8-cb78-49a1-88a7-0f52f3c88825";"01.11.38";"Udgiftsramme, forsøg mv. - byfornyelse";"Her journaliseres sager der vedrører byfornyelseslovens kap. 11. Det drejer sig bl.a. om sager vedrørende:


    
        udgiftsrammen (fx tilsagn om indfasningsstøtte samt tilskud og godtgørelse)
        forsøg (fx bygningsfornyelses- og områdefornyelsesforsøg)
        kommunal støtte og udpantningsret";1
"f941051f-f222-471e-96e1-d39d77db946b";"15.21.01";"Bistand til job- og uddannelsessøgende og arbejdsgivere";"Emnet dækker bl.a. konkrete sager om kommunens bistand med at finde arbejde og arbejdskraft og bistand med rekruttering og jobformidling.

Henvisning til andre relevante emner:


    
        Virksomhedsservice efter § 14, stk. 2, se emnenr. 15.23.05";1
"f9579323-878a-4b5a-8d8e-e1219223c648";"32.03.12";"Personligt tillæg og helbredstillæg";"Emnet dækker bl.a. sager om personligt tillæg og helbredstillæg til pensionister, herunder evt. tilbagebetaling af personlige tillæg.

Henvisning til relevante facetter:


    
        Ansøgning om personligt tillæg tilføjes facet G01.
        Indberetning af oplysning om helbredstillæg til Lægemiddelstyrelsens Centrale Tilskudsregister (CTR) tilføjes facet G01.
        
    


Henvisning til andre relevante emner:


    
        Udvidet helbredstillæg, se emnenr. 32.03.13.
        
    


Historik:


    
        Udvidet helbredstillæg er fra maj 2025 udskilt i emne 32.03.13 .";1
"f972c496-0a33-46b5-b3db-00e0fe6c1b67";"08.08.06";"Vedligeholdelse af færgelejer";"Ingen beskrivelse";1
"f97a12af-14fb-45e3-aacb-4823a005685d";"18.13";"Fritidsvirksomhed";"Ingen beskrivelse";1
"f9864236-0cc9-4e2d-9e62-4bea3c589ac6";"22.01.00";"Restaurations- og hotelvirksomhed i almindelighed";"Ingen beskrivelse";1
"f9f3fedf-6079-4a1b-a42f-dbdc2908e5d7";"04.30.05";"Kremering";"Ingen beskrivelse";1
"fa1e6791-574c-4559-ae0c-ccf6e5987249";"17.00.30";"Statens uddannelsesstøtte";"Emnet anvendes til opbevaring af informationer o.l. om regler, beløb mv. om statens uddannelsesstøtte (SU).";1
"fa503d62-b923-4926-8f5e-fa116c708572";"00.06";"Administration af fonde, legater og stiftelser";"I denne gruppe journaliseres sager om administration af fonde, legater, stiftelser og andre selvejende institutioner bl.a. i henhold til Fondsloven.

Henvisning til andre relevante grupper:


    
        Feriefonde efter fondsloven, se gruppe 82.40";1
"fa6bbda5-a2ec-49b0-8fcc-1be86cdee63e";"29.12.04";"Sundhedstjeneste til børn og unge i skolen";"Emnet dækker sager om sundhedstjeneste til børn og unge i skolen. Fx sager om:


    
        Tilbud om sundhedsvejledning, bistand og funktionsundersøgelser ved en sundhedsplejerske
        Tilbud om to forebyggende helbredsundersøgelser ved en læge";1
"fa72c4c9-eddb-4c58-8362-fe6d39c9bd3d";"85.08.20";"Makulering";"Her journaliseres bl.a. sager om:


    
        Aftaler vedr. sikkerhedsmakulering
        Makuleringsinstruks";1
"fa8923a4-8cfe-11e5-a4e4-0050c2490048";"03.22.10";"Drift og afhændelse af friplejeboliger";"Emnet dækker sager om drift og afhændelse af friplejeboliger. Fx:


    
        Tilsyn med driften af friplejeboliger. Tilføjes facet K09.
        Emnet har tidligere været dækket af 03.22.00";1
"fa8d4fa9-1d99-41d3-9a98-d379f7eb3ddd";"08.13.00";"Havneydelser i almindelighed";"Ingen beskrivelse";1
"faa87124-8474-4ff4-becc-229491952111";"81.31.00";"Personalelegitimation i almindelighed";"Ingen beskrivelse";1
"fab36cdd-01c4-4a1e-b0d2-7e4a598485f5";"29.12";"Forebyggende sundhedsydelser til børn og unge";"Ingen beskrivelse";1
"fab7163e-05bf-46fe-9ed2-7576d3b777e2";"00.20.00";"Kommunens / institutionens historie, våben mv. i almindelighed";"Emnet dækker bl.a. sager:


    
        der omhandler kommunens historie generelt
        om fx kommunenavn, kommunevåben, borgmesterkæde
        
    


Sager om kommunelogo (design) journaliseres i gruppe 00.13.10.";1
"fabc05d8-7ecd-11e8-9c69-0050c2490048";"13.35";"Energianlæg";"Gruppen er til sager om drift af energianlæg og tilknyttede aktiviteter.";1
"fac0ffb4-928b-4897-bc10-e5ed4863bb72";"28.09.20";"Madordning, dagtilbud";"Emnet dækker sager om madordninger i dagtilbud, herunder også forældrebetalt madordning og forældrearrangerede frokost- og madordninger. Det drejer sig fx sager om:


    
        kommunalbestyrelsens overordnede rammer for madordningen - tilføjes facet P22.
        sager om tilskud til forældrebetalte madordninger i dagtilbud.";1
"fb0ef0b6-c87e-4218-8682-6ee538507c90";"20.04";"Kunstvirksomhed";"Ingen beskrivelse";1
"fb1edaef-887c-4b87-aefb-e012254b50bf";"84.03.07";"Brevstemmeafgivning";"Ingen beskrivelse";1
"fb320d36-4a53-411e-bf89-065b995ab8f6";"00.05.10";"Gaver til og fra kommunen / institutionen";"Nummeret anvendes især til sager om gaver, som kommunen selv giver.
        Nummeret anvendes også til sager om donation og arv til kommunen, hvor kommunen optræder som modtager af en donation eller som arving
        Gaver, der modtages bør så vidt muligt journaliseres under det relevante emnenummer med facet Ø34.
        Findes der ikke et relevant emnenummer, anvendes emnenr. 00.05.10.";1
"fb364607-9617-45c5-b0e2-eee439ec6626";"85.00";"Kommunens administrative systemer";"Ingen beskrivelse";1
"fb6e147f-ef41-4017-98a1-36e145aafc8b";"27.66.08";"Magtanvendelse, voksne";"Emnet dækker bl.a. sager om:


    
        Magtanvendelse overfor voksne bl.a. efter §§ 123-129 i serviceloven, bortset fra § 128a og §128b, der har selvstændigt emne
        Indberetning af magtanvendelse og optagelse i særlige botilbud efter servicelovens § 129
        
    


Henvisning til andre relevante emner og facetter:


    
        Sager om udarbejdelse af handleplaner jf. servicelovens § 141 journaliseres under emnenr. 27.12.12
        Sager om magtanvendelse ifm. børn og unge journaliseres under emnenr. 27.66.04
        Sager om tilbageholdelse af stofmisbrugere i behandling efter Lbk. om tilbageholdelse af stofmisbrugere i behandling journaliseres under emnenr. 27.57.04
        Sager om tilbageholdelse af gravide alkoholmisbrugere efter sundhedsloven journaliseres under emnenr. 29.24.04";1
"fb78bded-82c1-436b-8005-08e8ad616bb5";"83.05";"Fødevarer";"Ingen beskrivelse";1
"fb7b4250-ff2e-48ea-ae14-547f5cb10204";"28.12.16";"Forældrekontakt / -samarbejde, fritidshjem";"Emnet dækker sager om konkret forældresamarbejde i fritidshjem, eksempelvis forældremøder, forældredage, meddelelser til forældrene o.l.
        
    


Henvisning til relevante facetter:


    
        Konkrete sager om forældremøder tilføjes facet P35";1
"fb7fcfdd-625f-44df-a0f7-dd7ce7d5c5d3";"00.07.07";"Tavshedspligt - forvaltningsprincipper";"Emnet dækker bl.a. sager om:


    
        principper for tavshedspligt efter forvaltningsloven
        
    


Henvisning til relevante facetter:


    
        Procedurer for brud på tavshedspligten tilføjes facet A26.
        Konkrete sager om brud på tavshedspligten journaliseres her + facet G01.";1
"fb883f59-93a4-4ddd-a35a-6021619247d3";"23.05.03";"Videregivelse af oplysninger fra CPR";"Ingen beskrivelse";1
"fbabd75f-e967-433a-ab22-f56b94cc0295";"17.07.00";"Forældrekontakt i almindelighed";"Ingen beskrivelse";1
"fbcfe233-77eb-492e-ab82-a68918a5ba3e";"03.10.04";"Anvisningsret / rådighed over almene boliger";"Emnet dækker bl.a. sager om:


    
        Kriterier for udlejning
        Aftaler mellem den almene boligorganisation og kommunen om at stille ledige almene familieboliger til rådighed med henblik på udlejning som udslusningsboliger efter almenboliglovens § 63
        Aftaler med boligorganisationer, der har til formål at modvirke ghettoisering
        Anvisningsret over ældreboliger efter § 17 i ældreboligloven
        Udlejning af kommunalt ejede almene ældreboliger som almene ungdomsboliger
        Anvisning af familieboliger til løsning af påtrængende boligsociale opgaver efter § 59 i almenboligloven
        Vurdering af borgers økonomi for godkendelse til en almen bolig
        Indkaldelse af anvist lejer til drøftelse af restance
        
    


Kontakt redaktionen, hvis der er behov for en udvidelse af emner til anvisning

Henvisning til andre relevante emner:


    
        Visitation /anvisning til plejebolig, se 27.42.08 og plejeboliger for unge under 35 år, se 27.42.10
        Visitation/anvisning til ældrebolig, se 27.45.04
        Sager om anvisningsret efter lov om boligforhold, se 03.01.10";1
"fbd88c99-c4aa-4f98-9ed0-d3a437bb7b23";"03.30";"Særlige støtteordninger - almene boliger mv.";"Ingen beskrivelse";1
"fbd978f6-7e2b-466e-8712-e0154706d1bc";"03.22.00";"Friplejeboliger og lokalplejehjem i almindelighed";"Her journaliseres sager om friplejeboliger, der ikke er dækket af de specifikke emner i gruppen.";1
"fc5a6bc2-7361-4a30-8a59-417ef0518b39";"13.02";"Vandforsyning";"Gruppen er til sager som dækker myndighedsopgaven ift. vandforsyning og administreres efter følgende lovgivning:


    
        Vandforsyningsloven
        Lbk. om afgift af ledningsført vand
        Drikkevandsbekendtgørelsen
        Bek. om betaling for vand efter målt forbrug mv. på ejendomsniveau
        Bek. om indsatsplaner";1
"fc6e325e-9fb9-4e21-a4de-1a4eb444ca60";"14.05.02";"Køretøjer, redningsberedskab";"Ingen beskrivelse";1
"fc7ebfdc-e62a-43cb-9d9d-69ee4615fb58";"20.10.00";"Medborger- og forsamlingshuses virksomhed i almindelighed";"Ingen beskrivelse";1
"fc809da9-8e93-4883-a254-00909d80a167";"09.20.03";"Træ- og møbelindustri";"Ingen beskrivelse";1
"fc984429-9442-42ed-bff1-a4238ea71a55";"81.30.11";"Orlov til uddannelse";"Ingen beskrivelse";1
"fcb4b240-982a-4990-b94f-fa1053aeca46";"08.20";"Lufthavne og flyvepladser";"Ingen beskrivelse";1
"fcc1fd07-9007-456f-9ab0-ab4b89dd2db7";"05.00.05";"Tilgængelighed, veje og trafik";"Her journaliseres sager om tilgængelighed indenfor veje og trafik mv., der fx kan omhandle kantstensovergange, jævne belægninger, lydsignaler ved lyskryds, handicapparkering. Tilgængelighedsplan vedrørende veje og trafik, tilføjes facet P15. Projekter tilføjes facet P20.
        Nummeret er primært til planer, projekter og programmer, mens sager om de konkrete fysiske tiltag placeres under relevant emne, fx lydsignaler ved lyskryds (05.13.01), handicapparkering (gruppe 05.09, emnenr. 02.01.02)
        Sager om tilgængelighed til kommunens egne bygninger placeres i hovedgruppe 82, fx nybyggeri i gruppe 82.06, udformningen af kommunens parkeringspladser under emnenr. 82.11.00";1
"fd1dd790-cfd1-4e15-bb2f-11866c38a366";"09.17.02";"Indretning af stalde mv.";"Emnet dækker sager om indretning af stalde mv.";1
"fd9da829-1542-42ad-95e4-7f68ed1df1cf";"19.00.01";"Museums- / arkivsamarbejde";"Ingen beskrivelse";1
"fda6a55b-60be-4576-8874-371032ee9ad3";"17.02.07";"Holddannelse";"Emnet dækker bl.a. sager om holddannelse.
        Undervisningen kan organiseres i hold inden for den enkelte klasse og på tværs af klasser og klassetrin.";1
"fdb97acf-7a3a-4288-b7cd-39361fcd3179";"05.14.09";"Anbringelse af køretøjer - genstande på vejareal";"Emnet dækker bl.a. sager om:


    
        anbringelse af køretøjer med henblik på salg eller udlejning.
        anbringelse af køretøjer i forbindelse med reparation, påfyldning af drivmidler, rengøring el.lign., når dette sker som led i erhvervsmæssig virksomhed.
        
    


Henvisning til relevante facetter:


    
        Konkrete tilladelser / rådighedstilladelser tilføjes G01.";1
"fde3b0e3-d312-4b8d-9ed6-bb32cddc4ce6";"05.14.03";"Kiosker - genstande på vejareal";"Emnet dækker sager om opstilling af permanente kiosker, eksempelvis på arealer ved vejhjørner eller på brede fortove.
        
    


Henvisning til relevante facetter:


    
        Konkrete tilladelser / rådighedstilladelser tilføjes G01.";1
"fdef00b4-0310-457b-84f3-3f3d5bb46c41";"08.03.42";"Husbåde, anlæg mv.";"Her journaliseres sager om husbåde. Fx sager om:


    
        anlæg i forbindelse med husbåde
        tilladelser";1
"fdf0f426-0703-4bbf-b844-c3240b83b6af";"85.15.00";"Drift af it-systemer og systemanvendelse i almindelighed";"Emnet dækker sager om drift af it-systemer og systemanvendelse, der ikke er dækket af de specifikke emner i gruppen.";1
"fdfef2e3-003e-4790-974f-adb78bcb9720";"14.14.12";"Undervisning af eksterne, redningsberedskab";"Ingen beskrivelse";1
"fe15d026-0904-4f16-a807-9c063893e531";"05.09.04";"Parkeringskontrol";"Emnet dækker bl.a. sager om:


    
        parkeringskontrol
        varetagelse og bemyndigelse af parkeringskontrol
        indtægter fra parkeringsafgifter";1
"fe1dd527-9d6f-4ec2-8539-f4dafcae09df";"17.04.25";"Erhvervspraktik, folkeskole";"Skolen kan tilbyde eleverne i 8. og 9. klasse udsendelse i praktik i virksomheder og institutioner i kortere perioder
        Sager om generelle retningslinjer, aftaler, tilbagemeldinger mv. placeres her
        Sager om den erhvervsvejledning, der finder sted som en del af undervisningen, placeres i gruppe 17.27 som en del af skolevejledningen";1
"fe2595bc-3819-4256-a7e1-c13ebe5a44fa";"18.12.05";"Klubaktiviteter";"Ingen beskrivelse";1
"fe3e5679-5903-4544-b953-70da45c0cd36";"17.04.18";"Skolebespisning, kantine / skolemælk";"Emnet dækker bl.a. sager om:


    
        bespisning på skoler, herunder sager om skolemælk
        kantinedrift i forhold til eleverne mv. (eventuelle tilskud, betaling o.l.)
        slikboder, frugtboder eller lignende drevet af eleverne
        skolefrugt og tilskud hertil
        
    


Sager om kantinedrift for personalet placeres i gruppe 82.10. Selve de fysiske rammer om kantinen journaliseres under de relevante 82-numre hvis skolen er en kommunal ejendom.";1
"fe4758b3-768a-456e-a0a5-94154907b8cf";"25.45.02";"Betalingsstandsninger, akkord";"Ingen beskrivelse";1
"fe582aed-539b-478b-9d2d-5ee97404e6ba";"20.08";"Billedskoler";"Ingen beskrivelse";1
"fe61d60f-0426-4c76-9bd7-59567b4b9175";"02.05.04";"Flugtveje og redningsforhold";"Ingen beskrivelse";1
"fe68e8d6-228e-4a3c-b2a8-f82757f27784";"03.30.00";"Særlige støtteordninger - almene boliger mv. i almindelighed";"Ingen beskrivelse";1
"fe7f7d07-385d-415e-a2f8-3947ecdf0090";"03.02";"Almene boliger, nybyggeri og renovering";"Gruppen er til sager om opførelse af, støtte til og renovering af almene boliger i henhold til Almenboligloven.
        Sager om støttede private ungdomsboliger, der administreres iht. ungdomsboligloven., journaliseres i gruppe 03.14.";1
"fe918b10-a690-11e6-b1a7-0050c2490048";"00.07.17";"Forskelsbehandling og diskrimination";"Emnet dækker sager om forskelsbehandling eller diskrimination, som kommunen behandler
        Klager tilføjes facet K02";1
"fe918b10-a690-11e6-b1a8-0050c2490048";"13.01.08";"Elproduktion";"Emnet dækker sager om produktion af el.";1
"fe918b10-a690-11e6-b1a9-0050c2490048";"13.01.16";"Handel med el";"Emnet dækker bl.a. sager om:


    
        Salg af el tilføjes facet G10
        Statistik på salg af el tilføjes facet P05";1
"fe918b10-a690-11e6-b1aa-0050c2490048";"13.35.05";"Fyringsanlæg";"Emnet er til sager om drift af fyringsanlæg og tilknyttede aktiviteter.";1
"fe918b10-a690-11e6-b1ab-0050c2490048";"13.35.00";"Energianlæg i almindelighed";"Emnet dækker bl.a. sager der med lige god ret, kan placeres under to eller flere emner i gruppen.";1
"fe918b10-a690-11e6-b1ac-0050c2490048";"13.35.15";"Turbineanlæg";"Emnet er til sager om drift af turbineanlæg og tilknyttede aktiviteter.";1
"fe918b10-a690-11e6-b1ad-0050c2490048";"13.35.20";"Miljøanlæg";"Emnet er til sager om drift af miljøanlæg og tilknyttede aktiviteter.";1
"fe918b10-a690-11e6-b1ae-0050c2490048";"13.35.25";"Fællesanlæg - energi";"Emnet er til sager om drift af fællesanlæg og tilknyttede aktiviteter.

Emnet dækker også sager om grøn pulje efter lov om fremme af vedvarende energi.";1
"fe918b10-a690-11e6-b1af-0050c2490048";"13.35.50";"Laboratorieydelser";"Emnet dækker sager vedr. laboratorieydelser. Fx


    
        Laboratorieprøver
        Salg af laboratorieydelser. Tilføjes facet G10.
        Analyser af kul, olie, vand. Tilføjes facet P05.";1
"fea93f3e-80b1-41db-9712-02941c5bcedc";"82.10";"Kantiner";"Ingen beskrivelse";1
"feb5790e-6e56-4277-a79e-b0ddca0bad06";"86.02.00";"Vask i almindelighed";"Hvis kommunen har eget vaskeri, journaliseres sager om driften af dette i denne gruppe.";1
"feb9c772-5fd7-4c82-8296-2299df929c3a";"27.63.00";"Pasning af nærtstående med handicap i almindelighed";"Ingen beskrivelse";1
"fec95d3d-462b-4c0b-855d-f86a15f4e428";"81.04.00";"Personaleudvikling i almindelighed";"Ingen beskrivelse";1
"fed81e1c-d9f9-4de8-aa12-875fe944ce81";"09.02.09";"(H) Flyvepladser og motorsportsbaner";"Emnet dækker bl.a. sager om:


    
        godkendelse og godkendelsespligt af listevirksomhed vedrørende (H) Flyvepladser og motorsportsbaner
        tilsyn med listevirksomhed
        
    


Henvisning til relevante facetter:


    
        Sager om tilsyn tilføjes K08
        Sager om godkendelser tilføjes P19
        
    


Navngivningen af emnerne følger listen af godkendelsespligtige listevirksomheder i bilag 1 og 2 til godkendelsesbekendtgørelsen";1
"fee13a07-6ec4-481c-a437-36eff319b056";"83.06.03";"Linned";"Ingen beskrivelse";1
"feea7fd2-edc5-467f-a25d-5528a51349c9";"09.16.00";"Kemiske stoffer, produkter og bekæmpelsesmidler i almindelighed";"Kommunalbestyrelsen bistår Miljøstyrelsen ved tilsyn og kontrol med reglerne om opbevaring og anvendelse af bekæmpelsesmidler hos erhvervsmæssige brugere samt overholdelse af opbevarings- og mærkningsreglerne hos detailhandlere mv.

Kommunalbestyrelsen fører selv tilsyn med:


    
        Begrænsning i eller forbud mod anvendelse af godkendelsespligtige stoffer og produkter på bestemte arealer
        At erhvervsmæssig anvendelse af bekæmpelsesmidler kun foretages af personer, der har modtaget undervisning i anvendelsen af disse midler
        Journalføring over den erhvervsmæssige brug af bekæmpelsesmidler";1
"ff241e2b-01a6-46d8-a16e-8a0b24f39b2b";"03.02.10";"Finansiering og grundkapital - almene boliger";"Emnet dækker bl.a. sager om:


    
        Finansieringen af alment boligbyggeri, herunder også sager om ungdomsboligbidrag.
        Kommunalt tilsagn om grundkøbslån til etablering af almene boliger i kommuner med stor befolkningstilvækst.
        Kommunal garantistillelse i forbindelse med nybyggeri og renovering.
        Kommunalbestyrelsens godkendelse af merinvesteringer ved nye lavenergiboliger.
        
    


Henvisning til relevante facetter:


    
        Konkrete sager om godkendelse af anskaffelsessum tilføjes facet P19.
        Ansøgning om statslige puljer tilføjes facet Ø34.
        
    


Henvisning til andre emner:


    
        Tilsyn med garantistillelsen journaliseres med emnenr. 03.11.08 og facet K08.
        
    


Emnet erstatter tidligere facet Ø52.";1
"ff247aeb-d16e-11ee-8795-0050c2490048";"23.25.45";"Behandling af billeder, databehandling";"Emnet dækker bl.a. sager om:


    
        Databehandling ifm offentliggørelse af billeder.
        Samtykke til brug af billeder efter databeskyttelsesforordningen, hvis det oprettes som selvstændig sag/registreres selvstændigt.
        Tilbagekaldelse af samtykke til brug af billeder.
        
    


Historik:


    
        Emnet er flyttet fra 85.10.30 pr. feb. 2024.";1
"ff3e5153-337a-44bd-b6d3-d1f935b6a5b6";"27.15.00";"Brugerinddragelse, rådgivende samarbejdsorganer m.v. i almindelighed";"Ingen beskrivelse";1
"ff756ae7-65b3-4946-b94b-cc75ce771f62";"02";"Byggeri";"Hovedgruppe 02 omfatter bl.a. sager, der administreres/behandles i henhold til følgende lovgivning:


    
        LBK af beredskabsloven (Beredskabsloven)
        LBK af byggeloven (Byggeloven)
        LBK om bygnings- og boligregistrering (BBR-loven)
        LBK om hegn (Hegnsloven)
        BEK om brandværnsforanstaltninger for aftrækssystemer og fyringsanlæg (skorstensfejerbekendtgørelsen)
        BEK om bygningsreglement 2018 (BR18)
        BEK om certificeringsordning for transportable konstruktioner
        BEK om tilgængelighedsforanstaltninger i forbindelse med ombygninger i eksisterende byggeri
        BEK om videregivelse af data fra Bygnings- og Boligregistret (BBR) og øvrige ejendomsdata (OIS-bekendtgørelsen)
        Cirkulære om kommunale parkeringsfonde";1
"ffc70269-5716-468e-994b-2b2eea4d10f7";"27.36.20";"Tildeling af personlig hjælp og pleje m.v. (visitation)";"Emnet dækker sager om:


    
        Tildeling af personlig hjælp og pleje
        Visitation, herunder den konkrete individuelle vurdering og afgørelsen om tildeling af hjælp
        
    


Henvisning til andre relevante emner:


    
        Sager om leveringen af hjælpen, emnenr. 27.36.04
        Sager om frit valg og godkendelse af leverandører af personlig og praktisk hjælp, se emnenr. 27.39.04";1
"ffe69e1c-eca5-4536-962e-53f7511f342d";"00.15.01";"Forvaltningsstruktur";"Emnet dækker bl.a. sager om ændringer i kommunens forvaltningsstruktur, fx:


    
        sammenlægning eller opdeling af forvaltninger
        organisering af borgerservice, beskæftigelsesindsats mv.
        oprettelse af tværgående teams
        
    


Henvisning til andre relevante emner:


    
        Sager om decentralisering/selvforvaltning fx ift. institutioner, se emnenr. 00.15.02.";1
